id,name,objectType,typeName,typeExplicitlySet,hitboxWidth_m_width,hitboxHeight_m_height,objectRadius,isSolidFlag,isPassable,spriteWidthScale,spriteHeightScale,defaultZOrder,defaultZLayer,isPortalObject,isSpecialObject,hasSepcialChild,isRotationAligned,hasNoGlow,dontFadeTinted,isTintObject,isSolidColorBlock,useSpecialLight
1,Black Gradient Square,0,Solid,0,0.0,0.0,0.0,0,0,,,0,5,0,0,0,0,0,0,1,0,0
2,Grid Patterned Top Square,0,Solid,0,0.0,0.0,0.0,0,0,,,0,5,0,0,0,0,0,0,1,0,0
3,Grid Patterned Outer Corner Square,0,Solid,0,0.0,0.0,0.0,0,0,,,0,5,0,0,0,0,0,0,1,0,0
4,Grid Patterned Inner Corner Square,0,Solid,0,0.0,0.0,0.0,0,0,,,0,5,0,0,0,0,0,0,1,0,0
5,Grid Patterned Inner Square,7,Decoration,1,0.0,0.0,0.0,0,0,,,-7,1,0,0,0,0,0,0,1,0,0
6,Grid Patterned Top Pillar Square,0,Solid,0,0.0,0.0,0.0,0,0,,,0,5,0,0,0,0,0,0,1,0,0
7,Grid Patterned Pillar Square,0,Solid,0,0.0,0.0,0.0,0,0,,,0,5,0,0,0,0,0,0,1,0,0
8,Black Gradient Spike,2,Hazard,1,30.0,30.0,0.0,0,0,0.2,0.4,0,5,0,0,0,0,0,0,1,0,0
9,Non-Colorable Spike Black Pit Hazard,2,Hazard,1,0.0,0.0,0.0,0,0,0.3,0.4,0,5,0,0,0,0,0,0,1,0,0
10,Blue Gravity Portal,4,NormalGravityPortal,1,0.0,0.0,0.0,0,0,,,10,5,1,1,0,0,0,0,0,0,0
11,Yellow Gravity Portal,3,InverseGravityPortal,1,0.0,0.0,0.0,0,0,,,10,5,1,1,0,0,0,0,0,0,0
12,Cube Portal,6,CubePortal,1,0.0,0.0,0.0,0,0,,,10,5,1,1,0,0,0,0,0,0,0
13,Ship Portal,5,ShipPortal,1,0.0,0.0,0.0,0,0,,,10,5,1,1,0,0,0,0,0,0,0
14,,0,Solid,0,0.0,0.0,0.0,0,0,,,0,5,0,0,0,0,0,0,1,0,0
15,Tall Rod,7,Decoration,1,0.0,0.0,0.0,0,0,,,-6,1,0,0,0,0,0,0,0,0,0
16,Medium Rod,7,Decoration,1,0.0,0.0,0.0,0,0,,,-6,1,0,0,0,0,0,0,0,0,0
17,Short Rod,7,Decoration,1,0.0,0.0,0.0,0,0,,,-6,1,0,0,0,0,0,0,0,0,0
18,Large Decorative Spikes,7,Decoration,1,0.0,0.0,0.0,0,0,,,9,3,0,0,0,0,0,0,0,0,0
19,Medium Decorative Spikes,7,Decoration,1,0.0,0.0,0.0,0,0,,,9,3,0,0,0,0,0,0,0,0,0
20,Small Decorative Spikes,7,Decoration,1,0.0,0.0,0.0,0,0,,,9,3,0,0,0,0,0,0,0,0,0
21,Very Small Decorative Spikes,7,Decoration,1,0.0,0.0,0.0,0,0,,,9,3,0,0,0,0,0,0,0,0,0
22,No Enter Effect,20,Modifier,1,30.0,30.0,0.0,0,0,,,0,5,1,0,0,0,0,0,0,0,0
23,Fade Bottom Enter Effect,20,Modifier,1,30.0,30.0,0.0,0,0,,,0,5,1,0,0,0,0,0,0,0,0
24,Fade Top Enter Effect,20,Modifier,1,30.0,30.0,0.0,0,0,,,0,5,1,0,0,0,0,0,0,0,0
25,Fade Left Enter Effect,20,Modifier,1,30.0,30.0,0.0,0,0,,,0,5,1,0,0,0,0,0,0,0,0
26,Fade Right Enter Effect,20,Modifier,1,30.0,30.0,0.0,0,0,,,0,5,1,0,0,0,0,0,0,0,0
27,Small to Big Enter Effect,20,Modifier,1,30.0,30.0,0.0,0,0,,,0,5,1,0,0,0,0,0,0,0,0
28,Big to Small Enter Effect,20,Modifier,1,30.0,30.0,0.0,0,0,,,0,5,1,0,0,0,0,0,0,0,0
29,,20,Modifier,1,30.0,30.0,0.0,0,0,,,0,5,1,0,0,0,0,0,0,0,0
30,,20,Modifier,1,30.0,30.0,0.0,0,0,,,0,5,1,0,0,0,0,0,0,0,0
31,Start Position,20,Modifier,1,30.0,30.0,0.0,0,0,,,0,5,1,0,0,0,0,0,0,0,0
32,Enable Ghost Trail,20,Modifier,1,30.0,30.0,0.0,0,0,,,0,5,1,0,0,0,0,0,0,0,0
33,Disable Ghost Trail,20,Modifier,1,30.0,30.0,0.0,0,0,,,0,5,1,0,0,0,0,0,0,0,0
34,1.0 Level End Trigger,0,Solid,0,0.0,0.0,0.0,0,0,,,0,5,1,0,0,0,0,0,1,0,0
35,Yellow Jump Pad,8,YellowJumpPad,1,0.0,0.0,0.0,0,0,,,12,3,0,1,0,0,0,0,0,0,0
36,Yellow Jump Orb,11,YellowJumpRing,1,30.0,30.0,0.0,0,0,1.2,1.2,12,3,0,1,0,0,0,0,0,0,0
37,,7,Decoration,1,0.0,0.0,0.0,0,0,,,10,3,0,0,0,0,0,0,0,0,0
38,,7,Decoration,1,0.0,0.0,0.0,0,0,,,0,5,0,0,0,0,0,0,0,0,0
39,Half Black Gradient Spike,2,Hazard,1,0.0,0.0,0.0,0,0,0.2,0.4,0,5,0,0,0,0,0,0,1,0,0
40,Black Gradient Single Slab,0,Solid,0,0.0,0.0,0.0,0,0,,,0,5,0,0,0,0,0,0,1,0,0
41,Tall Chain,7,Decoration,1,0.0,0.0,0.0,0,0,,,9,3,0,0,0,0,0,0,0,0,0
42,,0,Solid,0,0.0,0.0,0.0,0,0,,,0,5,0,0,0,0,0,0,1,0,0
43,,0,Solid,0,0.0,0.0,0.0,0,0,,,0,5,0,0,0,0,0,0,1,0,0
44,,7,Decoration,1,0.0,0.0,0.0,0,0,,,3,5,1,0,0,0,0,0,0,0,0
45,Orange Mirror Portal,14,InverseMirrorPortal,1,0.0,0.0,0.0,0,0,,,10,5,1,1,0,0,0,0,0,0,0
46,Blue Mirror Portal,15,NormalMirrorPortal,1,0.0,0.0,0.0,0,0,,,10,5,1,1,0,0,0,0,0,0,0
47,Ball Portal,16,BallPortal,1,0.0,0.0,0.0,0,0,,,10,5,1,1,0,0,0,0,0,0,0
48,Large Fading Cloud,7,Decoration,1,0.0,0.0,0.0,0,0,,,9,3,0,0,0,0,0,0,0,0,0
49,Small Fading Cloud,7,Decoration,1,0.0,0.0,0.0,0,0,,,9,3,0,0,0,0,0,0,0,0,0
50,Pulsing Filled Circle,7,Decoration,1,0.0,0.0,0.0,0,0,,,9,3,0,0,0,0,0,0,0,0,0
51,Pulsing Circle,7,Decoration,1,0.0,0.0,0.0,0,0,,,9,3,0,0,0,0,0,0,0,0,0
52,Pulsing Heart,7,Decoration,1,0.0,0.0,0.0,0,0,,,9,3,0,0,0,0,0,0,0,0,0
53,Pulsing Diamond,7,Decoration,1,0.0,0.0,0.0,0,0,,,9,3,0,0,0,0,0,0,0,0,0
54,Pulsing Star,7,Decoration,1,0.0,0.0,0.0,0,0,,,9,3,0,0,0,0,0,0,0,0,0
55,Chaotic Enter Effect,20,Modifier,1,30.0,30.0,0.0,0,0,,,0,5,1,0,0,0,0,0,0,0,0
56,Halve Left Enter Effect,20,Modifier,1,30.0,30.0,0.0,0,0,,,0,5,1,0,0,0,0,0,0,0,0
57,Halve Right Enter Effect,20,Modifier,1,30.0,30.0,0.0,0,0,,,0,5,1,0,0,0,0,0,0,0,0
58,Halve Enter Effect,20,Modifier,1,30.0,30.0,0.0,0,0,,,0,5,1,0,0,0,0,0,0,0,0
59,Inverse Halve Enter Effect,20,Modifier,1,30.0,30.0,0.0,0,0,,,0,5,1,0,0,0,0,0,0,0,0
60,Pulsing Music Note,7,Decoration,1,0.0,0.0,0.0,0,0,,,9,3,0,0,0,0,0,0,0,0,0
61,Non-Colorable Wavy Black Pit Hazard,2,Hazard,1,0.0,0.0,0.0,0,0,0.3,0.4,0,5,0,0,0,0,0,0,1,0,0
62,Wavy Black Slab,0,Solid,0,0.0,0.0,0.0,0,0,,,0,5,0,0,0,0,0,0,1,0,0
63,Wavy Black Slab Outer Corner,0,Solid,0,0.0,0.0,0.0,0,0,,,0,5,0,0,0,0,0,0,1,0,0
64,Wavy Black Slab Inner Corner,0,Solid,0,0.0,0.0,0.0,0,0,,,0,5,0,0,0,0,0,0,1,0,0
65,Wavy Black Slab Right Edge,0,Solid,0,0.0,0.0,0.0,0,0,,,0,5,0,0,0,0,0,0,1,0,0
66,Wavy Black Slab Left Edge,0,Solid,0,0.0,0.0,0.0,0,0,,,0,5,0,0,0,0,0,0,1,0,0
67,Blue Gravity Pad,10,GravityPad,1,0.0,0.0,0.0,0,0,,,12,3,0,1,0,0,0,0,0,0,0
68,Wavy Black Single Slab,0,Solid,0,0.0,0.0,0.0,0,0,,,0,5,0,0,0,0,0,0,1,0,0
69,Cross Black Square,0,Solid,0,30.0,30.0,0.0,0,0,,,0,5,0,0,0,0,0,0,1,0,0
70,Beveled Top Square,0,Solid,0,30.0,30.0,0.0,0,0,,,0,5,0,0,0,0,0,0,1,0,0
71,Beveled Outer Corner Square,0,Solid,0,30.0,30.0,0.0,0,0,,,0,5,0,0,0,0,0,0,1,0,0
72,Beveled Inner Corner Square,0,Solid,0,30.0,30.0,0.0,0,0,,,0,5,0,0,0,0,0,0,1,0,0
73,Beveled Inner Square,7,Decoration,1,30.0,30.0,0.0,0,0,,,-7,1,0,0,0,0,0,0,1,0,0
74,Beveled Top Pillar Square,0,Solid,0,30.0,30.0,0.0,0,0,,,0,5,0,0,0,0,0,0,1,0,0
75,Beveled Pillar Square,0,Solid,0,30.0,30.0,0.0,0,0,,,0,5,0,0,0,0,0,0,1,0,0
76,Mechanical Square,0,Solid,0,30.0,30.0,0.0,0,0,,,0,5,0,0,0,0,0,0,1,0,0
77,Mechanical Top Square,0,Solid,0,30.0,30.0,0.0,0,0,,,0,5,0,0,0,0,0,0,1,0,0
78,Mechanical Outer Corner Square,0,Solid,0,30.0,30.0,0.0,0,0,,,0,5,0,0,0,0,0,0,1,0,0
79,,0,Solid,0,0.0,0.0,0.0,0,0,,,0,5,0,0,0,0,0,0,1,0,0
80,Mechanical Inner Square,7,Decoration,1,30.0,30.0,0.0,0,0,,,-7,1,0,0,0,0,0,0,1,0,0
81,Mechanical Top Pillar Square,0,Solid,0,30.0,30.0,0.0,0,0,,,0,5,0,0,0,0,0,0,1,0,0
82,Mechanical Pillar Square,0,Solid,0,30.0,30.0,0.0,0,0,,,0,5,0,0,0,0,0,0,1,0,0
83,Grid Patterned Square,0,Solid,0,0.0,0.0,0.0,0,0,,,0,5,0,0,0,0,0,0,1,0,0
84,Blue Gravity Orb,13,GravityRing,1,30.0,30.0,0.0,0,0,1.2,1.2,12,3,0,1,0,0,0,0,0,0,0
85,Large Decorative Gear,0,Solid,0,0.0,0.0,0.0,0,0,,,0,5,0,0,0,0,0,0,1,0,0
86,Medium Decorative Gear,0,Solid,0,0.0,0.0,0.0,0,0,,,0,5,0,0,0,0,0,0,1,0,0
87,Small Decorative Gear,0,Solid,0,0.0,0.0,0.0,0,0,,,0,5,0,0,0,0,0,0,1,0,0
88,Large Black Sawblade,0,Solid,0,0.0,0.0,0.0,0,0,,,0,5,0,0,0,0,0,0,1,0,0
89,Medium Black Sawblade,0,Solid,0,0.0,0.0,0.0,0,0,,,0,5,0,0,0,0,0,0,1,0,0
90,Black Square,0,Solid,1,30.0,30.0,0.0,1,0,,,0,5,0,0,0,0,0,0,1,0,0
91,Black Top Square,0,Solid,1,30.0,30.0,0.0,1,0,,,0,5,0,0,0,0,0,0,1,0,0
92,Black Outer Corner Square,0,Solid,1,30.0,30.0,0.0,1,0,,,0,5,0,0,0,0,0,0,1,0,0
93,Black Inner Corner Square,0,Solid,1,30.0,30.0,0.0,1,0,,,0,5,0,0,0,0,0,0,1,0,0
94,Black Inner Square,0,Solid,1,0.0,0.0,0.0,1,0,,,1,5,0,0,0,0,0,0,1,0,0
95,Black Top Pillar Square,0,Solid,1,30.0,30.0,0.0,1,0,,,0,5,0,0,0,0,0,0,1,0,0
96,Black Pillar Square,0,Solid,1,30.0,30.0,0.0,1,0,,,0,5,0,0,0,0,0,0,1,0,0
97,Very Small Decorative Gear,0,Solid,0,0.0,0.0,0.0,0,0,,,0,5,0,0,0,0,0,0,1,0,0
98,Small Black Sawblade,0,Solid,0,0.0,0.0,0.0,0,0,,,0,5,0,0,0,0,0,0,1,0,0
99,Green Size Portal,17,RegularSizePortal,1,0.0,0.0,0.0,0,0,,,10,5,1,1,0,0,0,0,0,0,0
100,,0,Solid,0,0.0,0.0,0.0,0,0,,,0,5,0,0,0,0,0,0,1,0,0
101,Pink Size Portal,18,MiniSizePortal,1,0.0,0.0,0.0,0,0,,,10,5,1,1,0,0,0,0,0,0,0
102,,0,Solid,0,0.0,0.0,0.0,0,0,,,0,5,0,0,0,0,0,0,1,0,0
103,Small Black Gradient Spike,2,Hazard,1,0.0,0.0,0.0,0,0,0.2,0.4,0,5,0,0,0,0,0,0,1,0,0
104,,0,Solid,0,0.0,0.0,0.0,0,0,,,0,5,0,0,0,0,0,0,1,0,0
105,,20,Modifier,1,30.0,30.0,0.0,0,0,,,0,5,1,0,0,0,0,0,0,0,0
106,Large Wide Chain,7,Decoration,1,0.0,0.0,0.0,0,0,,,9,3,0,0,0,0,0,0,0,0,0
107,Small Wide Chain,7,Decoration,1,0.0,0.0,0.0,0,0,,,9,3,0,0,0,0,0,0,0,0,0
108,,0,Solid,0,0.0,0.0,0.0,0,0,,,0,5,0,0,0,0,0,0,1,0,0
109,,0,Solid,0,0.0,0.0,0.0,0,0,,,0,5,0,0,0,0,0,0,1,0,0
110,Small Chain,7,Decoration,1,0.0,0.0,0.0,0,0,,,9,3,0,0,0,0,0,0,0,0,0
111,UFO Portal,19,UfoPortal,1,0.0,0.0,0.0,0,0,,,10,5,1,1,0,0,0,0,0,0,0
112,,0,Solid,0,0.0,0.0,0.0,0,0,,,0,5,0,0,0,0,0,0,1,0,0
113,Large Decorative Bricks,7,Decoration,1,0.0,0.0,0.0,0,0,,,9,3,0,0,0,0,0,0,0,0,0
114,Medium Decorative Bricks,7,Decoration,1,0.0,0.0,0.0,0,0,,,9,3,0,0,0,0,0,0,0,0,0
115,Small Decorative Bricks,7,Decoration,1,0.0,0.0,0.0,0,0,,,9,3,0,0,0,0,0,0,0,0,0
116,Brick Square,0,Solid,0,0.0,0.0,0.0,0,0,,,0,5,0,0,0,0,0,0,1,0,0
117,Brick Top Square,0,Solid,0,0.0,0.0,0.0,0,0,,,0,5,0,0,0,0,0,0,1,0,0
118,Brick Outer Corner Square,0,Solid,0,0.0,0.0,0.0,0,0,,,0,5,0,0,0,0,0,0,1,0,0
119,Brick Inner Corner Square,0,Solid,0,30.0,30.0,0.0,0,0,,,0,5,0,0,0,0,0,0,1,0,0
120,Brick Inner Square,7,Decoration,1,0.0,0.0,0.0,0,0,,,-7,1,0,0,0,0,0,0,1,0,0
121,Brick Top Pillar Square,0,Solid,0,0.0,0.0,0.0,0,0,,,0,5,0,0,0,0,0,0,1,0,0
122,Brick Pillar Square,0,Solid,0,0.0,0.0,0.0,0,0,,,0,5,0,0,0,0,0,0,1,0,0
123,Large Decorative Thorn,7,Decoration,1,0.0,0.0,0.0,0,0,,,1,3,0,0,0,0,0,0,0,0,0
124,Medium-Large Decorative Thorn,7,Decoration,1,0.0,0.0,0.0,0,0,,,1,3,0,0,0,0,0,0,0,0,0
125,Medium-Small Decorative Thorn,7,Decoration,1,0.0,0.0,0.0,0,0,,,1,3,0,0,0,0,0,0,0,0,0
126,Small Decorative Thorn,7,Decoration,1,0.0,0.0,0.0,0,0,,,1,3,0,0,0,0,0,0,0,0,0
127,Very Small Decorative Thorn,7,Decoration,1,0.0,0.0,0.0,0,0,,,1,3,0,0,0,0,0,0,0,0,0
128,Very Large Decorative Thorn,7,Decoration,1,0.0,0.0,0.0,0,0,,,1,3,0,0,0,0,0,0,0,0,0
129,Medium Cloud,7,Decoration,1,0.0,0.0,0.0,0,0,,,9,3,0,0,0,0,0,0,0,0,0
130,Large Cloud,7,Decoration,1,0.0,0.0,0.0,0,0,,,9,3,0,0,0,0,0,0,0,0,0
131,Small Cloud,7,Decoration,1,0.0,0.0,0.0,0,0,,,9,3,0,0,0,0,0,0,0,0,0
132,Large Pulsing Arrow 1,7,Decoration,1,0.0,0.0,0.0,0,0,,,10,3,0,0,0,0,0,0,0,0,0
133,Pulsing Exclamation Point,7,Decoration,1,0.0,0.0,0.0,0,0,,,10,3,0,0,0,0,0,0,0,0,0
134,Small Diamond Rod,7,Decoration,1,0.0,0.0,0.0,0,0,,,9,3,0,0,0,0,0,0,0,0,0
135,Thorn Black Pit Hazard,2,Hazard,1,0.0,0.0,0.0,0,0,0.3,0.4,0,5,0,0,0,0,0,0,1,0,0
136,Pulsing Question Mark,7,Decoration,1,0.0,0.0,0.0,0,0,,,10,3,0,0,0,0,0,0,0,0,0
137,Large Wheel,0,Solid,0,0.0,0.0,0.0,0,0,,,0,5,0,0,0,0,0,0,1,0,0
138,Medium Wheel,0,Solid,0,0.0,0.0,0.0,0,0,,,0,5,0,0,0,0,0,0,1,0,0
139,Small Wheel,0,Solid,0,0.0,0.0,0.0,0,0,,,0,5,0,0,0,0,0,0,1,0,0
140,Pink Jump Pad,9,PinkJumpPad,1,0.0,0.0,0.0,0,0,,,12,3,0,1,0,0,0,0,0,0,0
141,Pink Jump Orb,12,PinkJumpRing,1,30.0,30.0,0.0,0,0,1.2,1.2,12,3,0,1,0,0,0,0,0,0,0
142,,0,Solid,0,0.0,0.0,0.0,0,0,,,0,5,0,0,0,0,0,0,1,0,0
143,Breakable Brick,21,Breakable,1,0.0,0.0,0.0,0,0,,,0,5,0,0,0,0,0,0,1,0,0
144,Invisible Spike,2,Hazard,1,0.0,0.0,0.0,0,0,0.2,0.4,0,5,0,0,0,0,0,0,1,0,0
145,Small Invisible Spike,2,Hazard,1,0.0,0.0,0.0,0,0,0.2,0.4,0,5,0,0,0,0,0,0,1,0,0
146,Invisible Square,0,Solid,1,0.0,0.0,0.0,0,0,,,0,5,0,0,0,0,0,0,1,0,0
147,Invisible Slab,0,Solid,1,0.0,0.0,0.0,0,0,,,0,5,0,0,0,0,0,0,1,0,0
148,Pulsing Square,7,Decoration,1,0.0,0.0,0.0,0,0,,,9,3,0,0,0,0,0,0,0,0,0
149,Pulsing Triangle,7,Decoration,1,0.0,0.0,0.0,0,0,,,9,3,0,0,0,0,0,0,0,0,0
150,Pulsing Cross,7,Decoration,1,0.0,0.0,0.0,0,0,,,10,3,0,0,0,0,0,0,0,0,0
151,Tall Spike Rod,7,Decoration,1,0.0,0.0,0.0,0,0,,,9,3,0,0,0,0,0,0,0,0,0
152,Medium Spike Rod,7,Decoration,1,0.0,0.0,0.0,0,0,,,9,3,0,0,0,0,0,0,0,0,0
153,Small Spike Rod,7,Decoration,1,0.0,0.0,0.0,0,0,,,9,3,0,0,0,0,0,0,0,0,0
154,Large Spike Wheel,0,Solid,0,0.0,0.0,0.0,0,0,,,0,5,0,0,0,0,0,0,1,0,0
155,Medium Spike Wheel,0,Solid,0,0.0,0.0,0.0,0,0,,,0,5,0,0,0,0,0,0,1,0,0
156,Small Spike Wheel,0,Solid,0,0.0,0.0,0.0,0,0,,,0,5,0,0,0,0,0,0,1,0,0
157,Wavy Decoration,7,Decoration,1,0.0,0.0,0.0,0,0,,,9,3,0,0,0,0,0,0,0,0,0
158,Wavy Decoration Left Edge,7,Decoration,1,0.0,0.0,0.0,0,0,,,9,3,0,0,0,0,0,0,0,0,0
159,Wavy Decoration Right Edge,7,Decoration,1,0.0,0.0,0.0,0,0,,,9,3,0,0,0,0,0,0,0,0,0
160,Solid Stripe Top Square,0,Solid,0,30.0,30.0,0.0,0,0,,,0,5,0,0,0,0,0,0,1,0,0
161,Solid Stripe Top Square,0,Solid,0,30.0,30.0,0.0,0,0,,,0,5,0,0,0,0,0,0,1,0,0
162,Solid Stripe Outer Corner Square,0,Solid,0,30.0,30.0,0.0,0,0,,,0,5,0,0,0,0,0,0,1,0,0
163,Solid Inner Corner Square,0,Solid,0,30.0,30.0,0.0,0,0,,,0,5,0,0,0,0,0,0,1,0,0
164,Old Stripe Top Square,7,Decoration,1,0.0,0.0,0.0,0,0,,,-7,1,0,0,0,0,0,0,1,0,0
165,Solid Stripe Top Pillar Square,0,Solid,0,30.0,30.0,0.0,0,0,,,0,5,0,0,0,0,0,0,1,0,0
166,Solid Stripe Pillar Square,0,Solid,0,30.0,30.0,0.0,0,0,,,0,5,0,0,0,0,0,0,1,0,0
167,Solid Stripe Pillar/Top Square,0,Solid,0,30.0,30.0,0.0,0,0,,,0,5,0,0,0,0,0,0,1,0,0
168,Solid Stripe Single Square,0,Solid,0,30.0,30.0,0.0,0,0,,,0,5,0,0,0,0,0,0,1,0,0
169,Solid Stripe Checkered 1 Square,0,Solid,0,30.0,30.0,0.0,0,0,,,0,5,0,0,0,0,0,0,1,0,0
170,Metal Slab Outer Corner,0,Solid,0,0.0,0.0,0.0,0,0,,,0,5,0,0,0,0,0,0,1,0,0
171,Metal Slab End Short Connection,0,Solid,0,0.0,0.0,0.0,0,0,,,0,5,0,0,0,0,0,0,1,0,0
172,Metal Slab End Full Connection,0,Solid,0,0.0,0.0,0.0,0,0,,,0,5,0,0,0,0,0,0,1,0,0
173,Metal Slab Outer Corner,0,Solid,0,0.0,0.0,0.0,0,0,,,0,5,0,0,0,0,0,0,1,0,0
174,Three-Quarters Width Metal Slab Inner Corner,0,Solid,0,0.0,0.0,0.0,0,0,,,0,5,0,0,0,0,0,0,1,0,0
175,Metal Block,0,Solid,0,0.0,0.0,0.0,0,0,,,0,5,0,0,0,0,0,0,1,0,0
176,Small Metal Block,0,Solid,0,0.0,0.0,0.0,0,0,,,0,5,0,0,0,0,0,0,1,0,0
177,Ice Spike,2,Hazard,1,0.0,0.0,0.0,0,0,0.2,0.4,0,5,0,0,0,0,0,0,1,0,0
178,Half Ice Spike,2,Hazard,1,0.0,0.0,0.0,0,0,0.2,0.4,0,5,0,0,0,0,0,0,1,0,0
179,Small Ice Spike,2,Hazard,1,0.0,0.0,0.0,0,0,0.2,0.4,0,5,0,0,0,0,0,0,1,0,0
180,Large Cartwheel,0,Solid,0,0.0,0.0,0.0,0,0,,,0,5,0,0,0,0,0,0,1,0,0
181,Medium Cartwheel,0,Solid,0,0.0,0.0,0.0,0,0,,,0,5,0,0,0,0,0,0,1,0,0
182,Small Cartwheel,0,Solid,0,0.0,0.0,0.0,0,0,,,0,5,0,0,0,0,0,0,1,0,0
183,Large Blade,0,Solid,0,0.0,0.0,0.0,0,0,,,0,5,0,0,0,0,0,0,1,0,0
184,Medium Blade,0,Solid,0,0.0,0.0,0.0,0,0,,,0,5,0,0,0,0,0,0,1,0,0
185,Small Blade,0,Solid,0,0.0,0.0,0.0,0,0,,,0,5,0,0,0,0,0,0,1,0,0
186,Large Outline Blade,0,Solid,0,0.0,0.0,0.0,0,0,,,0,5,0,0,0,0,0,0,1,0,0
187,Medium Outline Blade,0,Solid,0,0.0,0.0,0.0,0,0,,,0,5,0,0,0,0,0,0,1,0,0
188,Small Outline Blade,0,Solid,0,0.0,0.0,0.0,0,0,,,0,5,0,0,0,0,0,0,1,0,0
189,,0,Solid,0,0.0,0.0,0.0,0,0,,,0,5,0,0,0,0,0,0,1,0,0
190,Tall Diamond Rod,7,Decoration,1,0.0,0.0,0.0,0,0,,,9,3,0,0,0,0,0,0,0,0,0
191,Fake Black Spike,7,Decoration,1,0.0,0.0,0.0,0,0,,,-4,1,0,0,0,0,0,0,1,0,0
192,Single Metal Slab,0,Solid,0,0.0,0.0,0.0,0,0,,,0,5,0,0,0,0,0,0,1,0,0
193,Old Stripe Inner Square,7,Decoration,1,0.0,0.0,0.0,0,0,,,-7,1,0,0,0,0,0,0,1,0,0
194,Metal Slab Inner Corner,0,Solid,0,0.0,0.0,0.0,0,0,,,0,5,0,0,0,0,0,0,1,0,0
195,Black Gradient Small Square,0,Solid,0,0.0,0.0,0.0,0,0,,,0,5,0,0,0,0,0,0,1,0,0
196,Black Gradient Small Slab,0,Solid,0,0.0,0.0,0.0,0,0,,,0,5,0,0,0,0,0,0,1,0,0
197,Three-Quarters Width Metal Slab,0,Solid,0,0.0,0.0,0.0,0,0,,,0,5,0,0,0,0,0,0,1,0,0
198,Fake Black Half Spike,7,Decoration,1,0.0,0.0,0.0,0,0,,,-4,1,0,0,0,0,0,0,1,0,0
199,Fake Black Small Spike,7,Decoration,1,0.0,0.0,0.0,0,0,,,-4,1,0,0,0,0,0,0,1,0,0
200,Yellow Slow Speed Portal,20,Modifier,1,0.0,0.0,0.0,0,0,,,-6,4,1,1,0,0,0,0,0,0,0
201,Blue Normal Speed Portal,20,Modifier,1,0.0,0.0,0.0,0,0,,,-6,4,1,1,0,0,0,0,0,0,0
202,Green Fast Speed Portal,20,Modifier,1,0.0,0.0,0.0,0,0,,,-6,4,1,1,0,0,0,0,0,0,0
203,Pink Fast Speed Portal,20,Modifier,1,0.0,0.0,0.0,0,0,,,-6,4,1,1,0,0,0,0,0,0,0
204,Invisible Small Slab,0,Solid,1,0.0,0.0,0.0,0,0,,,0,5,0,0,0,0,0,0,1,0,0
205,Invisible Half Spike,2,Hazard,1,0.0,0.0,0.0,0,0,0.2,0.4,0,5,0,0,0,0,0,0,1,0,0
206,Invisible Small Square,0,Solid,1,0.0,0.0,0.0,0,0,,,0,5,0,0,0,0,0,0,1,0,0
207,Colored Square,0,Solid,1,30.0,30.0,0.0,1,0,,,0,5,0,0,0,0,0,1,1,0,0
208,Colored Top Square,0,Solid,1,30.0,30.0,0.0,1,0,,,0,5,0,0,0,0,0,1,1,0,0
209,Colored Outer Corner Square,0,Solid,1,30.0,30.0,0.0,1,0,,,0,5,0,0,0,0,0,1,1,0,0
210,Colored Inner Corner Square,0,Solid,1,30.0,30.0,0.0,1,0,,,0,5,0,0,0,0,0,1,1,0,0
211,Colored Inner Square,7,Decoration,1,0.0,0.0,0.0,1,0,,,-7,1,0,0,0,0,0,1,0,0,0
212,Colored Top Pillar Square,0,Solid,1,30.0,30.0,0.0,1,0,,,0,5,0,0,0,0,0,1,1,0,0
213,Colored Pillar Square,0,Solid,1,30.0,30.0,0.0,1,0,,,0,5,0,0,0,0,0,1,1,0,0
214,,0,Solid,0,0.0,0.0,0.0,0,0,,,0,5,0,0,0,0,0,0,1,0,0
215,Colored Slab,0,Solid,0,0.0,0.0,0.0,0,0,,,0,5,0,0,0,0,0,0,1,0,0
216,Colored Spike,2,Hazard,1,0.0,0.0,0.0,0,0,0.2,0.4,0,5,0,0,0,0,0,0,1,0,0
217,Colored Half Spike,2,Hazard,1,0.0,0.0,0.0,0,0,0.2,0.4,0,5,0,0,0,0,0,0,1,0,0
218,Colored Small Spike,2,Hazard,1,0.0,0.0,0.0,0,0,0.2,0.4,0,5,0,0,0,0,0,0,1,0,0
219,Colored Small Slab,0,Solid,0,0.0,0.0,0.0,0,0,,,0,5,0,0,0,0,0,0,1,0,0
220,Colored Small Square,0,Solid,0,0.0,0.0,0.0,0,0,,,0,5,0,0,0,0,0,0,1,0,0
221,,0,Solid,0,0.0,0.0,0.0,0,0,,,0,5,1,0,0,0,0,0,1,0,0
222,Large Round Cloud,0,Solid,0,0.0,0.0,0.0,0,0,,,0,5,0,0,0,0,0,0,1,0,0
223,Medium Round Cloud,0,Solid,0,0.0,0.0,0.0,0,0,,,0,5,0,0,0,0,0,0,1,0,0
224,Small Round Cloud,0,Solid,0,0.0,0.0,0.0,0,0,,,0,5,0,0,0,0,0,0,1,0,0
225,Curved Pipe,7,Decoration,1,0.0,0.0,0.0,0,0,,,9,3,0,0,0,0,0,0,0,0,0
226,Corner Curved Pipe,7,Decoration,1,0.0,0.0,0.0,0,0,,,9,3,0,0,0,0,0,0,0,0,0
227,Angled Highlight,7,Decoration,1,0.0,0.0,0.0,0,0,,,9,3,0,0,0,0,0,0,0,0,0
228,Inner Corner Angled Highlight,7,Decoration,1,0.0,0.0,0.0,0,0,,,9,3,0,0,0,0,0,0,0,0,0
229,Large Hexagon Pipe,7,Decoration,1,0.0,0.0,0.0,0,0,,,9,3,0,0,0,0,0,0,0,0,0
230,Corner Large Hexagon Pipe,7,Decoration,1,0.0,0.0,0.0,0,0,,,9,3,0,0,0,0,0,0,0,0,0
231,Small Hexagon Pipe,7,Decoration,1,0.0,0.0,0.0,0,0,,,9,3,0,0,0,0,0,0,0,0,0
232,Corner Small Hexagon Pipe,7,Decoration,1,0.0,0.0,0.0,0,0,,,9,3,0,0,0,0,0,0,0,0,0
233,Decorative Light Bricks,7,Decoration,1,0.0,0.0,0.0,0,0,,,9,3,0,0,0,0,0,0,0,0,0
234,Decorative Light Bricks Slab,7,Decoration,1,0.0,0.0,0.0,0,0,,,9,3,0,0,0,0,0,0,0,0,0
235,Decorative Light Brick Edge,7,Decoration,1,0.0,0.0,0.0,0,0,,,9,3,0,0,0,0,0,0,0,0,0
236,Large Pulsing Hollow Circle,7,Decoration,1,0.0,0.0,0.0,0,0,,,10,3,0,0,0,0,0,0,0,0,0
237,Straight Square Pipe,7,Decoration,1,0.0,0.0,0.0,0,0,,,9,3,0,0,0,0,0,0,0,0,0
238,Corner Square Pipe,7,Decoration,1,0.0,0.0,0.0,0,0,,,9,3,0,0,0,0,0,0,0,0,0
239,Three-Sided Square Pipe,7,Decoration,1,0.0,0.0,0.0,0,0,,,9,3,0,0,0,0,0,0,0,0,0
240,Four-Sided Square Pipe,7,Decoration,1,0.0,0.0,0.0,0,0,,,9,3,0,0,0,0,0,0,0,0,0
241,One-Sided Square Pipe,7,Decoration,1,0.0,0.0,0.0,0,0,,,9,3,0,0,0,0,0,0,0,0,0
242,Outer Corner Angled Highlight,7,Decoration,1,0.0,0.0,0.0,0,0,,,9,3,0,0,0,0,0,0,0,0,0
243,Non-Colorable Wavy Black Pit Right Edge Hazard,2,Hazard,1,0.0,0.0,0.0,0,0,0.2,0.4,0,5,0,0,0,0,0,0,1,0,0
244,Non-Colorable Wavy Black Pit Left Edge Hazard,2,Hazard,1,0.0,0.0,0.0,0,0,0.2,0.4,0,5,0,0,0,0,0,0,1,0,0
245,Decorative Black Bricks,7,Decoration,1,0.0,0.0,0.0,0,0,,,-7,1,0,0,0,0,0,0,1,0,0
246,Decorative Black Brick Edge,7,Decoration,1,0.0,0.0,0.0,0,0,,,-7,1,0,0,0,0,0,0,1,0,0
247,Colored Grid Patterned Square,0,Solid,1,30.0,30.0,0.0,0,0,,,0,5,0,0,0,0,0,0,1,0,0
248,Colored Grid Patterned Top Square,0,Solid,1,30.0,30.0,0.0,0,0,,,0,5,0,0,0,0,0,0,1,0,0
249,Colored Grid Patterned Outer Corner Square,0,Solid,1,30.0,30.0,0.0,0,0,,,0,5,0,0,0,0,0,0,1,0,0
250,Colored Grid Patterned Inner Corner Square,0,Solid,1,30.0,30.0,0.0,0,0,,,0,5,0,0,0,0,0,0,1,0,0
251,Colored Grid Patterned Inner Square,7,Decoration,1,0.0,0.0,0.0,0,0,,,-7,1,0,0,0,0,0,0,0,0,0
252,Colored Grid Patterned Top Pillar Square,0,Solid,1,30.0,30.0,0.0,0,0,,,0,5,0,0,0,0,0,0,1,0,0
253,Colored Grid Patterned Pillar Square,0,Solid,1,30.0,30.0,0.0,0,0,,,0,5,0,0,0,0,0,0,1,0,0
254,Colored Grid Patterned Two Adjacent Corners Square,0,Solid,1,30.0,30.0,0.0,0,0,,,0,5,0,0,0,0,0,0,1,0,0
255,Colored Beveled Square,0,Solid,1,30.0,30.0,0.0,0,0,,,0,5,0,0,0,0,0,0,1,0,0
256,Colored Beveled Top Square,0,Solid,1,30.0,30.0,0.0,0,0,,,0,5,0,0,0,0,0,0,1,0,0
257,Colored Beveled Outer Corner Square,0,Solid,1,30.0,30.0,0.0,0,0,,,0,5,0,0,0,0,0,0,1,0,0
258,Colored Beveled Inner Corner Square,0,Solid,1,30.0,30.0,0.0,0,0,,,0,5,0,0,0,0,0,0,1,0,0
259,Colored Beveled Inner Square,7,Decoration,1,0.0,0.0,0.0,0,0,,,-7,1,0,0,0,0,0,0,0,0,0
260,Colored Beveled Top Pillar Square,0,Solid,1,30.0,30.0,0.0,0,0,,,0,5,0,0,0,0,0,0,1,0,0
261,Colored Beveled Pillar Square,0,Solid,1,30.0,30.0,0.0,0,0,,,0,5,0,0,0,0,0,0,1,0,0
262,,0,Solid,0,0.0,0.0,0.0,0,0,,,0,5,0,0,0,0,0,0,1,0,0
263,Mechanical Colored Square,0,Solid,1,30.0,30.0,0.0,0,0,,,0,5,0,0,0,0,0,0,1,0,0
264,Mechanical Colored Top Square,0,Solid,1,30.0,30.0,0.0,0,0,,,0,5,0,0,0,0,0,0,1,0,0
265,Mechanical Colored Outer Corner Square,0,Solid,1,30.0,30.0,0.0,0,0,,,0,5,0,0,0,0,0,0,1,0,0
266,Mechanical Colored Inner Square,7,Decoration,1,30.0,30.0,0.0,0,0,,,-7,1,0,0,0,0,0,0,0,0,0
267,Mechanical Colored Top Pillar Square,0,Solid,1,30.0,30.0,0.0,0,0,,,0,5,0,0,0,0,0,0,1,0,0
268,Mechanical Colored Pillar Square,0,Solid,1,30.0,30.0,0.0,0,0,,,0,5,0,0,0,0,0,0,1,0,0
269,Colored Bricks Square,0,Solid,1,30.0,30.0,0.0,0,0,,,0,5,0,0,0,0,0,0,1,0,0
270,Colored Bricks Top,0,Solid,1,30.0,30.0,0.0,0,0,,,0,5,0,0,0,0,0,0,1,0,0
271,Colored Bricks Outer Corner,0,Solid,1,30.0,30.0,0.0,0,0,,,0,5,0,0,0,0,0,0,1,0,0
272,Colored Bricks Inner Corner,0,Solid,1,30.0,30.0,0.0,0,0,,,0,5,0,0,0,0,0,0,1,0,0
273,Non-Solid Colored Bricks,7,Decoration,1,0.0,0.0,0.0,0,0,,,-7,1,0,0,0,0,0,0,0,0,0
274,Colored Bricks Pillar Top,0,Solid,1,30.0,30.0,0.0,0,0,,,0,5,0,0,0,0,0,0,1,0,0
275,Colored Bricks Pillar,0,Solid,1,30.0,30.0,0.0,0,0,,,0,5,0,0,0,0,0,0,1,0,0
276,,0,Solid,0,0.0,0.0,0.0,0,0,,,0,5,0,0,0,0,0,0,1,0,0
277,Decorative Colored Brick,7,Decoration,1,0.0,0.0,0.0,0,0,,,-7,1,0,0,0,0,0,0,0,0,0
278,Decorative Colored Half-Brick,7,Decoration,1,0.0,0.0,0.0,0,0,,,-7,1,0,0,0,0,0,0,0,0,0
279,Transparent Colored Square,7,Decoration,1,0.0,0.0,0.0,0,0,,,9,3,0,0,0,0,0,0,0,0,0
280,Transparent Colored Grid Patterned Square,7,Decoration,1,0.0,0.0,0.0,0,0,,,9,3,0,0,0,0,0,0,0,0,0
281,Transparent Colored Mechanical Square,7,Decoration,1,0.0,0.0,0.0,0,0,,,9,3,0,0,0,0,0,0,0,0,0
282,Transparent Colored Beveled Square,7,Decoration,1,0.0,0.0,0.0,0,0,,,9,3,0,0,0,0,0,0,0,0,0
283,Three-Sided Hexagon Pipe,7,Decoration,1,0.0,0.0,0.0,0,0,,,9,3,0,0,0,0,0,0,0,0,0
284,Four-Sided Hexagon Pipe,7,Decoration,1,0.0,0.0,0.0,0,0,,,9,3,0,0,0,0,0,0,0,0,0
285,Hexagon Pipe End,7,Decoration,1,0.0,0.0,0.0,0,0,,,9,3,0,0,0,0,0,0,0,0,0
286,Dual Portal,23,DualPortal,1,0.0,0.0,0.0,0,0,,,10,5,1,1,0,0,0,0,0,0,0
287,Exit Dual Portal,24,SoloPortal,1,0.0,0.0,0.0,0,0,,,10,5,1,1,0,0,0,0,0,0,0
288,,0,Solid,0,0.0,0.0,0.0,0,0,,,0,5,0,0,0,0,0,0,1,0,0
289,Cornerless Grid Patterned Slope,25,Slope,1,0.0,0.0,0.0,0,0,,,0,5,0,0,0,0,0,0,1,0,0
290,,0,Solid,0,0.0,0.0,0.0,0,0,,,0,5,0,0,0,0,0,0,1,0,0
291,Cornerless Grid Patterned Wide Slope,25,Slope,1,0.0,0.0,0.0,0,0,,,0,5,0,0,0,0,0,0,1,0,0
292,,0,Solid,0,0.0,0.0,0.0,0,0,,,0,5,0,0,0,0,0,0,1,0,0
293,,0,Solid,0,0.0,0.0,0.0,0,0,,,0,5,0,0,0,0,0,0,1,0,0
294,Wavy Black Slope,25,Slope,1,0.0,0.0,0.0,0,0,,,0,5,0,0,0,0,0,0,1,0,0
295,Wavy Black Wide Slope,25,Slope,1,0.0,0.0,0.0,0,0,,,0,5,0,0,0,0,0,0,1,0,0
296,Wavy Black Slope Corner,7,Decoration,1,0.0,0.0,0.0,0,0,,,0,5,0,0,0,0,0,0,1,0,0
297,Wavy Black Wide Slope Corner,7,Decoration,1,0.0,0.0,0.0,0,0,,,0,5,0,0,0,0,0,0,1,0,0
298,,0,Solid,0,0.0,0.0,0.0,0,0,,,0,5,0,0,0,0,0,0,1,0,0
299,,25,Slope,1,0.0,0.0,0.0,0,0,,,0,5,0,0,0,0,0,0,1,0,0
300,,0,Solid,0,0.0,0.0,0.0,0,0,,,0,5,0,0,0,0,0,0,1,0,0
301,,25,Slope,1,0.0,0.0,0.0,0,0,,,0,5,0,0,0,0,0,0,1,0,0
302,,0,Solid,0,0.0,0.0,0.0,0,0,,,0,5,0,0,0,0,0,0,1,0,0
303,,0,Solid,0,0.0,0.0,0.0,0,0,,,0,5,0,0,0,0,0,0,1,0,0
304,,0,Solid,0,0.0,0.0,0.0,0,0,,,0,5,0,0,0,0,0,0,1,0,0
305,Mechanical Slope,25,Slope,1,30.0,30.0,0.0,0,0,,,0,5,0,0,0,0,0,0,1,0,0
306,,0,Solid,0,0.0,0.0,0.0,0,0,,,0,5,0,0,0,0,0,0,1,0,0
307,Mechanical Wide Slope,25,Slope,1,60.0,30.0,0.0,0,0,,,0,5,0,0,0,0,0,0,1,0,0
308,,0,Solid,0,0.0,0.0,0.0,0,0,,,0,5,0,0,0,0,0,0,1,0,0
309,,25,Slope,1,0.0,0.0,0.0,1,0,,,0,5,0,0,0,0,0,0,1,0,0
310,,0,Solid,0,0.0,0.0,0.0,0,0,,,0,5,0,0,0,0,0,0,1,0,0
311,,25,Slope,1,0.0,0.0,0.0,1,0,,,0,5,0,0,0,0,0,0,1,0,0
312,,0,Solid,0,0.0,0.0,0.0,0,0,,,0,5,0,0,0,0,0,0,1,0,0
313,,0,Solid,0,0.0,0.0,0.0,0,0,,,0,5,0,0,0,0,0,0,1,0,0
314,,0,Solid,0,0.0,0.0,0.0,0,0,,,0,5,0,0,0,0,0,0,1,0,0
315,,25,Slope,1,0.0,0.0,0.0,0,0,,,0,5,0,0,0,0,0,0,1,0,0
316,,0,Solid,0,0.0,0.0,0.0,0,0,,,0,5,0,0,0,0,0,0,1,0,0
317,,25,Slope,1,0.0,0.0,0.0,0,0,,,0,5,0,0,0,0,0,0,1,0,0
318,,0,Solid,0,0.0,0.0,0.0,0,0,,,0,5,0,0,0,0,0,0,1,0,0
319,,0,Solid,0,0.0,0.0,0.0,0,0,,,0,5,0,0,0,0,0,0,1,0,0
320,,0,Solid,0,0.0,0.0,0.0,0,0,,,0,5,0,0,0,0,0,0,1,0,0
321,,25,Slope,1,0.0,0.0,0.0,0,0,,,0,5,0,0,0,0,0,0,1,0,0
322,,0,Solid,0,0.0,0.0,0.0,0,0,,,0,5,0,0,0,0,0,0,1,0,0
323,,25,Slope,1,0.0,0.0,0.0,0,0,,,0,5,0,0,0,0,0,0,1,0,0
324,Striped Slope Connector,7,Decoration,1,0.0,0.0,0.0,0,0,,,-7,1,0,0,0,0,0,0,1,0,0
325,Wide Striped Slope Connector,7,Decoration,1,0.0,0.0,0.0,0,0,,,-7,1,0,0,0,0,0,0,1,0,0
326,Metal Slab Slope,25,Slope,1,0.0,0.0,0.0,0,0,,,0,5,0,0,0,0,0,0,1,0,0
327,Metal Slab Slope,25,Slope,1,0.0,0.0,0.0,0,0,,,0,5,0,0,0,0,0,0,1,0,0
328,Metal Slab Slope Connector,0,Solid,0,0.0,0.0,0.0,0,0,,,0,5,0,0,0,0,0,0,1,0,0
329,Metal Slab Wide Slope Connector,0,Solid,0,0.0,0.0,0.0,0,0,,,0,5,0,0,0,0,0,0,1,0,0
330,,0,Solid,0,0.0,0.0,0.0,0,0,,,0,5,0,0,0,0,0,0,1,0,0
331,,25,Slope,1,0.0,0.0,0.0,1,0,,,0,5,0,0,0,0,0,1,1,0,0
332,,0,Solid,0,0.0,0.0,0.0,0,0,,,0,5,0,0,0,0,0,0,1,0,0
333,,25,Slope,1,0.0,0.0,0.0,1,0,,,0,5,0,0,0,0,0,1,1,0,0
334,,0,Solid,0,0.0,0.0,0.0,0,0,,,0,5,0,0,0,0,0,0,1,0,0
335,,0,Solid,0,0.0,0.0,0.0,0,0,,,0,5,0,0,0,0,0,0,1,0,0
336,,0,Solid,0,0.0,0.0,0.0,0,0,,,0,5,0,0,0,0,0,0,1,0,0
337,,25,Slope,1,0.0,0.0,0.0,0,0,,,0,5,0,0,0,0,0,0,1,0,0
338,,0,Solid,0,0.0,0.0,0.0,0,0,,,0,5,0,0,0,0,0,0,1,0,0
339,,25,Slope,1,0.0,0.0,0.0,0,0,,,0,5,0,0,0,0,0,0,1,0,0
340,,0,Solid,0,0.0,0.0,0.0,0,0,,,0,5,0,0,0,0,0,0,1,0,0
341,,0,Solid,0,0.0,0.0,0.0,0,0,,,0,5,0,0,0,0,0,0,1,0,0
342,,0,Solid,0,0.0,0.0,0.0,0,0,,,0,5,0,0,0,0,0,0,1,0,0
343,,25,Slope,1,0.0,0.0,0.0,0,0,,,0,5,0,0,0,0,0,0,1,0,0
344,,0,Solid,0,0.0,0.0,0.0,0,0,,,0,5,0,0,0,0,0,0,1,0,0
345,,25,Slope,1,0.0,0.0,0.0,0,0,,,0,5,0,0,0,0,0,0,1,0,0
346,,0,Solid,0,0.0,0.0,0.0,0,0,,,0,5,0,0,0,0,0,0,1,0,0
347,,0,Solid,0,0.0,0.0,0.0,0,0,,,0,5,0,0,0,0,0,0,1,0,0
348,,0,Solid,0,0.0,0.0,0.0,0,0,,,0,5,0,0,0,0,0,0,1,0,0
349,Mechanical Colored Slope,25,Slope,1,30.0,30.0,0.0,0,0,,,0,5,0,0,0,0,0,0,1,0,0
350,,0,Solid,0,0.0,0.0,0.0,0,0,,,0,5,0,0,0,0,0,0,1,0,0
351,Mechanical Colored Wide Slope,25,Slope,1,60.0,30.0,0.0,0,0,,,0,5,0,0,0,0,0,0,1,0,0
352,,0,Solid,0,0.0,0.0,0.0,0,0,,,0,5,0,0,0,0,0,0,1,0,0
353,,25,Slope,1,0.0,0.0,0.0,0,0,,,0,5,0,0,0,0,0,0,1,0,0
354,,0,Solid,0,0.0,0.0,0.0,0,0,,,0,5,0,0,0,0,0,0,1,0,0
355,,25,Slope,1,0.0,0.0,0.0,0,0,,,0,5,0,0,0,0,0,0,1,0,0
356,,0,Solid,0,0.0,0.0,0.0,0,0,,,0,5,0,0,0,0,0,0,1,0,0
357,,0,Solid,0,0.0,0.0,0.0,0,0,,,0,5,0,0,0,0,0,0,1,0,0
358,Wide Striped Slope Connector 2,7,Decoration,1,0.0,0.0,0.0,0,0,,,-7,1,0,0,0,0,0,0,1,0,0
359,,0,Solid,0,0.0,0.0,0.0,0,0,,,0,5,0,0,0,0,0,0,1,0,0
360,,0,Solid,0,0.0,0.0,0.0,0,0,,,0,5,0,0,0,0,0,0,1,0,0
361,,0,Solid,0,0.0,0.0,0.0,0,0,,,0,5,0,0,0,0,0,0,1,0,0
362,,0,Solid,0,0.0,0.0,0.0,0,0,,,0,5,0,0,0,0,0,0,1,0,0
363,Non-Colorable Spike Black Slope Hazard,25,Slope,1,30.0,30.0,0.0,0,0,,,1,5,0,0,0,0,0,0,1,0,0
364,Non-Colorable Spike Black Wide Slope Hazard,25,Slope,1,60.0,30.0,0.0,0,0,,,1,5,0,0,0,0,0,0,1,0,0
365,Non-Colorable Spike Black Hazard,2,Hazard,1,0.0,0.0,0.0,0,0,0.3,0.4,1,5,0,0,0,0,0,0,1,0,0
366,Non-Colorable Wavy Black Slope Hazard,25,Slope,1,30.0,30.0,0.0,0,0,,,1,5,0,0,0,0,0,0,1,0,0
367,Non-Colorable Wavy Black Wide Slope Hazard,25,Slope,1,60.0,30.0,0.0,0,0,,,1,5,0,0,0,0,0,0,1,0,0
368,Non-Colorable Wavy Black Hazard,2,Hazard,1,0.0,0.0,0.0,0,0,0.3,0.4,1,5,0,0,0,0,0,0,1,0,0
369,Black Gradient Slab Middle,0,Solid,0,0.0,0.0,0.0,0,0,,,0,5,0,0,0,0,0,0,1,0,0
370,Black Gradient Slab Side,0,Solid,0,0.0,0.0,0.0,0,0,,,0,5,0,0,0,0,0,0,1,0,0
371,Black Gradient Slope,25,Slope,1,0.0,0.0,0.0,0,0,,,0,5,0,0,0,0,0,0,1,0,0
372,Black Gradient Wide Slope,25,Slope,1,0.0,0.0,0.0,0,0,,,0,5,0,0,0,0,0,0,1,0,0
373,Black Gradient Slope Corner,7,Decoration,1,0.0,0.0,0.0,0,0,,,0,5,0,0,0,0,0,0,1,0,0
374,Black Gradient Wide Slope Corner,7,Decoration,1,0.0,0.0,0.0,0,0,,,0,5,0,0,0,0,0,0,1,0,0
375,Large Rotating Arm,0,Solid,0,0.0,0.0,0.0,0,0,,,0,5,0,0,0,0,0,0,1,0,0
376,Medium Rotating Arm,0,Solid,0,0.0,0.0,0.0,0,0,,,0,5,0,0,0,0,0,0,1,0,0
377,Small Rotating Arm,0,Solid,0,0.0,0.0,0.0,0,0,,,0,5,0,0,0,0,0,0,1,0,0
378,Very Small Rotating Arm,0,Solid,0,0.0,0.0,0.0,0,0,,,0,5,0,0,0,0,0,0,1,0,0
379,,0,Solid,0,0.0,0.0,0.0,0,0,,,0,5,0,0,0,0,0,0,1,0,0
380,,0,Solid,0,0.0,0.0,0.0,0,0,,,0,5,0,0,0,0,0,0,1,0,0
381,,0,Solid,0,0.0,0.0,0.0,0,0,,,0,5,0,0,0,0,0,0,1,0,0
382,,0,Solid,0,0.0,0.0,0.0,0,0,,,0,5,0,0,0,0,0,0,1,0,0
383,,0,Solid,0,0.0,0.0,0.0,0,0,,,0,5,0,0,0,0,0,0,1,0,0
384,,0,Solid,0,0.0,0.0,0.0,0,0,,,0,5,0,0,0,0,0,0,1,0,0
385,,0,Solid,0,0.0,0.0,0.0,0,0,,,0,5,0,0,0,0,0,0,1,0,0
386,,0,Solid,0,0.0,0.0,0.0,0,0,,,0,5,0,0,0,0,0,0,1,0,0
387,,0,Solid,0,0.0,0.0,0.0,0,0,,,0,5,0,0,0,0,0,0,1,0,0
388,,0,Solid,0,0.0,0.0,0.0,0,0,,,0,5,0,0,0,0,0,0,1,0,0
389,,0,Solid,0,0.0,0.0,0.0,0,0,,,0,5,0,0,0,0,0,0,1,0,0
390,,0,Solid,0,0.0,0.0,0.0,0,0,,,0,5,0,0,0,0,0,0,1,0,0
391,,0,Solid,0,0.0,0.0,0.0,0,0,,,0,5,0,0,0,0,0,0,1,0,0
392,Black Gradient Tiny Spike,2,Hazard,1,0.0,0.0,0.0,0,0,0.2,0.4,0,5,0,0,0,0,0,0,1,0,0
393,Fake Black Tiny Spike,7,Decoration,1,0.0,0.0,0.0,0,0,,,-4,1,0,0,0,0,0,0,1,0,0
394,Large Rotating Hexagon,0,Solid,0,0.0,0.0,0.0,0,0,,,0,5,0,0,0,0,0,0,1,0,0
395,Medium Rotating Hexagon,0,Solid,0,0.0,0.0,0.0,0,0,,,0,5,0,0,0,0,0,0,1,0,0
396,Small Rotating Hexagon,0,Solid,0,0.0,0.0,0.0,0,0,,,0,5,0,0,0,0,0,0,1,0,0
397,Large Black Spike Blade,0,Solid,0,0.0,0.0,0.0,0,0,,,0,5,0,0,0,0,0,0,1,0,0
398,Medium Black Spike Blade,0,Solid,0,0.0,0.0,0.0,0,0,,,0,5,0,0,0,0,0,0,1,0,0
399,Small Black Spike Blade,0,Solid,0,0.0,0.0,0.0,0,0,,,0,5,0,0,0,0,0,0,1,0,0
400,,0,Solid,0,0.0,0.0,0.0,0,0,,,0,5,0,0,0,0,0,0,1,0,0
401,,0,Solid,0,0.0,0.0,0.0,0,0,,,0,5,0,0,0,0,0,0,1,0,0
402,,0,Solid,0,0.0,0.0,0.0,0,0,,,0,5,0,0,0,0,0,0,1,0,0
403,,0,Solid,0,0.0,0.0,0.0,0,0,,,0,5,0,0,0,0,0,0,1,0,0
404,,0,Solid,0,0.0,0.0,0.0,0,0,,,0,5,0,0,0,0,0,0,1,0,0
405,Pulsing Hexagon,7,Decoration,1,0.0,0.0,0.0,0,0,,,9,3,0,0,0,0,0,0,0,0,0
406,Patch of Grass,7,Decoration,1,0.0,0.0,0.0,0,0,,,1,3,0,0,0,0,0,0,0,0,0
407,Patch of Grass 2,7,Decoration,1,0.0,0.0,0.0,0,0,,,1,3,0,0,0,0,0,0,0,0,0
408,Patch of Grass 3,7,Decoration,1,0.0,0.0,0.0,0,0,,,1,3,0,0,0,0,0,0,0,0,0
409,Colored Mechanical Connector Two Opposite Sides,7,Decoration,1,0.0,0.0,0.0,0,0,,,9,3,0,0,0,0,0,0,0,0,0
410,Colored Mechanical Connector Two Adjacent Sides,7,Decoration,1,0.0,0.0,0.0,0,0,,,9,3,0,0,0,0,0,0,0,0,0
411,Colored Mechanical Connector Three Sides,7,Decoration,1,0.0,0.0,0.0,0,0,,,9,3,0,0,0,0,0,0,0,0,0
412,Colored Mechanical Connector Four Sides,7,Decoration,1,0.0,0.0,0.0,0,0,,,9,3,0,0,0,0,0,0,0,0,0
413,Colored Mechanical Connector One Side,7,Decoration,1,0.0,0.0,0.0,0,0,,,9,3,0,0,0,0,0,0,0,0,0
414,Patch of Grass 4,7,Decoration,1,0.0,0.0,0.0,0,0,,,1,3,0,0,0,0,0,0,0,0,0
415,,0,Solid,0,0.0,0.0,0.0,0,0,,,0,5,0,0,0,0,0,0,1,0,0
416,,0,Solid,0,0.0,0.0,0.0,0,0,,,0,5,0,0,0,0,0,0,1,0,0
417,,0,Solid,0,0.0,0.0,0.0,0,0,,,0,5,0,0,0,0,0,0,1,0,0
418,,0,Solid,0,0.0,0.0,0.0,0,0,,,0,5,0,0,0,0,0,0,1,0,0
419,Water 1,7,Decoration,1,0.0,0.0,0.0,0,0,,,9,3,0,0,0,0,0,0,0,0,0
420,Water 2,7,Decoration,1,0.0,0.0,0.0,0,0,,,9,3,0,0,0,0,0,0,0,0,0
421,Non-Colorable Wide Spike Black Hazard,2,Hazard,1,0.0,0.0,0.0,0,0,0.3,0.4,1,5,0,0,0,0,0,0,1,0,0
422,Non-Colorable Wide Spike Black Edge Hazard,2,Hazard,1,0.0,0.0,0.0,0,0,0.2,0.4,1,5,0,0,0,0,0,0,1,0,0
423,,0,Solid,0,0.0,0.0,0.0,0,0,,,0,5,0,0,0,0,0,0,1,0,0
424,,0,Solid,0,0.0,0.0,0.0,0,0,,,0,5,0,0,0,0,0,0,1,0,0
425,,0,Solid,0,0.0,0.0,0.0,0,0,,,0,5,0,0,0,0,0,0,1,0,0
426,,0,Solid,0,0.0,0.0,0.0,0,0,,,0,5,0,0,0,0,0,0,1,0,0
427,,0,Solid,0,0.0,0.0,0.0,0,0,,,0,5,0,0,0,0,0,0,1,0,0
428,,0,Solid,0,0.0,0.0,0.0,0,0,,,0,5,0,0,0,0,0,0,1,0,0
429,,0,Solid,0,0.0,0.0,0.0,0,0,,,0,5,0,0,0,0,0,0,1,0,0
430,,0,Solid,0,0.0,0.0,0.0,0,0,,,0,5,0,0,0,0,0,0,1,0,0
431,,0,Solid,0,0.0,0.0,0.0,0,0,,,0,5,0,0,0,0,0,0,1,0,0
432,,0,Solid,0,0.0,0.0,0.0,0,0,,,0,5,0,0,0,0,0,0,1,0,0
433,,0,Solid,0,0.0,0.0,0.0,0,0,,,0,5,0,0,0,0,0,0,1,0,0
434,,0,Solid,0,0.0,0.0,0.0,0,0,,,0,5,0,0,0,0,0,0,1,0,0
435,,0,Solid,0,0.0,0.0,0.0,0,0,,,0,5,0,0,0,0,0,0,1,0,0
436,,0,Solid,0,0.0,0.0,0.0,0,0,,,0,5,0,0,0,0,0,0,1,0,0
437,,0,Solid,0,0.0,0.0,0.0,0,0,,,0,5,0,0,0,0,0,0,1,0,0
438,,0,Solid,0,0.0,0.0,0.0,0,0,,,0,5,0,0,0,0,0,0,1,0,0
439,,0,Solid,0,0.0,0.0,0.0,0,0,,,0,5,0,0,0,0,0,0,1,0,0
440,,0,Solid,0,0.0,0.0,0.0,0,0,,,0,5,0,0,0,0,0,0,1,0,0
441,,0,Solid,0,0.0,0.0,0.0,0,0,,,0,5,0,0,0,0,0,0,1,0,0
442,,0,Solid,0,0.0,0.0,0.0,0,0,,,0,5,0,0,0,0,0,0,1,0,0
443,,0,Solid,0,0.0,0.0,0.0,0,0,,,0,5,0,0,0,0,0,0,1,0,0
444,,0,Solid,0,0.0,0.0,0.0,0,0,,,0,5,0,0,0,0,0,0,1,0,0
445,,0,Solid,0,0.0,0.0,0.0,0,0,,,0,5,0,0,0,0,0,0,1,0,0
446,Non-Colorable Round Black Hazard,2,Hazard,1,0.0,0.0,0.0,0,0,0.3,0.4,1,5,0,0,0,0,0,0,1,0,0
447,Non-Colorable Round Black Edge Hazard,2,Hazard,1,0.0,0.0,0.0,0,0,0.2,0.4,1,5,0,0,0,0,0,0,1,0,0
448,Rough Damage Block 1,7,Decoration,1,0.0,0.0,0.0,0,0,,,9,3,0,0,0,0,0,0,0,0,0
449,Rough Damage Block 2,7,Decoration,1,0.0,0.0,0.0,0,0,,,9,3,0,0,0,0,0,0,0,0,0
450,Big Equalizer,7,Decoration,1,0.0,0.0,0.0,0,0,,,9,3,0,0,0,0,0,0,0,0,0
451,Small Equalizer,7,Decoration,1,0.0,0.0,0.0,0,0,,,9,3,0,0,0,0,0,0,0,0,0
452,Tiny Equalizer,7,Decoration,1,0.0,0.0,0.0,0,0,,,9,3,0,0,0,0,0,0,0,0,0
453,Black Mechanical Connector Two Opposite Sides,7,Decoration,1,0.0,0.0,0.0,0,0,,,9,3,0,0,0,0,0,0,0,0,0
454,Black Mechanical Connector Two Adjacent Sides,7,Decoration,1,0.0,0.0,0.0,0,0,,,9,3,0,0,0,0,0,0,0,0,0
455,Black Mechanical Connector Three Sides,7,Decoration,1,0.0,0.0,0.0,0,0,,,9,3,0,0,0,0,0,0,0,0,0
456,Black Mechanical Connector Four Sides,7,Decoration,1,0.0,0.0,0.0,0,0,,,9,3,0,0,0,0,0,0,0,0,0
457,Black Mechanical Connector One Side,7,Decoration,1,0.0,0.0,0.0,0,0,,,9,3,0,0,0,0,0,0,0,0,0
458,Colored Tiny Spike,2,Hazard,1,0.0,0.0,0.0,0,0,0.2,0.4,0,5,0,0,0,0,0,0,1,0,0
459,Invisible Tiny Spike,2,Hazard,1,0.0,0.0,0.0,0,0,0.2,0.4,0,5,0,0,0,0,0,0,1,0,0
460,Large Pulsing Arrow 2,7,Decoration,1,0.0,0.0,0.0,0,0,,,10,3,0,0,0,0,0,0,0,0,0
461,,7,Decoration,1,0.0,0.0,0.0,0,0,,,9,3,0,0,0,0,0,0,0,0,0
462,,7,Decoration,1,0.0,0.0,0.0,0,0,,,9,3,0,0,0,0,0,0,0,0,0
463,,7,Decoration,1,0.0,0.0,0.0,0,0,,,9,3,0,0,0,0,0,0,0,0,0
464,,7,Decoration,1,0.0,0.0,0.0,0,0,,,9,3,0,0,0,0,0,0,0,0,0
465,,7,Decoration,1,0.0,0.0,0.0,0,0,,,9,3,0,0,0,0,0,0,0,0,0
466,,7,Decoration,1,0.0,0.0,0.0,0,0,,,9,3,0,0,0,0,0,0,0,0,0
467,Outline Square,0,Solid,1,0.0,0.0,0.0,0,0,,,3,5,0,0,0,0,0,0,1,0,0
468,Outline Top,0,Solid,1,0.0,0.0,0.0,0,0,,,3,5,0,0,0,0,0,0,1,0,0
469,Outline Outer Corner,0,Solid,1,30.0,30.0,0.0,0,0,,,3,5,0,0,0,0,0,0,1,0,0
470,Outline Top Pillar,0,Solid,1,0.0,0.0,0.0,0,0,,,3,5,0,0,0,0,0,0,1,0,0
471,Outline Pillar,0,Solid,1,30.0,30.0,0.0,0,0,,,3,5,0,0,0,0,0,0,1,0,0
472,Outline Inner Corner,7,Decoration,1,0.0,0.0,0.0,1,0,,,3,5,0,0,0,0,0,0,1,0,0
473,Outline Slope Corner,7,Decoration,1,0.0,0.0,0.0,1,0,,,3,5,0,0,0,0,0,0,1,0,0
474,Outline Wide Slope Corner,7,Decoration,1,0.0,0.0,0.0,1,0,,,3,5,0,0,0,0,0,0,1,0,0
475,Outline Slope Side,0,Solid,1,0.0,0.0,0.0,0,0,,,3,5,0,0,0,0,0,0,1,0,0
476,Colored Connected Inner Square,7,Decoration,1,0.0,0.0,0.0,0,0,,,-7,1,0,0,0,0,0,0,1,0,0
477,Colored Connected Square Singular,7,Decoration,1,0.0,0.0,0.0,0,0,,,-7,1,0,0,0,0,0,0,1,0,0
478,Colored Connected Top Pillar Square,7,Decoration,1,0.0,0.0,0.0,0,0,,,-7,1,0,0,0,0,0,0,1,0,0
479,Colored Connected Corner Square,7,Decoration,1,0.0,0.0,0.0,0,0,,,-7,1,0,0,0,0,0,0,1,0,0
480,Colored Connected Pillar Square,7,Decoration,1,0.0,0.0,0.0,0,0,,,-7,1,0,0,0,0,0,0,1,0,0
481,Colored Connected Three Point Square,7,Decoration,1,0.0,0.0,0.0,0,0,,,-7,1,0,0,0,0,0,0,1,0,0
482,Colored Connected Four Point Square,7,Decoration,1,0.0,0.0,0.0,0,0,,,-7,1,0,0,0,0,0,0,1,0,0
483,,25,Slope,1,0.0,0.0,0.0,0,0,,,0,5,0,0,0,0,0,0,1,0,0
484,,25,Slope,1,0.0,0.0,0.0,0,0,,,0,5,0,0,0,0,0,0,1,0,0
485,Colored Connected Diamonds,7,Decoration,1,0.0,0.0,0.0,0,0,,,-7,1,0,0,0,0,0,0,1,0,0
486,Colored Connected Diamonds Center,7,Decoration,1,0.0,0.0,0.0,0,0,,,-7,1,0,0,0,0,0,0,1,0,0
487,Colored Connected Diamonds Single Corner,7,Decoration,1,0.0,0.0,0.0,0,0,,,-7,1,0,0,0,0,0,0,1,0,0
488,Colored Connected Diamonds Two Adjacent Corners,7,Decoration,1,0.0,0.0,0.0,0,0,,,-7,1,0,0,0,0,0,0,1,0,0
489,Colored Connected Diamonds Two Opposite Corners,7,Decoration,1,0.0,0.0,0.0,0,0,,,-7,1,0,0,0,0,0,0,1,0,0
490,Colored Connected Diamonds Three Corners,7,Decoration,1,0.0,0.0,0.0,0,0,,,-7,1,0,0,0,0,0,0,1,0,0
491,Colored Connected Diamonds Four Corners,7,Decoration,1,0.0,0.0,0.0,0,0,,,-7,1,0,0,0,0,0,0,1,0,0
492,,25,Slope,1,0.0,0.0,0.0,0,0,,,0,5,0,0,0,0,0,0,1,0,0
493,,25,Slope,1,0.0,0.0,0.0,0,0,,,0,5,0,0,0,0,0,0,1,0,0
494,Large Pulsing Arrow 3,7,Decoration,1,0.0,0.0,0.0,0,0,,,10,3,0,0,0,0,0,0,0,0,0
495,Large Pulsing Square,7,Decoration,1,0.0,0.0,0.0,0,0,,,10,3,0,0,0,0,0,0,0,0,0
496,Large Pulsing Hollow Square,7,Decoration,1,0.0,0.0,0.0,0,0,,,10,3,0,0,0,0,0,0,0,0,0
497,Large Pulsing Circle,7,Decoration,1,0.0,0.0,0.0,0,0,,,10,3,0,0,0,0,0,0,0,0,0
498,Chain Link,7,Decoration,1,0.0,0.0,0.0,0,0,,,9,3,0,0,0,0,0,0,0,0,0
499,Chain Base,7,Decoration,1,0.0,0.0,0.0,0,0,,,9,3,0,0,0,0,0,0,0,0,0
500,Zig-Zag Pipe,7,Decoration,1,0.0,0.0,0.0,0,0,,,9,3,0,0,0,0,0,0,0,0,0
501,Zig-Zag Pipe Corner,7,Decoration,1,0.0,0.0,0.0,0,0,,,9,3,0,0,0,0,0,0,0,0,0
502,Decorative Grid Patterned Inner Corner,7,Decoration,1,0.0,0.0,0.0,0,0,,,-7,1,0,0,0,0,0,0,1,0,0
503,Straight Medium Glow,7,Decoration,1,0.0,0.0,0.0,0,0,,,9,1,0,0,0,0,0,0,0,0,0
504,Outer Corner Medium Glow,7,Decoration,1,0.0,0.0,0.0,0,0,,,9,1,0,0,0,0,0,0,0,0,0
505,Inner Corner Medium Glow,7,Decoration,1,0.0,0.0,0.0,0,0,,,9,1,0,0,0,0,0,0,0,0,0
506,3DL Top Left,0,Solid,0,0.0,0.0,0.0,0,0,,,0,5,0,0,0,0,0,0,1,0,0
507,3DL Top Middle,0,Solid,0,0.0,0.0,0.0,0,0,,,0,5,0,0,0,0,0,0,1,0,0
508,3DL Half Top Middle,0,Solid,0,0.0,0.0,0.0,0,0,,,0,5,0,0,0,0,0,0,1,0,0
509,3DL Top Right,0,Solid,0,0.0,0.0,0.0,0,0,,,0,5,0,0,0,0,0,0,1,0,0
510,3DL Inner Corner,0,Solid,0,0.0,0.0,0.0,0,0,,,0,5,0,0,0,0,0,0,1,0,0
511,3DL Outer Corner,0,Solid,0,0.0,0.0,0.0,0,0,,,0,5,0,0,0,0,0,0,1,0,0
512,3DL Half Top Left,0,Solid,0,0.0,0.0,0.0,0,0,,,0,5,0,0,0,0,0,0,1,0,0
513,3DL Wide Slope,0,Solid,0,0.0,0.0,0.0,0,0,,,0,5,0,0,0,0,0,0,1,0,0
514,3DL Slope,0,Solid,0,0.0,0.0,0.0,0,0,,,0,5,0,0,0,0,0,0,1,0,0
515,Grid Patterned 3DL Top Left,0,Solid,0,0.0,0.0,0.0,0,0,,,0,5,0,0,0,0,0,0,1,0,0
516,Grid Patterned 3DL Top Middle,0,Solid,0,0.0,0.0,0.0,0,0,,,0,5,0,0,0,0,0,0,1,0,0
517,Grid Patterned 3DL Half Top Middle,0,Solid,0,0.0,0.0,0.0,0,0,,,0,5,0,0,0,0,0,0,1,0,0
518,Grid Patterned 3DL Top Right,0,Solid,0,0.0,0.0,0.0,0,0,,,0,5,0,0,0,0,0,0,1,0,0
519,Grid Patterned 3DL Inner Corner,0,Solid,0,0.0,0.0,0.0,0,0,,,0,5,0,0,0,0,0,0,1,0,0
520,Grid Patterned 3DL Outer Corner,0,Solid,0,0.0,0.0,0.0,0,0,,,0,5,0,0,0,0,0,0,1,0,0
521,Grid Patterned 3DL Half Top Left,0,Solid,0,0.0,0.0,0.0,0,0,,,0,5,0,0,0,0,0,0,1,0,0
522,Grid Patterned 3DL Wide Slope,25,Slope,1,60.0,30.0,0.0,0,0,,,0,5,0,0,0,0,0,0,1,0,0
523,Grid Patterned 3DL Slope,25,Slope,1,30.0,30.0,0.0,0,0,,,0,5,0,0,0,0,0,0,1,0,0
524,Beveled 3DL Top Left,0,Solid,0,0.0,0.0,0.0,0,0,,,0,5,0,0,0,0,0,0,1,0,0
525,Beveled 3DL Top Middle,0,Solid,0,0.0,0.0,0.0,0,0,,,0,5,0,0,0,0,0,0,1,0,0
526,Beveled 3DL Half Top Middle,0,Solid,0,0.0,0.0,0.0,0,0,,,0,5,0,0,0,0,0,0,1,0,0
527,Beveled 3DL Top Right,0,Solid,0,0.0,0.0,0.0,0,0,,,0,5,0,0,0,0,0,0,1,0,0
528,Beveled 3DL Inner Corner,0,Solid,0,0.0,0.0,0.0,0,0,,,0,5,0,0,0,0,0,0,1,0,0
529,Beveled 3DL Outer Corner,0,Solid,0,0.0,0.0,0.0,0,0,,,0,5,0,0,0,0,0,0,1,0,0
530,Beveled 3DL Half Top Left,0,Solid,0,0.0,0.0,0.0,0,0,,,0,5,0,0,0,0,0,0,1,0,0
531,Beveled 3DL Wide Slope,0,Solid,0,0.0,0.0,0.0,0,0,,,0,5,0,0,0,0,0,0,1,0,0
532,Beveled 3DL Slope,0,Solid,0,0.0,0.0,0.0,0,0,,,0,5,0,0,0,0,0,0,1,0,0
533,Grey 3DL Top Left,0,Solid,0,0.0,0.0,0.0,0,0,,,0,5,0,0,0,0,0,0,1,0,0
534,Grey 3DL Top Middle,0,Solid,0,0.0,0.0,0.0,0,0,,,0,5,0,0,0,0,0,0,1,0,0
535,Grey 3DL Half Top Middle,0,Solid,0,0.0,0.0,0.0,0,0,,,0,5,0,0,0,0,0,0,1,0,0
536,Grey 3DL Top Right,0,Solid,0,0.0,0.0,0.0,0,0,,,0,5,0,0,0,0,0,0,1,0,0
537,Grey 3DL Inner Corner,0,Solid,0,0.0,0.0,0.0,0,0,,,0,5,0,0,0,0,0,0,1,0,0
538,Grey 3DL Outer Corner,0,Solid,0,0.0,0.0,0.0,0,0,,,0,5,0,0,0,0,0,0,1,0,0
539,Grey 3DL Half Top Left,0,Solid,0,0.0,0.0,0.0,0,0,,,0,5,0,0,0,0,0,0,1,0,0
540,Grey 3DL Wide Slope,0,Solid,0,0.0,0.0,0.0,0,0,,,0,5,0,0,0,0,0,0,1,0,0
541,Grey 3DL Slope,0,Solid,0,0.0,0.0,0.0,0,0,,,0,5,0,0,0,0,0,0,1,0,0
542,Black 3DL Top Left,0,Solid,0,0.0,0.0,0.0,0,0,,,0,5,0,0,0,0,0,0,1,0,0
543,Black 3DL Top Middle,0,Solid,0,0.0,0.0,0.0,0,0,,,0,5,0,0,0,0,0,0,1,0,0
544,Black 3DL Half Top Middle,0,Solid,0,0.0,0.0,0.0,0,0,,,0,5,0,0,0,0,0,0,1,0,0
545,Black 3DL Top Right,0,Solid,0,0.0,0.0,0.0,0,0,,,0,5,0,0,0,0,0,0,1,0,0
546,Black 3DL Inner Corner,0,Solid,0,0.0,0.0,0.0,0,0,,,0,5,0,0,0,0,0,0,1,0,0
547,Black 3DL Outer Corner,0,Solid,0,0.0,0.0,0.0,0,0,,,0,5,0,0,0,0,0,0,1,0,0
548,Black 3DL Half Top Left,0,Solid,0,0.0,0.0,0.0,0,0,,,0,5,0,0,0,0,0,0,1,0,0
549,Black 3DL Wide Slope,0,Solid,0,0.0,0.0,0.0,0,0,,,0,5,0,0,0,0,0,0,1,0,0
550,Black 3DL Slope,0,Solid,0,0.0,0.0,0.0,0,0,,,0,5,0,0,0,0,0,0,1,0,0
551,Bricks 3DL Top Left,0,Solid,0,0.0,0.0,0.0,0,0,,,0,5,0,0,0,0,0,0,1,0,0
552,Bricks 3DL Top Middle,0,Solid,0,0.0,0.0,0.0,0,0,,,0,5,0,0,0,0,0,0,1,0,0
553,Bricks 3DL Half Top Middle,0,Solid,0,0.0,0.0,0.0,0,0,,,0,5,0,0,0,0,0,0,1,0,0
554,Bricks 3DL Top Right,0,Solid,0,0.0,0.0,0.0,0,0,,,0,5,0,0,0,0,0,0,1,0,0
555,Bricks 3DL Inner Corner,0,Solid,0,0.0,0.0,0.0,0,0,,,0,5,0,0,0,0,0,0,1,0,0
556,Bricks 3DL Outer Corner,0,Solid,0,0.0,0.0,0.0,0,0,,,0,5,0,0,0,0,0,0,1,0,0
557,Bricks 3DL Half Top Left,0,Solid,0,0.0,0.0,0.0,0,0,,,0,5,0,0,0,0,0,0,1,0,0
558,Bricks 3DL Wide Slope,0,Solid,0,0.0,0.0,0.0,0,0,,,0,5,0,0,0,0,0,0,1,0,0
559,Bricks 3DL Slope,0,Solid,0,0.0,0.0,0.0,0,0,,,0,5,0,0,0,0,0,0,1,0,0
560,Striped 3DL Top Left,0,Solid,0,0.0,0.0,0.0,0,0,,,0,5,0,0,0,0,0,0,1,0,0
561,Striped 3DL Top Middle,0,Solid,0,0.0,0.0,0.0,0,0,,,0,5,0,0,0,0,0,0,1,0,0
562,Striped 3DL Half Top Middle,0,Solid,0,0.0,0.0,0.0,0,0,,,0,5,0,0,0,0,0,0,1,0,0
563,Striped 3DL Top Right,0,Solid,0,0.0,0.0,0.0,0,0,,,0,5,0,0,0,0,0,0,1,0,0
564,Striped 3DL Inner Corner,0,Solid,0,0.0,0.0,0.0,0,0,,,0,5,0,0,0,0,0,0,1,0,0
565,Striped 3DL Outer Corner,0,Solid,0,0.0,0.0,0.0,0,0,,,0,5,0,0,0,0,0,0,1,0,0
566,Striped 3DL Half Top Left,0,Solid,0,0.0,0.0,0.0,0,0,,,0,5,0,0,0,0,0,0,1,0,0
567,Striped 3DL Wide Slope,0,Solid,0,0.0,0.0,0.0,0,0,,,0,5,0,0,0,0,0,0,1,0,0
568,Striped 3DL Slope,0,Solid,0,0.0,0.0,0.0,0,0,,,0,5,0,0,0,0,0,0,1,0,0
569,Metal 3DL Top Left,0,Solid,0,0.0,0.0,0.0,0,0,,,0,5,0,0,0,0,0,0,1,0,0
570,Metal 3DL Top Middle,0,Solid,0,0.0,0.0,0.0,0,0,,,0,5,0,0,0,0,0,0,1,0,0
571,Metal 3DL Half Top Middle,0,Solid,0,0.0,0.0,0.0,0,0,,,0,5,0,0,0,0,0,0,1,0,0
572,Metal 3DL Top Right,0,Solid,0,0.0,0.0,0.0,0,0,,,0,5,0,0,0,0,0,0,1,0,0
573,Metal 3DL Inner Corner,0,Solid,0,0.0,0.0,0.0,0,0,,,0,5,0,0,0,0,0,0,1,0,0
574,Metal 3DL Outer Corner,0,Solid,0,0.0,0.0,0.0,0,0,,,0,5,0,0,0,0,0,0,1,0,0
575,Metal 3DL Half Top Left,0,Solid,0,0.0,0.0,0.0,0,0,,,0,5,0,0,0,0,0,0,1,0,0
576,Metal 3DL Wide Slope,0,Solid,0,0.0,0.0,0.0,0,0,,,0,5,0,0,0,0,0,0,1,0,0
577,Metal 3DL Slope,0,Solid,0,0.0,0.0,0.0,0,0,,,0,5,0,0,0,0,0,0,1,0,0
578,Colored 3DL Top Left,0,Solid,0,0.0,0.0,0.0,0,0,,,0,5,0,0,0,0,0,0,1,0,0
579,Colored 3DL Top Middle,0,Solid,0,0.0,0.0,0.0,0,0,,,0,5,0,0,0,0,0,0,1,0,0
580,Colored 3DL Half Top Middle,0,Solid,0,0.0,0.0,0.0,0,0,,,0,5,0,0,0,0,0,0,1,0,0
581,Colored 3DL Top Right,0,Solid,0,0.0,0.0,0.0,0,0,,,0,5,0,0,0,0,0,0,1,0,0
582,Colored 3DL Inner Corner,0,Solid,0,0.0,0.0,0.0,0,0,,,0,5,0,0,0,0,0,0,1,0,0
583,Colored 3DL Outer Corner,0,Solid,0,0.0,0.0,0.0,0,0,,,0,5,0,0,0,0,0,0,1,0,0
584,Colored 3DL Half Top Left,0,Solid,0,0.0,0.0,0.0,0,0,,,0,5,0,0,0,0,0,0,1,0,0
585,Colored 3DL Wide Slope,0,Solid,0,0.0,0.0,0.0,0,0,,,0,5,0,0,0,0,0,0,1,0,0
586,Colored 3DL Slope,0,Solid,0,0.0,0.0,0.0,0,0,,,0,5,0,0,0,0,0,0,1,0,0
587,Colored Grid Patterned 3DL Top Left,0,Solid,0,0.0,0.0,0.0,0,0,,,0,5,0,0,0,0,0,0,1,0,0
588,Colored Grid Patterned 3DL Top Middle,0,Solid,0,0.0,0.0,0.0,0,0,,,0,5,0,0,0,0,0,0,1,0,0
589,Colored Grid Patterned 3DL Half Top Middle,0,Solid,0,0.0,0.0,0.0,0,0,,,0,5,0,0,0,0,0,0,1,0,0
590,Colored Grid Patterned 3DL Top Right,0,Solid,0,0.0,0.0,0.0,0,0,,,0,5,0,0,0,0,0,0,1,0,0
591,Colored Grid Patterned 3DL Inner Corner,0,Solid,0,0.0,0.0,0.0,0,0,,,0,5,0,0,0,0,0,0,1,0,0
592,Colored Grid Patterned 3DL Outer Corner,0,Solid,0,0.0,0.0,0.0,0,0,,,0,5,0,0,0,0,0,0,1,0,0
593,Colored Grid Patterned 3DL Half Top Left,0,Solid,0,0.0,0.0,0.0,0,0,,,0,5,0,0,0,0,0,0,1,0,0
594,Colored Grid Patterned 3DL Wide Slope,0,Solid,0,0.0,0.0,0.0,0,0,,,0,5,0,0,0,0,0,0,1,0,0
595,Colored Grid Patterned 3DL Slope,0,Solid,0,0.0,0.0,0.0,0,0,,,0,5,0,0,0,0,0,0,1,0,0
596,Colored Beveled 3DL Top Left,0,Solid,0,0.0,0.0,0.0,0,0,,,0,5,0,0,0,0,0,0,1,0,0
597,Colored Beveled 3DL Top Middle,0,Solid,0,0.0,0.0,0.0,0,0,,,0,5,0,0,0,0,0,0,1,0,0
598,Colored Beveled 3DL Half Top Middle,0,Solid,0,0.0,0.0,0.0,0,0,,,0,5,0,0,0,0,0,0,1,0,0
599,Colored Beveled 3DL Top Right,0,Solid,0,0.0,0.0,0.0,0,0,,,0,5,0,0,0,0,0,0,1,0,0
600,Colored Beveled 3DL Inner Corner,0,Solid,0,0.0,0.0,0.0,0,0,,,0,5,0,0,0,0,0,0,1,0,0
601,Colored Beveled 3DL Outer Corner,0,Solid,0,0.0,0.0,0.0,0,0,,,0,5,0,0,0,0,0,0,1,0,0
602,Colored Beveled 3DL Half Top Left,0,Solid,0,0.0,0.0,0.0,0,0,,,0,5,0,0,0,0,0,0,1,0,0
603,Colored Beveled 3DL Wide Slope,0,Solid,0,0.0,0.0,0.0,0,0,,,0,5,0,0,0,0,0,0,1,0,0
604,Colored Beveled 3DL Slope,0,Solid,0,0.0,0.0,0.0,0,0,,,0,5,0,0,0,0,0,0,1,0,0
605,Colored Translucent 3DL Top Left,0,Solid,0,0.0,0.0,0.0,0,0,,,0,5,0,0,0,0,0,0,1,0,0
606,Colored Translucent 3DL Top Middle,0,Solid,0,0.0,0.0,0.0,0,0,,,0,5,0,0,0,0,0,0,1,0,0
607,Colored Translucent 3DL Half Top Middle,0,Solid,0,0.0,0.0,0.0,0,0,,,0,5,0,0,0,0,0,0,1,0,0
608,Colored Translucent 3DL Top Right,0,Solid,0,0.0,0.0,0.0,0,0,,,0,5,0,0,0,0,0,0,1,0,0
609,Colored Translucent 3DL Inner Corner,0,Solid,0,0.0,0.0,0.0,0,0,,,0,5,0,0,0,0,0,0,1,0,0
610,Colored Translucent 3DL Outer Corner,0,Solid,0,0.0,0.0,0.0,0,0,,,0,5,0,0,0,0,0,0,1,0,0
611,Colored Translucent 3DL Half Top Left,0,Solid,0,0.0,0.0,0.0,0,0,,,0,5,0,0,0,0,0,0,1,0,0
612,Colored Translucent 3DL Wide Slope,0,Solid,0,0.0,0.0,0.0,0,0,,,0,5,0,0,0,0,0,0,1,0,0
613,Colored Translucent 3DL Slope,0,Solid,0,0.0,0.0,0.0,0,0,,,0,5,0,0,0,0,0,0,1,0,0
614,Colored Bricks 3DL Top Left,0,Solid,0,0.0,0.0,0.0,0,0,,,0,5,0,0,0,0,0,0,1,0,0
615,Colored Bricks 3DL Top Middle,0,Solid,0,0.0,0.0,0.0,0,0,,,0,5,0,0,0,0,0,0,1,0,0
616,Colored Bricks 3DL Half Top Middle,0,Solid,0,0.0,0.0,0.0,0,0,,,0,5,0,0,0,0,0,0,1,0,0
617,Colored Bricks 3DL Top Right,0,Solid,0,0.0,0.0,0.0,0,0,,,0,5,0,0,0,0,0,0,1,0,0
618,Colored Bricks 3DL Inner Corner,0,Solid,0,0.0,0.0,0.0,0,0,,,0,5,0,0,0,0,0,0,1,0,0
619,Colored Bricks 3DL Outer Corner,0,Solid,0,0.0,0.0,0.0,0,0,,,0,5,0,0,0,0,0,0,1,0,0
620,Colored Bricks 3DL Half Top Left,0,Solid,0,0.0,0.0,0.0,0,0,,,0,5,0,0,0,0,0,0,1,0,0
621,Colored Bricks 3DL Wide Slope,0,Solid,0,0.0,0.0,0.0,0,0,,,0,5,0,0,0,0,0,0,1,0,0
622,Colored Bricks 3DL Slope,0,Solid,0,0.0,0.0,0.0,0,0,,,0,5,0,0,0,0,0,0,1,0,0
623,Connected Square 3DL Top Left,0,Solid,0,0.0,0.0,0.0,0,0,,,0,5,0,0,0,0,0,0,1,0,0
624,Connected Square 3DL Top Middle,0,Solid,0,0.0,0.0,0.0,0,0,,,0,5,0,0,0,0,0,0,1,0,0
625,Connected Square 3DL Half Top Middle,0,Solid,0,0.0,0.0,0.0,0,0,,,0,5,0,0,0,0,0,0,1,0,0
626,Connected Square 3DL Top Right,0,Solid,0,0.0,0.0,0.0,0,0,,,0,5,0,0,0,0,0,0,1,0,0
627,Connected Square 3DL Inner Corner,0,Solid,0,0.0,0.0,0.0,0,0,,,0,5,0,0,0,0,0,0,1,0,0
628,Connected Square 3DL Outer Corner,0,Solid,0,0.0,0.0,0.0,0,0,,,0,5,0,0,0,0,0,0,1,0,0
629,Connected Square 3DL Half Top Left,0,Solid,0,0.0,0.0,0.0,0,0,,,0,5,0,0,0,0,0,0,1,0,0
630,Connected Square 3DL Wide Slope,0,Solid,0,0.0,0.0,0.0,0,0,,,0,5,0,0,0,0,0,0,1,0,0
631,Connected Square 3DL Slope,0,Solid,0,0.0,0.0,0.0,0,0,,,0,5,0,0,0,0,0,0,1,0,0
632,Connected Diamonds 3DL Top Left,0,Solid,0,0.0,0.0,0.0,0,0,,,0,5,0,0,0,0,0,0,1,0,0
633,Connected Diamonds 3DL Top Middle,0,Solid,0,0.0,0.0,0.0,0,0,,,0,5,0,0,0,0,0,0,1,0,0
634,Connected Diamonds 3DL Half Top Middle,0,Solid,0,0.0,0.0,0.0,0,0,,,0,5,0,0,0,0,0,0,1,0,0
635,Connected Diamonds 3DL Top Right,0,Solid,0,0.0,0.0,0.0,0,0,,,0,5,0,0,0,0,0,0,1,0,0
636,Connected Diamonds 3DL Inner Corner,0,Solid,0,0.0,0.0,0.0,0,0,,,0,5,0,0,0,0,0,0,1,0,0
637,Connected Diamonds 3DL Outer Corner,0,Solid,0,0.0,0.0,0.0,0,0,,,0,5,0,0,0,0,0,0,1,0,0
638,Connected Diamonds 3DL Half Top Left,0,Solid,0,0.0,0.0,0.0,0,0,,,0,5,0,0,0,0,0,0,1,0,0
639,Connected Diamonds 3DL Wide Slope,0,Solid,0,0.0,0.0,0.0,0,0,,,0,5,0,0,0,0,0,0,1,0,0
640,Connected Diamonds 3DL Slope,0,Solid,0,0.0,0.0,0.0,0,0,,,0,5,0,0,0,0,0,0,1,0,0
641,Colored Connected Pluses 3 Sides 2 Corners,7,Decoration,1,30.0,30.0,0.0,0,0,,,-7,1,0,0,0,0,0,0,1,0,0
642,Colored Connected Pluses 2 Sides 1 Corner,7,Decoration,1,30.0,30.0,0.0,0,0,,,-7,1,0,0,0,0,0,0,1,0,0
643,Colored Connected Pluses 1 Side,7,Decoration,1,30.0,30.0,0.0,0,0,,,-7,1,0,0,0,0,0,0,1,0,0
644,Colored Connected Plus,7,Decoration,1,30.0,30.0,0.0,0,0,,,-7,1,0,0,0,0,0,0,1,0,0
645,Colored Connected Pluses 2 Opposite Sides,7,Decoration,1,30.0,30.0,0.0,0,0,,,-7,1,0,0,0,0,0,0,1,0,0
646,Colored Connected Pluses 3 Sides 1 Corner,7,Decoration,1,30.0,30.0,0.0,0,0,,,-7,1,0,0,0,0,0,0,1,0,0
647,Colored Connected Pluses 4 Sides 4 Corners,7,Decoration,1,30.0,30.0,0.0,0,0,,,-7,1,0,0,0,0,0,0,1,0,0
648,Colored Connected Pluses 4 Sides 3 Corners,7,Decoration,1,30.0,30.0,0.0,0,0,,,-7,1,0,0,0,0,0,0,1,0,0
649,Colored Connected Pluses 4 Sides 2 Adjacent Corners,7,Decoration,1,30.0,30.0,0.0,0,0,,,-7,1,0,0,0,0,0,0,1,0,0
650,Colored Connected Plus Empty,7,Decoration,1,30.0,30.0,0.0,0,0,,,-7,1,0,0,0,0,0,0,1,0,0
651,,25,Slope,1,0.0,0.0,0.0,0,0,,,0,5,0,0,0,0,0,0,1,0,0
652,,25,Slope,1,0.0,0.0,0.0,0,0,,,0,5,0,0,0,0,0,0,1,0,0
653,Small White Tile,7,Decoration,1,0.0,0.0,0.0,0,0,,,-7,1,0,0,0,0,0,0,1,0,0
654,Small Dark Grey Tile,7,Decoration,1,0.0,0.0,0.0,0,0,,,-7,1,0,0,0,0,0,0,1,0,0
655,Dark Grey Tile Slab,7,Decoration,1,0.0,0.0,0.0,0,0,,,-7,1,0,0,0,0,0,0,1,0,0
656,White Tile Slab,7,Decoration,1,0.0,0.0,0.0,0,0,,,-7,1,0,0,0,0,0,0,1,0,0
657,Small Checkered Tile,7,Decoration,1,0.0,0.0,0.0,0,0,,,-7,1,0,0,0,0,0,0,1,0,0
658,White Tile,7,Decoration,1,0.0,0.0,0.0,0,0,,,-7,1,0,0,0,0,0,0,1,0,0
659,Dark Grey Tile,7,Decoration,1,0.0,0.0,0.0,0,0,,,-7,1,0,0,0,0,0,0,1,0,0
660,Wave Portal,26,WavePortal,1,0.0,0.0,0.0,0,0,,,10,5,1,1,0,0,0,0,0,0,0
661,Outline Small Square,0,Solid,1,0.0,0.0,0.0,0,0,,,3,5,0,0,0,0,0,0,1,0,0
662,Outline Slab,0,Solid,1,0.0,0.0,0.0,0,0,,,3,5,0,0,0,0,0,0,1,0,0
663,Outline Slab Middle,0,Solid,1,0.0,0.0,0.0,0,0,,,3,5,0,0,0,0,0,0,1,0,0
664,Outline Slab Side,0,Solid,1,0.0,0.0,0.0,0,0,,,3,5,0,0,0,0,0,0,1,0,0
665,Non-Colorable Outline Slope,25,Slope,1,0.0,0.0,0.0,0,0,,,3,5,0,0,0,0,0,0,1,0,0
666,Non-Colorable Outline Wide Slope,25,Slope,1,0.0,0.0,0.0,0,0,,,3,5,0,0,0,0,0,0,1,0,0
667,Non-Colorable Square Black Hazard,2,Hazard,1,0.0,0.0,0.0,0,0,0.3,0.4,1,5,0,0,0,0,0,0,1,0,0
668,Grey Patterned Tile Edge,7,Decoration,1,0.0,0.0,0.0,0,0,,,-7,1,0,0,0,0,0,0,0,0,0
669,Grey Patterned Tile Inner Corner,7,Decoration,1,0.0,0.0,0.0,0,0,,,-7,1,0,0,0,0,0,0,0,0,0
670,Grey Patterned Tile Outer Corner,7,Decoration,1,0.0,0.0,0.0,0,0,,,-7,1,0,0,0,0,0,0,0,0,0
671,Grey Patterned Tile Pipe,7,Decoration,1,0.0,0.0,0.0,0,0,,,-7,1,0,0,0,0,0,0,0,0,0
672,Grey Patterned Tile Pipe Base,7,Decoration,1,0.0,0.0,0.0,0,0,,,-7,1,0,0,0,0,0,0,0,0,0
673,Invisible Slope,25,Slope,1,0.0,0.0,0.0,0,0,,,0,5,0,0,0,0,0,0,1,0,0
674,Invisible Wide Slope,25,Slope,1,0.0,0.0,0.0,0,0,,,0,5,0,0,0,0,0,0,1,0,0
675,,0,Solid,0,0.0,0.0,0.0,0,0,,,0,5,0,0,0,0,0,0,1,0,0
676,,0,Solid,0,0.0,0.0,0.0,0,0,,,0,5,0,0,0,0,0,0,1,0,0
677,,0,Solid,0,0.0,0.0,0.0,0,0,,,0,5,0,0,0,0,0,0,1,0,0
678,Large Colored Gear,0,Solid,0,0.0,0.0,0.0,0,0,,,0,5,0,0,0,0,0,0,1,0,0
679,Medium Colored Gear,0,Solid,0,0.0,0.0,0.0,0,0,,,0,5,0,0,0,0,0,0,1,0,0
680,Small Colored Gear,0,Solid,0,0.0,0.0,0.0,0,0,,,0,5,0,0,0,0,0,0,1,0,0
681,Decorative Grid Patterned Slope,7,Decoration,1,0.0,0.0,0.0,0,0,,,-7,1,0,0,0,0,0,0,1,0,0
682,Decorative Grid Patterned Wide Slope,7,Decoration,1,0.0,0.0,0.0,0,0,,,-7,1,0,0,0,0,0,0,1,0,0
683,Decorative Beveled Slope,7,Decoration,1,0.0,0.0,0.0,0,0,,,-7,1,0,0,0,0,0,0,1,0,0
684,Decorative Beveled Wide Slope,7,Decoration,1,0.0,0.0,0.0,0,0,,,-7,1,0,0,0,0,0,0,1,0,0
685,Decorative Mechanical Slope,7,Decoration,1,0.0,0.0,0.0,0,0,,,-7,1,0,0,0,0,0,0,1,0,0
686,Decorative Mechanical  Wide Slope,7,Decoration,1,0.0,0.0,0.0,0,0,,,-7,1,0,0,0,0,0,0,1,0,0
687,Decorative Black Slope,7,Decoration,1,0.0,0.0,0.0,1,0,,,10,3,0,0,0,0,0,0,0,0,0
688,Decorative Black Wide Slope,7,Decoration,1,0.0,0.0,0.0,1,0,,,10,3,0,0,0,0,0,0,0,0,0
689,Decorative Brick Slope,7,Decoration,1,0.0,0.0,0.0,0,0,,,-7,1,0,0,0,0,0,0,1,0,0
690,Decorative Brick Wide Slope,7,Decoration,1,0.0,0.0,0.0,0,0,,,-7,1,0,0,0,0,0,0,1,0,0
691,Decorative Striped Slope,7,Decoration,1,0.0,0.0,0.0,0,0,,,-7,1,0,0,0,0,0,0,1,0,0
692,Decorative Striped Wide Slope,7,Decoration,1,0.0,0.0,0.0,0,0,,,-7,1,0,0,0,0,0,0,1,0,0
693,Decorative Colored Slope,7,Decoration,1,0.0,0.0,0.0,1,0,,,-7,1,0,0,0,0,0,1,0,0,0
694,Decorative Colored Wide Slope,7,Decoration,1,0.0,0.0,0.0,1,0,,,-7,1,0,0,0,0,0,1,0,0,0
695,Decorative Colored Grid Patterned Slope,7,Decoration,1,0.0,0.0,0.0,0,0,,,-7,1,0,0,0,0,0,0,0,0,0
696,Decorative Colored Grid Patterned Wide Slope,7,Decoration,1,0.0,0.0,0.0,0,0,,,-7,1,0,0,0,0,0,0,0,0,0
697,Decorative Colored Beveled Slope,7,Decoration,1,0.0,0.0,0.0,0,0,,,-7,1,0,0,0,0,0,0,0,0,0
698,Decorative Colored Beveled Wide Slope,7,Decoration,1,0.0,0.0,0.0,0,0,,,-7,1,0,0,0,0,0,0,0,0,0
699,Decorative Colored Mechanical Slope,7,Decoration,1,0.0,0.0,0.0,0,0,,,-7,1,0,0,0,0,0,0,0,0,0
700,Decorative Colored Mechanical Wide Slope,7,Decoration,1,0.0,0.0,0.0,0,0,,,-7,1,0,0,0,0,0,0,0,0,0
701,Decorative Colored Brick Slope,7,Decoration,1,0.0,0.0,0.0,0,0,,,-7,1,0,0,0,0,0,0,0,0,0
702,Decorative Colored Brick Wide Slope,7,Decoration,1,0.0,0.0,0.0,0,0,,,-7,1,0,0,0,0,0,0,0,0,0
703,Decorative Colored Connected Square Slope,7,Decoration,1,0.0,0.0,0.0,0,0,,,-7,1,0,0,0,0,0,0,1,0,0
704,Decorative Colored Connected Square Wide Slope,7,Decoration,1,0.0,0.0,0.0,0,0,,,-7,1,0,0,0,0,0,0,1,0,0
705,Decorative Colored Connected Diamonds Slope,7,Decoration,1,0.0,0.0,0.0,0,0,,,-7,1,0,0,0,0,0,0,1,0,0
706,Decorative Colored Connected Diamonds Wide Slope,7,Decoration,1,0.0,0.0,0.0,0,0,,,-7,1,0,0,0,0,0,0,1,0,0
707,Decorative Colored Connected Pluses Slope,7,Decoration,1,0.0,0.0,0.0,0,0,,,-7,1,0,0,0,0,0,0,1,0,0
708,Decorative Colored Connected Pluses Wide Slope,7,Decoration,1,0.0,0.0,0.0,0,0,,,-7,1,0,0,0,0,0,0,1,0,0
709,,25,Slope,1,0.0,0.0,0.0,0,0,,,0,5,0,0,0,0,0,0,1,0,0
710,,25,Slope,1,0.0,0.0,0.0,0,0,,,0,5,0,0,0,0,0,0,1,0,0
711,,25,Slope,1,0.0,0.0,0.0,0,0,,,0,5,0,0,0,0,0,0,1,0,0
712,,25,Slope,1,0.0,0.0,0.0,0,0,,,0,5,0,0,0,0,0,0,1,0,0
713,White Tile Slope,7,Decoration,1,0.0,0.0,0.0,0,0,,,-7,1,0,0,0,0,0,0,1,0,0
714,White Tile Wide Slope,7,Decoration,1,0.0,0.0,0.0,0,0,,,-7,1,0,0,0,0,0,0,1,0,0
715,Dark Grey Tile Slope,7,Decoration,1,0.0,0.0,0.0,0,0,,,-7,1,0,0,0,0,0,0,1,0,0
716,Dark Grey Tile Wide Slope,7,Decoration,1,0.0,0.0,0.0,0,0,,,-7,1,0,0,0,0,0,0,1,0,0
717,,0,Solid,0,0.0,0.0,0.0,0,0,,,0,5,1,0,0,0,0,0,1,0,0
718,,0,Solid,0,0.0,0.0,0.0,0,0,,,0,5,1,0,0,0,0,0,1,0,0
719,Square Pit Outline,7,Decoration,1,0.0,0.0,0.0,0,0,,,9,3,0,0,0,0,0,0,0,0,0
720,Non-Colorable Square Black Edge Hazard,2,Hazard,1,0.0,0.0,0.0,0,0,0.3,0.4,1,5,0,0,0,0,0,0,1,0,0
721,Square Pit Outline Corner,7,Decoration,1,0.0,0.0,0.0,0,0,,,9,3,0,0,0,0,0,0,0,0,0
722,Light Grey Tile,7,Decoration,1,0.0,0.0,0.0,0,0,,,-7,1,0,0,0,0,0,0,1,0,0
723,Light Grey Tile Slab,7,Decoration,1,0.0,0.0,0.0,0,0,,,-7,1,0,0,0,0,0,0,1,0,0
724,Small Light Grey Tile,7,Decoration,1,0.0,0.0,0.0,0,0,,,-7,1,0,0,0,0,0,0,1,0,0
725,,7,Decoration,1,0.0,0.0,0.0,0,0,,,-6,1,0,0,0,0,0,0,0,0,0
726,,25,Slope,1,0.0,0.0,0.0,0,0,,,0,5,0,0,0,0,0,0,1,0,0
727,,25,Slope,1,0.0,0.0,0.0,0,0,,,0,5,0,0,0,0,0,0,1,0,0
728,,25,Slope,1,0.0,0.0,0.0,0,0,,,0,5,0,0,0,0,0,0,1,0,0
729,,25,Slope,1,0.0,0.0,0.0,0,0,,,0,5,0,0,0,0,0,0,1,0,0
730,Light Grey Tile Slope,7,Decoration,1,0.0,0.0,0.0,0,0,,,-7,1,0,0,0,0,0,0,1,0,0
731,Light Grey Tile Wide Slope,7,Decoration,1,0.0,0.0,0.0,0,0,,,-7,1,0,0,0,0,0,0,1,0,0
732,Black Tile Slope,7,Decoration,1,0.0,0.0,0.0,0,0,,,-7,1,0,0,0,0,0,0,1,0,0
733,Black Tile Wide Slope,7,Decoration,1,0.0,0.0,0.0,0,0,,,-7,1,0,0,0,0,0,0,1,0,0
734,Black Tile,7,Decoration,1,0.0,0.0,0.0,0,0,,,-7,1,0,0,0,0,0,0,1,0,0
735,Black Tile Slab,7,Decoration,1,0.0,0.0,0.0,0,0,,,-7,1,0,0,0,0,0,0,1,0,0
736,Small Black Tile,7,Decoration,1,0.0,0.0,0.0,0,0,,,-7,1,0,0,0,0,0,0,1,0,0
737,Stripe Pillar/Outer Corner Square,7,Decoration,1,0.0,0.0,0.0,0,0,,,-7,1,0,0,0,0,0,0,1,0,0
738,Grey Patterned Tile ,7,Decoration,1,0.0,0.0,0.0,0,0,,,-7,1,0,0,0,0,0,0,0,0,0
739,Colored Connected Pluses 2 Adjacent Sides,7,Decoration,1,30.0,30.0,0.0,0,0,,,-7,1,0,0,0,0,0,0,1,0,0
740,Large Invisible Blade,0,Solid,0,0.0,0.0,0.0,0,0,,,0,5,0,0,0,0,0,0,1,0,0
741,Medium Invisible Blade,0,Solid,0,0.0,0.0,0.0,0,0,,,0,5,0,0,0,0,0,0,1,0,0
742,Small Invisible Blade,0,Solid,0,0.0,0.0,0.0,0,0,,,0,5,0,0,0,0,0,0,1,0,0
743,,0,Solid,0,0.0,0.0,0.0,0,0,,,0,5,1,0,0,0,0,0,1,0,0
744,,20,Modifier,1,30.0,30.0,0.0,0,0,,,0,5,1,0,0,0,0,0,0,0,0
745,Robot Portal,27,RobotPortal,1,0.0,0.0,0.0,0,0,,,10,5,1,1,0,0,0,0,0,0,0
746,,0,Solid,0,0.0,0.0,0.0,0,0,,,0,5,0,0,0,0,0,0,1,0,0
747,Linked Teleport Portals,28,TeleportPortal,1,25.0,0.0,0.0,0,0,,,10,5,1,1,0,0,0,0,0,0,0
748,,0,Solid,0,0.0,0.0,0.0,0,0,,,0,5,0,0,0,0,0,0,1,0,0
749,,7,Decoration,1,0.0,0.0,0.0,0,0,,,10,5,1,0,0,0,0,0,0,0,0
750,,0,Solid,0,0.0,0.0,0.0,0,0,,,0,5,0,0,0,0,0,0,1,0,0
751,,0,Solid,0,0.0,0.0,0.0,0,0,,,0,5,0,0,0,0,0,0,1,0,0
752,Grass Block Top,7,Decoration,1,0.0,0.0,0.0,0,0,,,-7,1,0,0,0,0,0,0,1,0,0
753,Grass Block Outer Corner,7,Decoration,1,0.0,0.0,0.0,0,0,,,-7,1,0,0,0,0,0,0,1,0,0
754,Grass Block Inner Corner,7,Decoration,1,0.0,0.0,0.0,0,0,,,-7,1,0,0,0,0,0,0,1,0,0
755,Grass Block Center,7,Decoration,1,0.0,0.0,0.0,0,0,,,-7,1,0,0,0,0,0,0,1,0,0
756,Grass Block Pillar Top,7,Decoration,1,0.0,0.0,0.0,0,0,,,-7,1,0,0,0,0,0,0,1,0,0
757,Grass Block Pillar,7,Decoration,1,0.0,0.0,0.0,0,0,,,-7,1,0,0,0,0,0,0,1,0,0
758,Grass Block Two Adjacent Corners,7,Decoration,1,0.0,0.0,0.0,0,0,,,-7,1,0,0,0,0,0,0,1,0,0
759,Grass Block Square,7,Decoration,1,0.0,0.0,0.0,0,0,,,-7,1,0,0,0,0,0,0,1,0,0
760,,0,Solid,0,0.0,0.0,0.0,0,0,,,0,5,0,0,0,0,0,0,1,0,0
761,,0,Solid,0,0.0,0.0,0.0,0,0,,,0,5,0,0,0,0,0,0,1,0,0
762,Grass Block Slope,7,Decoration,1,0.0,0.0,0.0,0,0,,,-7,1,0,0,0,0,0,0,1,0,0
763,Grass Block Wide Slope,7,Decoration,1,0.0,0.0,0.0,0,0,,,-7,1,0,0,0,0,0,0,1,0,0
764,Grass Block Slope Connector,7,Decoration,1,0.0,0.0,0.0,0,0,,,-7,1,0,0,0,0,0,0,1,0,0
765,Grass Block Wide Slope Connector 1,7,Decoration,1,0.0,0.0,0.0,0,0,,,-7,1,0,0,0,0,0,0,1,0,0
766,Grass Block Wide Slope Connector 2,7,Decoration,1,0.0,0.0,0.0,0,0,,,-7,1,0,0,0,0,0,0,1,0,0
767,Jagged Highlight Half,7,Decoration,1,0.0,0.0,0.0,0,0,,,9,3,0,0,0,0,0,0,0,0,0
768,Non-Colorable Wide Spike Black Half Hazard,2,Hazard,1,0.0,0.0,0.0,0,0,0.3,0.4,1,5,0,0,0,0,0,0,1,0,0
769,Grass Platform Middle,7,Decoration,1,0.0,0.0,0.0,0,0,,,-7,1,0,0,0,0,0,0,1,0,0
770,Grass Platform Side,7,Decoration,1,0.0,0.0,0.0,0,0,,,-7,1,0,0,0,0,0,0,1,0,0
771,Grass Platform Slope,7,Decoration,1,0.0,0.0,0.0,0,0,,,-7,1,0,0,0,0,0,0,1,0,0
772,Grass Platform Wide Slope,7,Decoration,1,0.0,0.0,0.0,0,0,,,-7,1,0,0,0,0,0,0,1,0,0
773,Grass Platform Slope Connector,7,Decoration,1,0.0,0.0,0.0,0,0,,,-7,1,0,0,0,0,0,0,1,0,0
774,Grass Platform Wide Slope Connector 1,7,Decoration,1,0.0,0.0,0.0,0,0,,,-7,1,0,0,0,0,0,0,1,0,0
775,Grass Platform Wide Slope Connector 2,7,Decoration,1,0.0,0.0,0.0,0,0,,,-7,1,0,0,0,0,0,0,1,0,0
776,,0,Solid,0,0.0,0.0,0.0,0,0,,,0,5,0,0,0,0,0,0,1,0,0
777,,0,Solid,0,0.0,0.0,0.0,0,0,,,0,5,0,0,0,0,0,0,1,0,0
778,,0,Solid,0,0.0,0.0,0.0,0,0,,,0,5,0,0,0,0,0,0,1,0,0
779,,0,Solid,0,0.0,0.0,0.0,0,0,,,0,5,0,0,0,0,0,0,1,0,0
780,,0,Solid,0,0.0,0.0,0.0,0,0,,,0,5,0,0,0,0,0,0,1,0,0
781,,0,Solid,0,0.0,0.0,0.0,0,0,,,0,5,0,0,0,0,0,0,1,0,0
782,,0,Solid,0,0.0,0.0,0.0,0,0,,,0,5,0,0,0,0,0,0,1,0,0
783,,0,Solid,0,0.0,0.0,0.0,0,0,,,0,5,0,0,0,0,0,0,1,0,0
784,,0,Solid,0,0.0,0.0,0.0,0,0,,,0,5,0,0,0,0,0,0,1,0,0
785,,0,Solid,0,0.0,0.0,0.0,0,0,,,0,5,0,0,0,0,0,0,1,0,0
786,,0,Solid,0,0.0,0.0,0.0,0,0,,,0,5,0,0,0,0,0,0,1,0,0
787,,0,Solid,0,0.0,0.0,0.0,0,0,,,0,5,0,0,0,0,0,0,1,0,0
788,,0,Solid,0,0.0,0.0,0.0,0,0,,,0,5,0,0,0,0,0,0,1,0,0
789,,0,Solid,0,0.0,0.0,0.0,0,0,,,0,5,0,0,0,0,0,0,1,0,0
790,,0,Solid,0,0.0,0.0,0.0,0,0,,,0,5,0,0,0,0,0,0,1,0,0
791,,0,Solid,0,0.0,0.0,0.0,0,0,,,0,5,0,0,0,0,0,0,1,0,0
792,,0,Solid,0,0.0,0.0,0.0,0,0,,,0,5,0,0,0,0,0,0,1,0,0
793,,0,Solid,0,0.0,0.0,0.0,0,0,,,0,5,0,0,0,0,0,0,1,0,0
794,,0,Solid,0,0.0,0.0,0.0,0,0,,,0,5,0,0,0,0,0,0,1,0,0
795,,0,Solid,0,0.0,0.0,0.0,0,0,,,0,5,0,0,0,0,0,0,1,0,0
796,,0,Solid,0,0.0,0.0,0.0,0,0,,,0,5,0,0,0,0,0,0,1,0,0
797,,0,Solid,0,0.0,0.0,0.0,0,0,,,0,5,0,0,0,0,0,0,1,0,0
798,,0,Solid,0,0.0,0.0,0.0,0,0,,,0,5,0,0,0,0,0,0,1,0,0
799,,0,Solid,0,0.0,0.0,0.0,0,0,,,0,5,0,0,0,0,0,0,1,0,0
800,,0,Solid,0,0.0,0.0,0.0,0,0,,,0,5,0,0,0,0,0,0,1,0,0
801,,0,Solid,0,0.0,0.0,0.0,0,0,,,0,5,0,0,0,0,0,0,1,0,0
802,,0,Solid,0,0.0,0.0,0.0,0,0,,,0,5,0,0,0,0,0,0,1,0,0
803,,0,Solid,0,0.0,0.0,0.0,0,0,,,0,5,0,0,0,0,0,0,1,0,0
804,,0,Solid,0,0.0,0.0,0.0,0,0,,,0,5,0,0,0,0,0,0,1,0,0
805,,0,Solid,0,0.0,0.0,0.0,0,0,,,0,5,0,0,0,0,0,0,1,0,0
806,,0,Solid,0,0.0,0.0,0.0,0,0,,,0,5,0,0,0,0,0,0,1,0,0
807,Light Industrial Block Top,7,Decoration,1,0.0,0.0,0.0,0,0,,,-7,1,0,0,0,0,0,0,0,0,0
808,Dark Industrial Block Top,7,Decoration,1,0.0,0.0,0.0,0,0,,,-7,1,0,0,0,0,0,0,0,0,0
809,Light Industrial Block Corner,7,Decoration,1,0.0,0.0,0.0,0,0,,,-7,1,0,0,0,0,0,0,0,0,0
810,Dark Industrial Block Corner,7,Decoration,1,0.0,0.0,0.0,0,0,,,-7,1,0,0,0,0,0,0,0,0,0
811,Light Industrial Block Pillar,7,Decoration,1,0.0,0.0,0.0,0,0,,,-7,1,0,0,0,0,0,0,0,0,0
812,Dark Industrial Block Pillar,7,Decoration,1,0.0,0.0,0.0,0,0,,,-7,1,0,0,0,0,0,0,0,0,0
813,Light Industrial Block Pillar Top,7,Decoration,1,0.0,0.0,0.0,0,0,,,-7,1,0,0,0,0,0,0,0,0,0
814,Dark Industrial Block Pillar Top,7,Decoration,1,0.0,0.0,0.0,0,0,,,-7,1,0,0,0,0,0,0,0,0,0
815,Light Industrial Block Square,7,Decoration,1,0.0,0.0,0.0,0,0,,,-7,1,0,0,0,0,0,0,0,0,0
816,Dark Industrial Block Square,7,Decoration,1,0.0,0.0,0.0,0,0,,,-7,1,0,0,0,0,0,0,0,0,0
817,Light Industrial Block with Bolts,7,Decoration,1,0.0,0.0,0.0,0,0,,,-7,1,0,0,0,0,0,0,0,0,0
818,Dark Industrial Block with Bolts,7,Decoration,1,0.0,0.0,0.0,0,0,,,-7,1,0,0,0,0,0,0,0,0,0
819,Light Industrial Block with Hatch,7,Decoration,1,0.0,0.0,0.0,0,0,,,-7,1,0,0,0,0,0,0,0,0,0
820,Dark Industrial Block with Hatch,7,Decoration,1,0.0,0.0,0.0,0,0,,,-7,1,0,0,0,0,0,0,0,0,0
821,Light Industrial Block with Doors,7,Decoration,1,0.0,0.0,0.0,0,0,,,-7,1,0,0,0,0,0,0,0,0,0
822,Dark Industrial Block with Doors,7,Decoration,1,0.0,0.0,0.0,0,0,,,-7,1,0,0,0,0,0,0,0,0,0
823,Light Industrial Block Inner Square,7,Decoration,1,0.0,0.0,0.0,0,0,,,-7,1,0,0,0,0,0,0,0,0,0
824,Dark Industrial Block Inner Square,7,Decoration,1,0.0,0.0,0.0,0,0,,,-7,1,0,0,0,0,0,0,0,0,0
825,Colored Center Industrial Block,7,Decoration,1,0.0,0.0,0.0,0,0,,,-7,1,0,0,0,0,0,0,0,0,0
826,Light Industrial Block Slope,7,Decoration,1,0.0,0.0,0.0,0,0,,,-7,1,0,0,0,0,0,0,0,0,0
827,Dark Industrial Block Slope,7,Decoration,1,0.0,0.0,0.0,0,0,,,-7,1,0,0,0,0,0,0,0,0,0
828,Light Industrial Block Wide Slope,7,Decoration,1,0.0,0.0,0.0,0,0,,,-7,1,0,0,0,0,0,0,0,0,0
829,Dark Industrial Block Wide Slope,7,Decoration,1,0.0,0.0,0.0,0,0,,,-7,1,0,0,0,0,0,0,0,0,0
830,Light Industrial Block Slope Connector,7,Decoration,1,0.0,0.0,0.0,0,0,,,-7,1,0,0,0,0,0,0,0,0,0
831,Dark Industrial Block Slope Connector,7,Decoration,1,0.0,0.0,0.0,0,0,,,-7,1,0,0,0,0,0,0,0,0,0
832,Light Industrial Block Wide Slope Connector,7,Decoration,1,0.0,0.0,0.0,0,0,,,-7,1,0,0,0,0,0,0,0,0,0
833,Dark Industrial Block Wide Slope Connector,7,Decoration,1,0.0,0.0,0.0,0,0,,,-7,1,0,0,0,0,0,0,0,0,0
834,,0,Solid,0,0.0,0.0,0.0,0,0,,,0,5,0,0,0,0,0,0,1,0,0
835,,0,Solid,0,0.0,0.0,0.0,0,0,,,0,5,0,0,0,0,0,0,1,0,0
836,,0,Solid,0,0.0,0.0,0.0,0,0,,,0,5,0,0,0,0,0,0,1,0,0
837,,0,Solid,0,0.0,0.0,0.0,0,0,,,0,5,0,0,0,0,0,0,1,0,0
838,,0,Solid,0,0.0,0.0,0.0,0,0,,,0,5,0,0,0,0,0,0,1,0,0
839,,0,Solid,0,0.0,0.0,0.0,0,0,,,0,5,0,0,0,0,0,0,1,0,0
840,,0,Solid,0,0.0,0.0,0.0,0,0,,,0,5,0,0,0,0,0,0,1,0,0
841,Shiny Industrial Glass Block Corner,7,Decoration,1,0.0,0.0,0.0,0,0,,,-7,1,0,0,0,0,0,0,0,0,0
842,Shiny Industrial Glass Block 3 Sides,7,Decoration,1,0.0,0.0,0.0,0,0,,,-7,1,0,0,0,0,0,0,0,0,0
843,Shiny Industrial Glass Block Pillar,7,Decoration,1,0.0,0.0,0.0,0,0,,,-7,1,0,0,0,0,0,0,0,0,0
844,Industrial Glass Block Pillar,7,Decoration,1,0.0,0.0,0.0,0,0,,,-7,1,0,0,0,0,0,0,0,0,0
845,Shiny Industrial Glass Block 4 Sides,7,Decoration,1,0.0,0.0,0.0,0,0,,,-7,1,0,0,0,0,0,0,0,0,0
846,Shiny Industrial Glass Block Pillar Top,7,Decoration,1,0.0,0.0,0.0,0,0,,,-7,1,0,0,0,0,0,0,0,0,0
847,Shiny Industrial Glass Block Square,7,Decoration,1,0.0,0.0,0.0,0,0,,,-7,1,0,0,0,0,0,0,0,0,0
848,Shiny Industrial Glass Block with Octagon,7,Decoration,1,0.0,0.0,0.0,0,0,,,-7,1,0,0,0,0,0,0,0,0,0
849,,0,Solid,0,0.0,0.0,0.0,0,0,,,0,5,0,0,0,0,0,0,1,0,0
850,Small Beveled Pipe Square,7,Decoration,1,0.0,0.0,0.0,0,0,,,-7,1,0,0,0,0,0,0,0,0,0
851,,0,Solid,0,0.0,0.0,0.0,0,0,,,0,5,0,0,0,0,0,0,1,0,0
852,,0,Solid,0,0.0,0.0,0.0,0,0,,,0,5,0,0,0,0,0,0,1,0,0
853,Small Beveled Pipe Connector,7,Decoration,1,0.0,0.0,0.0,0,0,,,-7,1,0,0,0,0,0,0,0,0,0
854,Small Beveled Pipe Right-Down,7,Decoration,1,0.0,0.0,0.0,0,0,,,-7,1,0,0,0,0,0,0,0,0,0
855,Small Beveled Pipe Up-Left,7,Decoration,1,0.0,0.0,0.0,0,0,,,-7,1,0,0,0,0,0,0,0,0,0
856,Small Beveled Pipe Left-Down,7,Decoration,1,0.0,0.0,0.0,0,0,,,-7,1,0,0,0,0,0,0,0,0,0
857,Small Beveled Pipe Down,7,Decoration,1,0.0,0.0,0.0,0,0,,,-7,1,0,0,0,0,0,0,0,0,0
858,,0,Solid,0,0.0,0.0,0.0,0,0,,,0,5,0,0,0,0,0,0,1,0,0
859,Small Beveled Pipe Up,7,Decoration,1,0.0,0.0,0.0,0,0,,,-7,1,0,0,0,0,0,0,0,0,0
860,,0,Solid,0,0.0,0.0,0.0,0,0,,,0,5,0,0,0,0,0,0,1,0,0
861,Small Beveled Pipe Up-Left-Right,7,Decoration,1,0.0,0.0,0.0,0,0,,,-7,1,0,0,0,0,0,0,0,0,0
862,Small Beveled Pipe Left-Right-Down,7,Decoration,1,0.0,0.0,0.0,0,0,,,-7,1,0,0,0,0,0,0,0,0,0
863,Small Beveled Pipe Up-Left-Down-Right,7,Decoration,1,0.0,0.0,0.0,0,0,,,-7,1,0,0,0,0,0,0,0,0,0
864,,0,Solid,0,0.0,0.0,0.0,0,0,,,0,5,0,0,0,0,0,0,1,0,0
865,,0,Solid,0,0.0,0.0,0.0,0,0,,,0,5,0,0,0,0,0,0,1,0,0
866,,0,Solid,0,0.0,0.0,0.0,0,0,,,0,5,0,0,0,0,0,0,1,0,0
867,Beveled Bricks 1,7,Decoration,1,0.0,0.0,0.0,0,0,,,-7,1,0,0,0,0,0,0,0,0,0
868,Beveled Bricks 2,7,Decoration,1,0.0,0.0,0.0,0,0,,,-7,1,0,0,0,0,0,0,0,0,0
869,Large Beveled Bricks Middle,7,Decoration,1,0.0,0.0,0.0,0,0,,,-7,1,0,0,0,0,0,0,0,0,0
870,Large Beveled Bricks with English Bond,7,Decoration,1,0.0,0.0,0.0,0,0,,,-7,1,0,0,0,0,0,0,0,0,0
871,Large Beveled Bricks Left 1,7,Decoration,1,0.0,0.0,0.0,0,0,,,-7,1,0,0,0,0,0,0,0,0,0
872,Large Beveled Bricks Right 1,7,Decoration,1,0.0,0.0,0.0,0,0,,,-7,1,0,0,0,0,0,0,0,0,0
873,Large Beveled Brick,7,Decoration,1,0.0,0.0,0.0,0,0,,,-7,1,0,0,0,0,0,0,0,0,0
874,Large Beveled Small Brick,7,Decoration,1,0.0,0.0,0.0,0,0,,,-7,1,0,0,0,0,0,0,0,0,0
875,,0,Solid,0,0.0,0.0,0.0,0,0,,,0,5,0,0,0,0,0,0,1,0,0
876,,0,Solid,0,0.0,0.0,0.0,0,0,,,0,5,0,0,0,0,0,0,1,0,0
877,Large Beveled Bricks Slope,7,Decoration,1,0.0,0.0,0.0,0,0,,,-7,1,0,0,0,0,0,0,0,0,0
878,Large Beveled Bricks Wide Slope,7,Decoration,1,0.0,0.0,0.0,0,0,,,-7,1,0,0,0,0,0,0,0,0,0
879,,0,Solid,0,0.0,0.0,0.0,0,0,,,0,5,0,0,0,0,0,0,1,0,0
880,Small Beveled Bricks,7,Decoration,1,0.0,0.0,0.0,0,0,,,-7,1,0,0,0,0,0,0,0,0,0
881,Small Beveled Bricks with Top Recess,7,Decoration,1,0.0,0.0,0.0,0,0,,,-7,1,0,0,0,0,0,0,0,0,0
882,Small Beveled Brick Pile Left,7,Decoration,1,0.0,0.0,0.0,0,0,,,-7,1,0,0,0,0,0,0,0,0,0
883,Small Beveled Brick Pile Right,7,Decoration,1,0.0,0.0,0.0,0,0,,,-7,1,0,0,0,0,0,0,0,0,0
884,Small Beveled Bricks Left,7,Decoration,1,0.0,0.0,0.0,0,0,,,-7,1,0,0,0,0,0,0,0,0,0
885,Small Beveled Bricks Right,7,Decoration,1,0.0,0.0,0.0,0,0,,,-7,1,0,0,0,0,0,0,0,0,0
886,,25,Slope,1,0.0,0.0,0.0,0,0,,,0,5,0,0,0,0,0,0,1,0,0
887,,25,Slope,1,0.0,0.0,0.0,0,0,,,0,5,0,0,0,0,0,0,1,0,0
888,Small Beveled Bricks Slope,7,Decoration,1,0.0,0.0,0.0,0,0,,,-7,1,0,0,0,0,0,0,0,0,0
889,Small Beveled Bricks Wide Slope,7,Decoration,1,0.0,0.0,0.0,0,0,,,-7,1,0,0,0,0,0,0,0,0,0
890,Beveled Block,7,Decoration,1,0.0,0.0,0.0,0,0,,,-7,1,0,0,0,0,0,0,0,0,0
891,Beveled Slab,7,Decoration,1,0.0,0.0,0.0,0,0,,,-7,1,0,0,0,0,0,0,0,0,0
892,,0,Solid,0,0.0,0.0,0.0,0,0,,,0,5,0,0,0,0,0,0,1,0,0
893,Thin Beveled Pipe,7,Decoration,1,0.0,0.0,0.0,0,0,,,-7,1,0,0,0,0,0,0,0,0,0
894,Thin Beveled Pipe with Shadow,7,Decoration,1,0.0,0.0,0.0,0,0,,,-7,1,0,0,0,0,0,0,0,0,0
895,Single Beveled Slope,7,Decoration,1,0.0,0.0,0.0,0,0,,,-7,1,0,0,0,0,0,0,0,0,0
896,Single Beveled Wide Slope,7,Decoration,1,0.0,0.0,0.0,0,0,,,-7,1,0,0,0,0,0,0,0,0,0
897,,0,Solid,0,0.0,0.0,0.0,0,0,,,0,5,0,0,0,0,0,0,1,0,0
898,,0,Solid,0,0.0,0.0,0.0,0,0,,,0,5,0,0,0,0,0,0,1,0,0
899,Color Trigger,20,Modifier,1,30.0,30.0,0.0,0,0,,,0,5,1,0,0,0,0,0,0,0,0
900,,20,Modifier,1,30.0,30.0,0.0,0,0,,,0,5,1,0,0,0,0,0,0,0,0
901,Move Trigger,20,Modifier,1,30.0,30.0,0.0,0,0,,,0,5,1,0,0,0,0,0,0,0,0
902,3DL White Wide Slope Thin,0,Solid,0,0.0,0.0,0.0,0,0,,,0,5,0,0,0,0,0,0,1,0,0
903,Textured Grass Block Platform Side,7,Decoration,1,0.0,0.0,0.0,0,0,,,-7,1,0,0,0,0,0,0,1,0,0
904,Textured Grass Block Single Platform,7,Decoration,1,0.0,0.0,0.0,0,0,,,-7,1,0,0,0,0,0,0,1,0,0
905,Textured Grass Base,7,Decoration,1,0.0,0.0,0.0,0,0,,,-7,1,0,0,0,0,0,0,1,0,0
906,Patch of Grass 5,7,Decoration,1,0.0,0.0,0.0,0,0,,,1,3,0,0,0,0,0,0,0,0,0
907,Large Bush,7,Decoration,1,0.0,0.0,0.0,0,0,,,-5,3,0,0,0,0,0,0,0,0,0
908,Medium Bush,7,Decoration,1,0.0,0.0,0.0,0,0,,,-5,3,0,0,0,0,0,0,0,0,0
909,Small Bush,7,Decoration,1,0.0,0.0,0.0,0,0,,,-5,3,0,0,0,0,0,0,0,0,0
910,Tiny Bush,7,Decoration,1,0.0,0.0,0.0,0,0,,,-5,3,0,0,0,0,0,0,0,0,0
911,Textured Grass Block Base Side,7,Decoration,1,0.0,0.0,0.0,0,0,,,-7,1,0,0,0,0,0,0,1,0,0
912,,0,Solid,0,0.0,0.0,0.0,0,0,,,0,5,0,0,0,0,0,0,1,0,0
913,,0,Solid,0,0.0,0.0,0.0,0,0,,,0,5,0,0,0,0,0,0,1,0,0
914,Text,7,Decoration,1,0.0,0.0,0.0,0,0,,,1,5,0,0,0,0,0,0,0,0,0
915,,20,Modifier,1,30.0,30.0,0.0,0,0,,,0,5,1,0,0,0,0,0,0,0,0
916,Quarter Colored Block,7,Decoration,1,0.0,0.0,0.0,0,0,,,-5,3,0,0,0,0,0,0,0,0,0
917,One-Sixteenth Colored Block,7,Decoration,1,0.0,0.0,0.0,0,0,,,-5,3,0,0,0,0,0,0,0,0,0
918,Large Beast Hazard,47,AnimatedHazard,1,0.0,0.0,0.0,0,0,,,0,5,0,0,0,0,0,0,1,0,0
919,Animated Black Pit Hazard,2,Hazard,1,0.0,0.0,0.0,0,0,,,0,5,0,0,0,0,0,0,1,0,0
920,Large Fire Animation,0,Solid,0,0.0,0.0,0.0,0,0,,,0,5,0,0,0,0,0,0,1,0,0
921,Thin Fire Burst Animation,0,Solid,0,0.0,0.0,0.0,0,0,,,0,5,0,0,0,0,0,0,1,0,0
922,,0,Solid,0,0.0,0.0,0.0,0,0,,,0,5,0,0,0,0,0,0,1,0,0
923,Thin Fire 1 Animation,0,Solid,0,0.0,0.0,0.0,0,0,,,0,5,0,0,0,0,0,0,1,0,0
924,Thin Fire 2 Animation,0,Solid,0,0.0,0.0,0.0,0,0,,,0,5,0,0,0,0,0,0,1,0,0
925,Small 90 Degree Rainbow,7,Decoration,1,70.0,70.0,0.0,0,0,,,0,1,0,0,0,0,0,0,0,0,0
926,Large 90 Degree Rainbow,7,Decoration,1,130.0,130.0,0.0,0,0,,,0,1,0,0,0,0,0,0,0,0,0
927,Rainbow Block,7,Decoration,1,0.0,0.0,0.0,0,0,,,-7,1,0,0,0,0,0,0,0,0,0
928,Rainbow Block Outer Corner,7,Decoration,1,0.0,0.0,0.0,0,0,,,-7,1,0,0,0,0,0,0,0,0,0
929,Rainbow Block Pillar Top,7,Decoration,1,0.0,0.0,0.0,0,0,,,-7,1,0,0,0,0,0,0,0,0,0
930,Rainbow Block Pillar,7,Decoration,1,0.0,0.0,0.0,0,0,,,-7,1,0,0,0,0,0,0,0,0,0
931,Rainbow Block Up-Left-Right,7,Decoration,1,0.0,0.0,0.0,0,0,,,-7,1,0,0,0,0,0,0,0,0,0
932,Rainbow Block Inner Corner,7,Decoration,1,0.0,0.0,0.0,0,0,,,-7,1,0,0,0,0,0,0,0,0,0
933,Inverted Rainbow Block Pillar Top,7,Decoration,1,0.0,0.0,0.0,0,0,,,-7,1,0,0,0,0,0,0,0,0,0
934,Inverted Rainbow Block Pillar,7,Decoration,1,0.0,0.0,0.0,0,0,,,-7,1,0,0,0,0,0,0,0,0,0
935,Rainbow Block Left-Right-Down,7,Decoration,1,0.0,0.0,0.0,0,0,,,-7,1,0,0,0,0,0,0,0,0,0
936,Medium Cartoon Cloud,7,Decoration,1,0.0,0.0,0.0,0,0,,,-5,3,0,0,0,0,0,0,0,0,0
937,Large Cartoon Cloud,7,Decoration,1,0.0,0.0,0.0,0,0,,,-5,3,0,0,0,0,0,0,0,0,0
938,Small Cartoon Cloud,7,Decoration,1,0.0,0.0,0.0,0,0,,,-5,3,0,0,0,0,0,0,0,0,0
939,Flower,7,Decoration,1,0.0,0.0,0.0,0,0,,,-5,3,0,0,0,0,0,0,0,0,0
940,Patch of Grass 6,7,Decoration,1,0.0,0.0,0.0,0,0,,,-5,3,0,0,0,0,0,0,0,0,0
941,Patch of Grass 7,7,Decoration,1,0.0,0.0,0.0,0,0,,,-5,3,0,0,0,0,0,0,0,0,0
942,Patch of Grass 8,7,Decoration,1,0.0,0.0,0.0,0,0,,,-5,3,0,0,0,0,0,0,0,0,0
943,Textured Grass 3DL Top Left,0,Solid,0,0.0,0.0,0.0,0,0,,,0,5,0,0,0,0,0,0,1,0,0
944,Textured Grass 3DL Top Middle,0,Solid,0,0.0,0.0,0.0,0,0,,,0,5,0,0,0,0,0,0,1,0,0
945,Textured Grass 3DL Half Top Middle,0,Solid,0,0.0,0.0,0.0,0,0,,,0,5,0,0,0,0,0,0,1,0,0
946,Textured Grass 3DL Top Right,0,Solid,0,0.0,0.0,0.0,0,0,,,0,5,0,0,0,0,0,0,1,0,0
947,Textured Grass 3DL Inner Corner,0,Solid,0,0.0,0.0,0.0,0,0,,,0,5,0,0,0,0,0,0,1,0,0
948,Textured Grass 3DL Outer Corner,0,Solid,0,0.0,0.0,0.0,0,0,,,0,5,0,0,0,0,0,0,1,0,0
949,Textured Grass 3DL Half Top Left,0,Solid,0,0.0,0.0,0.0,0,0,,,0,5,0,0,0,0,0,0,1,0,0
950,Textured Grass 3DL Wide Slope,0,Solid,0,0.0,0.0,0.0,0,0,,,0,5,0,0,0,0,0,0,1,0,0
951,Textured Grass 3DL Slope,0,Solid,0,0.0,0.0,0.0,0,0,,,0,5,0,0,0,0,0,0,1,0,0
952,Two-Color Grass Block Top,7,Decoration,1,0.0,0.0,0.0,0,0,,,-7,1,0,0,0,0,0,0,1,0,0
953,Two-Color Grass Block Outer Corner,7,Decoration,1,0.0,0.0,0.0,0,0,,,-7,1,0,0,0,0,0,0,1,0,0
954,Two-Color Grass Block Inner Corner,7,Decoration,1,0.0,0.0,0.0,0,0,,,-7,1,0,0,0,0,0,0,1,0,0
955,Two-Color Grass Block Base,7,Decoration,1,0.0,0.0,0.0,0,0,,,-7,1,0,0,0,0,0,0,1,0,0
956,Two-Color Grass Block Pillar Top,7,Decoration,1,0.0,0.0,0.0,0,0,,,-7,1,0,0,0,0,0,0,1,0,0
957,Two-Color Grass Block Pillar,7,Decoration,1,0.0,0.0,0.0,0,0,,,-7,1,0,0,0,0,0,0,1,0,0
958,Two-Color Grass Block Two Adjacent Corners,7,Decoration,1,0.0,0.0,0.0,0,0,,,-7,1,0,0,0,0,0,0,1,0,0
959,Two-Color Grass Block Square,7,Decoration,1,0.0,0.0,0.0,0,0,,,-7,1,0,0,0,0,0,0,1,0,0
960,Two-Color Grass Block Slope,7,Decoration,1,0.0,0.0,0.0,0,0,,,-7,1,0,0,0,0,0,0,1,0,0
961,Two-Color Grass Block Wide Slope,7,Decoration,1,0.0,0.0,0.0,0,0,,,-7,1,0,0,0,0,0,0,1,0,0
962,,0,Solid,0,0.0,0.0,0.0,0,0,,,0,5,0,0,0,0,0,0,1,0,0
963,,0,Solid,0,0.0,0.0,0.0,0,0,,,0,5,0,0,0,0,0,0,1,0,0
964,Two-Color Grass Block Slope Connector,7,Decoration,1,0.0,0.0,0.0,0,0,,,-7,1,0,0,0,0,0,0,1,0,0
965,Two-Color Grass Block Wide Slope Connector 1,7,Decoration,1,0.0,0.0,0.0,0,0,,,-7,1,0,0,0,0,0,0,1,0,0
966,Two-Color Grass Block Wide Slope Connector 2,7,Decoration,1,0.0,0.0,0.0,0,0,,,-7,1,0,0,0,0,0,0,1,0,0
967,Two-Color Textured Grass Platform Middle,7,Decoration,1,0.0,0.0,0.0,0,0,,,-7,1,0,0,0,0,0,0,1,0,0
968,Two-Color Textured Grass Platform Side,7,Decoration,1,0.0,0.0,0.0,0,0,,,-7,1,0,0,0,0,0,0,1,0,0
969,Two-Color Textured Grass Platform Slope,7,Decoration,1,0.0,0.0,0.0,0,0,,,-7,1,0,0,0,0,0,0,1,0,0
970,Two-Color Textured Grass Platform Wide Slope,7,Decoration,1,0.0,0.0,0.0,0,0,,,-7,1,0,0,0,0,0,0,1,0,0
971,Two-Color Textured Grass Platform Slope Connector,7,Decoration,1,0.0,0.0,0.0,0,0,,,-7,1,0,0,0,0,0,0,1,0,0
972,Two-Color Textured Grass Platform Wide Slope Connector 1,7,Decoration,1,0.0,0.0,0.0,0,0,,,-7,1,0,0,0,0,0,0,1,0,0
973,Two-Color Textured Grass Platform Wide Slope Connector 2,7,Decoration,1,0.0,0.0,0.0,0,0,,,-7,1,0,0,0,0,0,0,1,0,0
974,Two-Color Textured Grass Block Platform Side,7,Decoration,1,0.0,0.0,0.0,0,0,,,-7,1,0,0,0,0,0,0,1,0,0
975,Two-Color Textured Grass Block Single Platform,7,Decoration,1,0.0,0.0,0.0,0,0,,,-7,1,0,0,0,0,0,0,1,0,0
976,Two-Color Textured Grass Block Base,7,Decoration,1,0.0,0.0,0.0,0,0,,,-7,1,0,0,0,0,0,0,1,0,0
977,Two-Color Textured Grass Block Base Side,7,Decoration,1,0.0,0.0,0.0,0,0,,,-7,1,0,0,0,0,0,0,1,0,0
978,,0,Solid,0,0.0,0.0,0.0,0,0,,,0,5,0,0,0,0,0,0,1,0,0
979,,0,Solid,0,0.0,0.0,0.0,0,0,,,0,5,0,0,0,0,0,0,1,0,0
980,Perpendicular Striped 3DL Top Left,0,Solid,0,0.0,0.0,0.0,0,0,,,0,5,0,0,0,0,0,0,1,0,0
981,Perpendicular Striped 3DL Top Middle,0,Solid,0,0.0,0.0,0.0,0,0,,,0,5,0,0,0,0,0,0,1,0,0
982,Perpendicular Striped 3DL Half Top Middle,0,Solid,0,0.0,0.0,0.0,0,0,,,0,5,0,0,0,0,0,0,1,0,0
983,Perpendicular Striped 3DL Top Right,0,Solid,0,0.0,0.0,0.0,0,0,,,0,5,0,0,0,0,0,0,1,0,0
984,Perpendicular Striped 3DL Inner Corner,0,Solid,0,0.0,0.0,0.0,0,0,,,0,5,0,0,0,0,0,0,1,0,0
985,Perpendicular Striped 3DL Outer Corner,0,Solid,0,0.0,0.0,0.0,0,0,,,0,5,0,0,0,0,0,0,1,0,0
986,Perpendicular Striped 3DL Half Top Left,0,Solid,0,0.0,0.0,0.0,0,0,,,0,5,0,0,0,0,0,0,1,0,0
987,Perpendicular Striped 3DL Wide Slope,0,Solid,0,0.0,0.0,0.0,0,0,,,0,5,0,0,0,0,0,0,1,0,0
988,Perpendicular Striped 3DL Slope,0,Solid,0,0.0,0.0,0.0,0,0,,,0,5,0,0,0,0,0,0,1,0,0
989,,2,Hazard,1,0.0,0.0,0.0,0,0,0.3,0.4,1,5,0,0,0,0,0,0,1,0,0
990,Square Pit Outline Inner Corner,7,Decoration,1,0.0,0.0,0.0,0,0,,,9,3,0,0,0,0,0,0,0,0,0
991,Non-Colorable Square Black Slope Corner Hazard,2,Hazard,1,0.0,0.0,0.0,0,0,0.3,0.4,1,5,0,0,0,0,0,0,1,0,0
992,Square Pit Outline Outer Corner,7,Decoration,1,0.0,0.0,0.0,0,0,,,9,3,0,0,0,0,0,0,0,0,0
993,,0,Solid,0,0.0,0.0,0.0,0,0,,,0,5,0,0,0,0,0,0,1,0,0
994,,0,Solid,0,0.0,0.0,0.0,0,0,,,0,5,0,0,0,0,0,0,1,0,0
995,,0,Solid,0,0.0,0.0,0.0,0,0,,,0,5,0,0,0,0,0,0,1,0,0
996,,0,Solid,0,0.0,0.0,0.0,0,0,,,0,5,0,0,0,0,0,0,1,0,0
997,Large Split Circle,0,Solid,0,0.0,0.0,0.0,0,0,,,0,5,0,0,0,0,0,0,1,0,0
998,Medium Split Circle,0,Solid,0,0.0,0.0,0.0,0,0,,,0,5,0,0,0,0,0,0,1,0,0
999,Small Split Circle,0,Solid,0,0.0,0.0,0.0,0,0,,,0,5,0,0,0,0,0,0,1,0,0
1000,Very Small Split Circle,0,Solid,0,0.0,0.0,0.0,0,0,,,0,5,0,0,0,0,0,0,1,0,0
1001,Thin Dotted Pipe Four Sides,7,Decoration,1,0.0,0.0,0.0,0,0,,,9,3,0,0,0,0,0,0,0,0,0
1002,Thin Dotted Pipe Two Adjacent Sides,7,Decoration,1,0.0,0.0,0.0,0,0,,,9,3,0,0,0,0,0,0,0,0,0
1003,Thin Dotted Pipe Three Sides,7,Decoration,1,0.0,0.0,0.0,0,0,,,9,3,0,0,0,0,0,0,0,0,0
1004,Thin Dotted Pipe Two Opposite Sides,7,Decoration,1,0.0,0.0,0.0,0,0,,,9,3,0,0,0,0,0,0,0,0,0
1005,Thin Dotted Pipe One Side,7,Decoration,1,0.0,0.0,0.0,0,0,,,9,3,0,0,0,0,0,0,0,0,0
1006,Pulse Trigger,20,Modifier,1,30.0,30.0,0.0,0,0,,,0,5,1,0,0,0,0,0,0,0,0
1007,Alpha Trigger,20,Modifier,1,30.0,30.0,0.0,0,0,,,0,5,1,0,0,0,0,0,0,0,0
1008,,0,Solid,0,0.0,0.0,0.0,0,0,,,0,5,0,0,0,0,0,0,1,0,0
1009,Small Glow Outer Corner,7,Decoration,1,0.0,0.0,0.0,0,0,,,9,1,0,0,0,0,0,0,0,0,0
1010,Small Glow Inner Corner,7,Decoration,1,0.0,0.0,0.0,0,0,,,9,1,0,0,0,0,0,0,0,0,0
1011,Straight Large Glow,7,Decoration,1,0.0,0.0,0.0,0,0,,,9,1,0,0,0,0,0,0,0,0,0
1012,Large Glow Outer Corner,7,Decoration,1,0.0,0.0,0.0,0,0,,,9,1,0,0,0,0,0,0,0,0,0
1013,Large Glow Inner Corner,7,Decoration,1,0.0,0.0,0.0,0,0,,,9,1,0,0,0,0,0,0,0,0,0
1014,Rainbow Slope,7,Decoration,1,0.0,0.0,0.0,0,0,,,-7,1,0,0,0,0,0,0,0,0,0
1015,Rainbow Wide Slope,7,Decoration,1,0.0,0.0,0.0,0,0,,,-7,1,0,0,0,0,0,0,0,0,0
1016,Rainbow Slope Connector,7,Decoration,1,0.0,0.0,0.0,0,0,,,-7,1,0,0,0,0,0,0,0,0,0
1017,Rainbow Wide Slope Connector 1,7,Decoration,1,0.0,0.0,0.0,0,0,,,-7,1,0,0,0,0,0,0,0,0,0
1018,Rainbow Wide Slope Connector 2,7,Decoration,1,0.0,0.0,0.0,0,0,,,-7,1,0,0,0,0,0,0,0,0,0
1019,Large Rotating Shine,0,Solid,0,0.0,0.0,0.0,0,0,,,0,5,0,0,0,0,0,0,1,0,0
1020,Medium Rotating Shine,0,Solid,0,0.0,0.0,0.0,0,0,,,0,5,0,0,0,0,0,0,1,0,0
1021,Small Rotating Shine,0,Solid,0,0.0,0.0,0.0,0,0,,,0,5,0,0,0,0,0,0,1,0,0
1022,Green Gravity Orb,0,Solid,0,0.0,0.0,0.0,0,0,,,0,5,0,1,0,0,0,0,1,0,0
1023,,0,Solid,0,0.0,0.0,0.0,0,0,,,0,5,0,0,0,0,0,0,1,0,0
1024,Two-Color Textured Grass 3DL Top Left,0,Solid,0,0.0,0.0,0.0,0,0,,,0,5,0,0,0,0,0,0,1,0,0
1025,Two-Color Textured Grass 3DL Top Middle,0,Solid,0,0.0,0.0,0.0,0,0,,,0,5,0,0,0,0,0,0,1,0,0
1026,Two-Color Textured Grass 3DL Half Top Middle,0,Solid,0,0.0,0.0,0.0,0,0,,,0,5,0,0,0,0,0,0,1,0,0
1027,Two-Color Textured Grass 3DL Top Right,0,Solid,0,0.0,0.0,0.0,0,0,,,0,5,0,0,0,0,0,0,1,0,0
1028,Two-Color Textured Grass 3DL Inner Corner,0,Solid,0,0.0,0.0,0.0,0,0,,,0,5,0,0,0,0,0,0,1,0,0
1029,Two-Color Textured Grass 3DL Outer Corner,0,Solid,0,0.0,0.0,0.0,0,0,,,0,5,0,0,0,0,0,0,1,0,0
1030,Two-Color Textured Grass 3DL Half Top Left,0,Solid,0,0.0,0.0,0.0,0,0,,,0,5,0,0,0,0,0,0,1,0,0
1031,Two-Color Textured Grass 3DL Wide Slope,0,Solid,0,0.0,0.0,0.0,0,0,,,0,5,0,0,0,0,0,0,1,0,0
1032,Two-Color Textured Grass 3DL Slope,0,Solid,0,0.0,0.0,0.0,0,0,,,0,5,0,0,0,0,0,0,1,0,0
1033,Textured Grass Slope,7,Decoration,1,0.0,0.0,0.0,0,0,,,-7,1,0,0,0,0,0,0,1,0,0
1034,Textured Grass Wide Slope,7,Decoration,1,0.0,0.0,0.0,0,0,,,-7,1,0,0,0,0,0,0,1,0,0
1035,Textured Grass Slope Connector,7,Decoration,1,0.0,0.0,0.0,0,0,,,-7,1,0,0,0,0,0,0,1,0,0
1036,Textured Grass Wide Slope Connector,7,Decoration,1,0.0,0.0,0.0,0,0,,,-7,1,0,0,0,0,0,0,1,0,0
1037,Two-Color Textured Grass Slope,7,Decoration,1,0.0,0.0,0.0,0,0,,,-7,1,0,0,0,0,0,0,1,0,0
1038,Two-Color Textured Grass Wide Slope,7,Decoration,1,0.0,0.0,0.0,0,0,,,-7,1,0,0,0,0,0,0,1,0,0
1039,Two-Color Textured Grass Slope Connector,7,Decoration,1,0.0,0.0,0.0,0,0,,,-7,1,0,0,0,0,0,0,1,0,0
1040,Two-Color Textured Grass Wide Slope Connector,7,Decoration,1,0.0,0.0,0.0,0,0,,,-7,1,0,0,0,0,0,0,1,0,0
1041,Textured Grass Base Slope,7,Decoration,1,0.0,0.0,0.0,0,0,,,-7,1,0,0,0,0,0,0,1,0,0
1042,Textured Grass Base Wide Slope,7,Decoration,1,0.0,0.0,0.0,0,0,,,-7,1,0,0,0,0,0,0,1,0,0
1043,Two-Color Textured Grass Base Slope,7,Decoration,1,0.0,0.0,0.0,0,0,,,-7,1,0,0,0,0,0,0,1,0,0
1044,Two-Color Textured Grass Base Wide Slope,7,Decoration,1,0.0,0.0,0.0,0,0,,,-7,1,0,0,0,0,0,0,1,0,0
1045,Textured Grass Base Outer Corner,7,Decoration,1,0.0,0.0,0.0,0,0,,,-7,1,0,0,0,0,0,0,1,0,0
1046,Textured Grass Base Detail,7,Decoration,1,0.0,0.0,0.0,0,0,,,-7,1,0,0,0,0,0,0,1,0,0
1047,Two-Color Textured Grass Base Outer Corner,7,Decoration,1,0.0,0.0,0.0,0,0,,,-7,1,0,0,0,0,0,0,1,0,0
1048,Two-Color Textured Grass Base Detail,7,Decoration,1,0.0,0.0,0.0,0,0,,,-7,1,0,0,0,0,0,0,1,0,0
1049,Toggle Trigger,20,Modifier,1,30.0,30.0,0.0,0,0,,,0,5,1,0,0,0,0,0,0,0,0
1050,Transparent Circle Wave Animation,0,Solid,0,0.0,0.0,0.0,0,0,,,0,5,0,0,0,0,0,0,1,0,0
1051,Transparent Sharp Wave Animation,0,Solid,0,0.0,0.0,0.0,0,0,,,0,5,0,0,0,0,0,0,1,0,0
1052,Transparent Inverse Circle Wave Animation,0,Solid,0,0.0,0.0,0.0,0,0,,,0,5,0,0,0,0,0,0,1,0,0
1053,Colored Stripes Small Square Animation,0,Solid,0,0.0,0.0,0.0,0,0,,,0,5,0,0,0,0,0,0,1,0,0
1054,Colored Stripes Slab Animation,0,Solid,0,0.0,0.0,0.0,0,0,,,0,5,0,0,0,0,0,0,1,0,0
1055,Rotating Pulsing Rings with One Dot,0,Solid,0,0.0,0.0,0.0,0,0,,,0,5,0,0,0,0,0,0,1,0,0
1056,Rotating Pulsing Rings with Two Dots,0,Solid,0,0.0,0.0,0.0,0,0,,,0,5,0,0,0,0,0,0,1,0,0
1057,Rotating Pulsing Rings with Four Dots,0,Solid,0,0.0,0.0,0.0,0,0,,,0,5,0,0,0,0,0,0,1,0,0
1058,Large Swirl,0,Solid,0,0.0,0.0,0.0,0,0,,,0,5,0,0,0,0,0,0,1,0,0
1059,Medium Swirl,0,Solid,0,0.0,0.0,0.0,0,0,,,0,5,0,0,0,0,0,0,1,0,0
1060,Small Swirl,0,Solid,0,0.0,0.0,0.0,0,0,,,0,5,0,0,0,0,0,0,1,0,0
1061,Very Small Swirl,0,Solid,0,0.0,0.0,0.0,0,0,,,0,5,0,0,0,0,0,0,1,0,0
1062,Small Beveled Bricks with English Bond,7,Decoration,1,0.0,0.0,0.0,0,0,,,-7,1,0,0,0,0,0,0,0,0,0
1063,Small Beveled Bricks 3DL Top Left,0,Solid,0,0.0,0.0,0.0,0,0,,,0,5,0,0,0,0,0,0,1,0,0
1064,Small Beveled Bricks 3DL Top Middle,0,Solid,0,0.0,0.0,0.0,0,0,,,0,5,0,0,0,0,0,0,1,0,0
1065,Small Beveled Bricks 3DL Half Top Middle,0,Solid,0,0.0,0.0,0.0,0,0,,,0,5,0,0,0,0,0,0,1,0,0
1066,Small Beveled Bricks 3DL Top Right,0,Solid,0,0.0,0.0,0.0,0,0,,,0,5,0,0,0,0,0,0,1,0,0
1067,Small Beveled Bricks 3DL Inner Corner,0,Solid,0,0.0,0.0,0.0,0,0,,,0,5,0,0,0,0,0,0,1,0,0
1068,Small Beveled Bricks 3DL Outer Corner,0,Solid,0,0.0,0.0,0.0,0,0,,,0,5,0,0,0,0,0,0,1,0,0
1069,Small Beveled Bricks 3DL Half Top Left,0,Solid,0,0.0,0.0,0.0,0,0,,,0,5,0,0,0,0,0,0,1,0,0
1070,Small Beveled Bricks 3DL Wide Slope,0,Solid,0,0.0,0.0,0.0,0,0,,,0,5,0,0,0,0,0,0,1,0,0
1071,Small Beveled Bricks 3DL Slope,0,Solid,0,0.0,0.0,0.0,0,0,,,0,5,0,0,0,0,0,0,1,0,0
1072,,0,Solid,0,0.0,0.0,0.0,0,0,,,0,5,0,0,0,0,0,0,1,0,0
1073,,0,Solid,0,0.0,0.0,0.0,0,0,,,0,5,0,0,0,0,0,0,1,0,0
1074,,0,Solid,0,0.0,0.0,0.0,0,0,,,0,5,0,0,0,0,0,0,1,0,0
1075,Colored Connected Pluses 3 Sides,7,Decoration,1,30.0,30.0,0.0,0,0,,,-7,1,0,0,0,0,0,0,1,0,0
1076,Colored Connected Pluses 4 Sides,7,Decoration,1,30.0,30.0,0.0,0,0,,,-7,1,0,0,0,0,0,0,1,0,0
1077,Colored Connected Pluses 4 Sides 2 Opposite Corners,7,Decoration,1,30.0,30.0,0.0,0,0,,,-7,1,0,0,0,0,0,0,1,0,0
1078,Dark Industrial Small Block,7,Decoration,1,0.0,0.0,0.0,0,0,,,-7,1,0,0,0,0,0,0,0,0,0
1079,Dark Industrial Slab Middle,7,Decoration,1,0.0,0.0,0.0,0,0,,,-7,1,0,0,0,0,0,0,0,0,0
1080,Dark Industrial Slab Side,7,Decoration,1,0.0,0.0,0.0,0,0,,,-7,1,0,0,0,0,0,0,0,0,0
1081,Dark Industrial Single Slab,7,Decoration,1,0.0,0.0,0.0,0,0,,,-7,1,0,0,0,0,0,0,0,0,0
1082,Hollow Industrial Block Top,7,Decoration,1,0.0,0.0,0.0,0,0,,,-7,1,0,0,0,0,0,0,0,0,0
1083,Hollow Industrial Block Corner,7,Decoration,1,0.0,0.0,0.0,0,0,,,-7,1,0,0,0,0,0,0,0,0,0
1084,Hollow Industrial Block Pillar,7,Decoration,1,0.0,0.0,0.0,0,0,,,-7,1,0,0,0,0,0,0,0,0,0
1085,Hollow Industrial Block Pillar Top,7,Decoration,1,0.0,0.0,0.0,0,0,,,-7,1,0,0,0,0,0,0,0,0,0
1086,Hollow Industrial Block Square,7,Decoration,1,0.0,0.0,0.0,0,0,,,-7,1,0,0,0,0,0,0,0,0,0
1087,Hollow Industrial Block with Bolts,7,Decoration,1,0.0,0.0,0.0,0,0,,,-7,1,0,0,0,0,0,0,0,0,0
1088,Hollow Industrial Block with Hatch,7,Decoration,1,0.0,0.0,0.0,0,0,,,-7,1,0,0,0,0,0,0,0,0,0
1089,Hollow Industrial Block with Doors,7,Decoration,1,0.0,0.0,0.0,0,0,,,-7,1,0,0,0,0,0,0,0,0,0
1090,Hollow Industrial Block Inner Square,7,Decoration,1,0.0,0.0,0.0,0,0,,,-7,1,0,0,0,0,0,0,0,0,0
1091,Hollow Industrial Slope,7,Decoration,1,0.0,0.0,0.0,0,0,,,-7,1,0,0,0,0,0,0,0,0,0
1092,Hollow Industrial Wide Slope,7,Decoration,1,0.0,0.0,0.0,0,0,,,-7,1,0,0,0,0,0,0,0,0,0
1093,Hollow Industrial Slope Connector,7,Decoration,1,0.0,0.0,0.0,0,0,,,-7,1,0,0,0,0,0,0,0,0,0
1094,Hollow Industrial Wide Slope Connector,7,Decoration,1,0.0,0.0,0.0,0,0,,,-7,1,0,0,0,0,0,0,0,0,0
1095,Hollow Industrial Small Block,7,Decoration,1,0.0,0.0,0.0,0,0,,,-7,1,0,0,0,0,0,0,0,0,0
1096,Hollow Industrial Slab Middle,7,Decoration,1,0.0,0.0,0.0,0,0,,,-7,1,0,0,0,0,0,0,0,0,0
1097,Hollow Industrial Slab Side,7,Decoration,1,0.0,0.0,0.0,0,0,,,-7,1,0,0,0,0,0,0,0,0,0
1098,Hollow Industrial Single Slab,7,Decoration,1,0.0,0.0,0.0,0,0,,,-7,1,0,0,0,0,0,0,0,0,0
1099,Hollow Industrial Block Filler,7,Decoration,1,0.0,0.0,0.0,0,0,,,-8,1,0,0,0,0,0,0,0,0,0
1100,Hollow Industrial Block Top Filler,7,Decoration,1,0.0,0.0,0.0,0,0,,,-8,1,0,0,0,0,0,0,0,0,0
1101,Hollow Industrial Block Corner Filler,7,Decoration,1,0.0,0.0,0.0,0,0,,,-8,1,0,0,0,0,0,0,0,0,0
1102,Hollow Industrial Block Pillar Filler,7,Decoration,1,0.0,0.0,0.0,0,0,,,-8,1,0,0,0,0,0,0,0,0,0
1103,Hollow Industrial Block Pillar Top Filler,7,Decoration,1,0.0,0.0,0.0,0,0,,,-8,1,0,0,0,0,0,0,0,0,0
1104,Hollow Industrial Block Square Filler,7,Decoration,1,0.0,0.0,0.0,0,0,,,-8,1,0,0,0,0,0,0,0,0,0
1105,Hollow Industrial Block Hatch,7,Decoration,1,0.0,0.0,0.0,0,0,,,-8,1,0,0,0,0,0,0,0,0,0
1106,Hollow Industrial Block Door,7,Decoration,1,0.0,0.0,0.0,0,0,,,-8,1,0,0,0,0,0,0,0,0,0
1107,Hollow Industrial Slope Filler,7,Decoration,1,0.0,0.0,0.0,0,0,,,-8,1,0,0,0,0,0,0,0,0,0
1108,Hollow Industrial Wide Slope Filler,7,Decoration,1,0.0,0.0,0.0,0,0,,,-8,1,0,0,0,0,0,0,0,0,0
1109,Hollow Industrial Slope Connector Filler,7,Decoration,1,0.0,0.0,0.0,0,0,,,-8,1,0,0,0,0,0,0,0,0,0
1110,Hollow Industrial Small Block Filler,7,Decoration,1,0.0,0.0,0.0,0,0,,,-8,1,0,0,0,0,0,0,0,0,0
1111,Hollow Industrial Slab Filler,7,Decoration,1,0.0,0.0,0.0,0,0,,,-8,1,0,0,0,0,0,0,0,0,0
1112,Industrial Glass Block Corner Filler,7,Decoration,1,0.0,0.0,0.0,0,0,,,-8,1,0,0,0,0,0,0,0,0,0
1113,Industrial Glass Block 3 Sides Filler,7,Decoration,1,0.0,0.0,0.0,0,0,,,-8,1,0,0,0,0,0,0,0,0,0
1114,Industrial Glass Block Pillar Filler,7,Decoration,1,0.0,0.0,0.0,0,0,,,-8,1,0,0,0,0,0,0,0,0,0
1115,Industrial Glass Block 4 Sides Filler,7,Decoration,1,0.0,0.0,0.0,0,0,,,-8,1,0,0,0,0,0,0,0,0,0
1116,Industrial Glass Block Pillar Top Filler,7,Decoration,1,0.0,0.0,0.0,0,0,,,-8,1,0,0,0,0,0,0,0,0,0
1117,Shiny Industrial Glass Block Square Filler,7,Decoration,1,0.0,0.0,0.0,0,0,,,-8,1,0,0,0,0,0,0,0,0,0
1118,Shiny Industrial Glass Block Octagon Filler,7,Decoration,1,0.0,0.0,0.0,0,0,,,-8,1,0,0,0,0,0,0,0,0,0
1119,,0,Solid,0,0.0,0.0,0.0,0,0,,,0,5,0,0,0,0,0,0,1,0,0
1120,Shiny Outline Pipe Square,7,Decoration,1,30.0,30.0,0.0,0,0,,,4,5,0,0,0,0,0,0,0,0,0
1121,,0,Solid,0,0.0,0.0,0.0,0,0,,,0,5,0,0,0,0,0,0,1,0,0
1122,Outline Pipe Square,7,Decoration,1,30.0,30.0,0.0,0,0,,,4,5,0,0,0,0,0,0,0,0,0
1123,Outline Pipe Two Opposite Sides,7,Decoration,1,30.0,30.0,0.0,0,0,,,4,5,0,0,0,0,0,0,0,0,0
1124,Outline Pipe Two Adjacent Sides,7,Decoration,1,30.0,30.0,0.0,0,0,,,4,5,0,0,0,0,0,0,0,0,0
1125,Outline Pipe One Side,7,Decoration,1,30.0,30.0,0.0,0,0,,,4,5,0,0,0,0,0,0,0,0,0
1126,Outline Pipe Three Sides,7,Decoration,1,30.0,30.0,0.0,0,0,,,4,5,0,0,0,0,0,0,0,0,0
1127,Outline Pipe Four Sides,7,Decoration,1,30.0,30.0,0.0,0,0,,,4,5,0,0,0,0,0,0,0,0,0
1128,,0,Solid,0,0.0,0.0,0.0,0,0,,,0,5,0,0,0,0,0,0,1,0,0
1129,,0,Solid,0,0.0,0.0,0.0,0,0,,,0,5,0,0,0,0,0,0,1,0,0
1130,,0,Solid,0,0.0,0.0,0.0,0,0,,,0,5,0,0,0,0,0,0,1,0,0
1131,,0,Solid,0,0.0,0.0,0.0,0,0,,,0,5,0,0,0,0,0,0,1,0,0
1132,Outline Pipe Thick Shine 1,7,Decoration,1,30.0,30.0,0.0,0,0,,,4,5,0,0,0,0,0,0,0,0,0
1133,Outline Pipe Thin Shine 1,7,Decoration,1,30.0,30.0,0.0,0,0,,,4,5,0,0,0,0,0,0,0,0,0
1134,Outline Pipe Double Shine 1,7,Decoration,1,30.0,30.0,0.0,0,0,,,4,5,0,0,0,0,0,0,0,0,0
1135,Outline Pipe Double Shine 2,7,Decoration,1,30.0,30.0,0.0,0,0,,,4,5,0,0,0,0,0,0,0,0,0
1136,Outline Pipe Thick Shine 2,7,Decoration,1,30.0,30.0,0.0,0,0,,,4,5,0,0,0,0,0,0,0,0,0
1137,Outline Pipe Thin Shine 2,7,Decoration,1,30.0,30.0,0.0,0,0,,,4,5,0,0,0,0,0,0,0,0,0
1138,Outline Pipe Small Thin Shine,7,Decoration,1,15.0,15.0,0.0,0,0,,,4,5,0,0,0,0,0,0,0,0,0
1139,Outline Pipe Small Thick Shine,7,Decoration,1,15.0,15.0,0.0,0,0,,,4,5,0,0,0,0,0,0,0,0,0
1140,Stripe Outer Corner Square,7,Decoration,1,0.0,0.0,0.0,0,0,,,-7,1,0,0,0,0,0,0,1,0,0
1141,Stripe Inner Corner Square,7,Decoration,1,0.0,0.0,0.0,0,0,,,-7,1,0,0,0,0,0,0,1,0,0
1142,Stripe Top Square,7,Decoration,1,0.0,0.0,0.0,0,0,,,-7,1,0,0,0,0,0,0,1,0,0
1143,Stripe Top Pillar Square,7,Decoration,1,0.0,0.0,0.0,0,0,,,-7,1,0,0,0,0,0,0,1,0,0
1144,Stripe Pillar Square,7,Decoration,1,0.0,0.0,0.0,0,0,,,-7,1,0,0,0,0,0,0,1,0,0
1145,Stripe Pillar/Top Square,7,Decoration,1,0.0,0.0,0.0,0,0,,,-7,1,0,0,0,0,0,0,1,0,0
1146,Stripe Square Singular,7,Decoration,1,0.0,0.0,0.0,0,0,,,-7,1,0,0,0,0,0,0,1,0,0
1147,Stripe Checkered 1 Square,7,Decoration,1,0.0,0.0,0.0,0,0,,,-7,1,0,0,0,0,0,0,1,0,0
1148,Stripe Inner Square,7,Decoration,1,0.0,0.0,0.0,0,0,,,-7,1,0,0,0,0,0,0,1,0,0
1149,Stripe Pillar/Outer Corner Square,7,Decoration,1,0.0,0.0,0.0,0,0,,,-7,1,0,0,0,0,0,0,1,0,0
1150,Stripe Pillar Corner Square,7,Decoration,1,0.0,0.0,0.0,0,0,,,-7,1,0,0,0,0,0,0,1,0,0
1151,Stripe Three Point Corner Square,7,Decoration,1,0.0,0.0,0.0,0,0,,,-7,1,0,0,0,0,0,0,1,0,0
1152,Stripe Four Point Corner Square,7,Decoration,1,0.0,0.0,0.0,0,0,,,-7,1,0,0,0,0,0,0,1,0,0
1153,Stripe Checkered 2 Square,7,Decoration,1,0.0,0.0,0.0,0,0,,,-7,1,0,0,0,0,0,0,1,0,0
1154,Small Outline Top,0,Solid,0,0.0,0.0,0.0,0,0,,,0,5,0,0,0,0,0,0,1,0,0
1155,Small Outline Outer Corner,0,Solid,0,0.0,0.0,0.0,0,0,,,0,5,0,0,0,0,0,0,1,0,0
1156,Small Outline Top Pillar,0,Solid,0,0.0,0.0,0.0,0,0,,,0,5,0,0,0,0,0,0,1,0,0
1157,Small Outline Pillar,0,Solid,0,15.0,15.0,0.0,0,0,,,0,5,0,0,0,0,0,0,1,0,0
1158,Small Outline Inner Corner,7,Decoration,1,0.0,0.0,0.0,0,0,,,0,5,0,0,0,0,0,0,0,0,0
1159,Small Beveled Bricks With Bottom Recess,7,Decoration,1,0.0,0.0,0.0,0,0,,,-7,1,0,0,0,0,0,0,0,0,0
1160,Inverted Small Beveled Brick Pile Left,7,Decoration,1,0.0,0.0,0.0,0,0,,,-7,1,0,0,0,0,0,0,0,0,0
1161,Inverted Small Beveled Brick Pile Right,7,Decoration,1,0.0,0.0,0.0,0,0,,,-7,1,0,0,0,0,0,0,0,0,0
1162,Neon Block Top,7,Decoration,1,0.0,0.0,0.0,0,0,,,-7,1,0,0,0,0,0,0,1,0,0
1163,Neon Block Top Left Outer Corner,7,Decoration,1,0.0,0.0,0.0,0,0,,,-7,1,0,0,0,0,0,0,1,0,0
1164,Neon Block Vertical Pillar Top,7,Decoration,1,0.0,0.0,0.0,0,0,,,-7,1,0,0,0,0,0,0,1,0,0
1165,Neon Block Vertical Pillar,7,Decoration,1,0.0,0.0,0.0,0,0,,,-7,1,0,0,0,0,0,0,1,0,0
1166,Neon Block Center Square,7,Decoration,1,0.0,0.0,0.0,0,0,,,-7,1,0,0,0,0,0,0,1,0,0
1167,Neon Block Left,7,Decoration,1,0.0,0.0,0.0,0,0,,,-7,1,0,0,0,0,0,0,1,0,0
1168,Neon Block Top-Left Inner Corner,7,Decoration,1,0.0,0.0,0.0,0,0,,,-7,1,0,0,0,0,0,0,1,0,0
1169,Neon Block Two Top Corners,7,Decoration,1,0.0,0.0,0.0,0,0,,,-7,1,0,0,0,0,0,0,1,0,0
1170,Neon Block Square,7,Decoration,1,30.0,30.0,0.0,0,0,,,-7,1,0,0,0,0,0,0,1,0,0
1171,Neon Block Side and Top Inner Corner,7,Decoration,1,0.0,0.0,0.0,0,0,,,-7,1,0,0,0,0,0,0,1,0,0
1172,Neon Block Pillar Bottom-Right Corner,7,Decoration,1,0.0,0.0,0.0,0,0,,,-7,1,0,0,0,0,0,0,1,0,0
1173,Neon Block Pillar Top-Left Corner,7,Decoration,1,0.0,0.0,0.0,0,0,,,-7,1,0,0,0,0,0,0,1,0,0
1174,Neon Block Horizontal Pillar,7,Decoration,1,0.0,0.0,0.0,0,0,,,-7,1,0,0,0,0,0,0,1,0,0
1175,Neon Block Vertical Pillar Top,7,Decoration,1,0.0,0.0,0.0,0,0,,,-7,1,0,0,0,0,0,0,1,0,0
1176,Neon Block Horizontal Pillar Left,7,Decoration,1,0.0,0.0,0.0,0,0,,,-7,1,0,0,0,0,0,0,1,0,0
1177,Neon Block Two Opposite Corners,7,Decoration,1,0.0,0.0,0.0,0,0,,,-7,1,0,0,0,0,0,0,1,0,0
1178,Neon Block Three Bottom Corners,7,Decoration,1,0.0,0.0,0.0,0,0,,,-7,1,0,0,0,0,0,0,1,0,0
1179,Neon Block Four Corners,7,Decoration,1,0.0,0.0,0.0,0,0,,,-7,1,0,0,0,0,0,0,1,0,0
1180,Neon Block Two Left Corners,7,Decoration,1,0.0,0.0,0.0,0,0,,,-7,1,0,0,0,0,0,0,1,0,0
1181,Neon Block Top and Bottom Inner Corner,7,Decoration,1,0.0,0.0,0.0,0,0,,,-7,1,0,0,0,0,0,0,1,0,0
1182,Neon Block Top and Two Corners,7,Decoration,1,0.0,0.0,0.0,0,0,,,-7,1,0,0,0,0,0,0,1,0,0
1183,neon Block Side and Two Corners,7,Decoration,1,0.0,0.0,0.0,0,0,,,-7,1,0,0,0,0,0,0,1,0,0
1184,Neon Block Side and Bottom Corner,7,Decoration,1,0.0,0.0,0.0,0,0,,,-7,1,0,0,0,0,0,0,1,0,0
1185,Neon Block Bottom and Two Corners,7,Decoration,1,0.0,0.0,0.0,0,0,,,-7,1,0,0,0,0,0,0,1,0,0
1186,Neon Block Inner Square,7,Decoration,1,0.0,0.0,0.0,0,0,,,-7,1,0,0,0,0,0,0,1,0,0
1187,Neon Block Slope,7,Decoration,1,0.0,0.0,0.0,0,0,,,-7,1,0,0,0,0,0,0,1,0,0
1188,Neon Block Wide Slope,7,Decoration,1,0.0,0.0,0.0,0,0,,,-7,1,0,0,0,0,0,0,1,0,0
1189,Neon Block Slope Connector,7,Decoration,1,0.0,0.0,0.0,0,0,,,-7,1,0,0,0,0,0,0,1,0,0
1190,Neon Block Wide Slope Connector,7,Decoration,1,0.0,0.0,0.0,0,0,,,-7,1,0,0,0,0,0,0,1,0,0
1191,Neon Outline Top,7,Decoration,1,0.0,0.0,0.0,0,0,,,10,5,0,0,0,0,0,0,0,0,0
1192,Neon Outline Outer Corner,7,Decoration,1,0.0,0.0,0.0,0,0,,,10,5,0,0,0,0,0,0,0,0,0
1193,Neon Outline Pillar Top,7,Decoration,1,0.0,0.0,0.0,0,0,,,10,5,0,0,0,0,0,0,0,0,0
1194,Neon Outline Inner Corner,7,Decoration,1,0.0,0.0,0.0,0,0,,,10,5,0,0,0,0,0,0,0,0,0
1195,Neon Outline Center Square,7,Decoration,1,0.0,0.0,0.0,0,0,,,10,5,0,0,0,0,0,0,0,0,0
1196,Neon Outline Square,7,Decoration,1,0.0,0.0,0.0,0,0,,,10,5,0,0,0,0,0,0,0,0,0
1197,Neon Outline Pillar,7,Decoration,1,0.0,0.0,0.0,0,0,,,10,5,0,0,0,0,0,0,0,0,0
1198,Neon Outline Slope,7,Decoration,1,0.0,0.0,0.0,0,0,,,10,5,0,0,0,0,0,0,0,0,0
1199,Neon Outline Wide Slope,7,Decoration,1,0.0,0.0,0.0,0,0,,,10,5,0,0,0,0,0,0,0,0,0
1200,Neon Outline Slope Connector,7,Decoration,1,0.0,0.0,0.0,0,0,,,10,5,0,0,0,0,0,0,0,0,0
1201,Neon Outline Wide Slope Connector,7,Decoration,1,0.0,0.0,0.0,0,0,,,10,5,0,0,0,0,0,0,0,0,0
1202,Thick Outline Top,0,Solid,1,0.0,0.0,0.0,0,0,,,3,5,0,0,0,0,0,0,1,0,0
1203,Thick Outline Outer Corner,0,Solid,1,30.0,30.0,0.0,0,0,,,3,5,0,0,0,0,0,0,1,0,0
1204,Thick Outline Top Pillar,0,Solid,1,30.0,30.0,0.0,0,0,,,3,5,0,0,0,0,0,0,1,0,0
1205,Thick Outline Inner Corner,7,Decoration,1,0.0,0.0,0.0,0,0,,,3,5,0,0,0,0,0,0,0,0,0
1206,Thick Outline Slope Corner,7,Decoration,1,0.0,0.0,0.0,0,0,,,3,5,0,0,0,0,0,0,0,0,0
1207,Thick Outline Wide Slope Corner,7,Decoration,1,0.0,0.0,0.0,0,0,,,3,5,0,0,0,0,0,0,0,0,0
1208,Thick Outline Small Square,0,Solid,1,15.0,15.0,0.0,0,0,,,3,5,0,0,0,0,0,0,1,0,0
1209,Thick Outline Pillar,0,Solid,1,30.0,30.0,0.0,0,0,,,3,5,0,0,0,0,0,0,1,0,0
1210,Thick Outline Square,0,Solid,1,30.0,30.0,0.0,0,0,,,3,5,0,0,0,0,0,0,1,0,0
1211,,0,Solid,0,0.0,0.0,0.0,0,0,,,0,5,0,0,0,0,0,0,1,0,0
1212,,0,Solid,0,0.0,0.0,0.0,0,0,,,0,5,0,0,0,0,0,0,1,0,0
1213,,0,Solid,0,0.0,0.0,0.0,0,0,,,0,5,0,0,0,0,0,0,1,0,0
1214,,0,Solid,0,0.0,0.0,0.0,0,0,,,0,5,0,0,0,0,0,0,1,0,0
1215,,0,Solid,0,0.0,0.0,0.0,0,0,,,0,5,0,0,0,0,0,0,1,0,0
1216,,0,Solid,0,0.0,0.0,0.0,0,0,,,0,5,0,0,0,0,0,0,1,0,0
1217,,0,Solid,0,0.0,0.0,0.0,0,0,,,0,5,0,0,0,0,0,0,1,0,0
1218,,0,Solid,0,0.0,0.0,0.0,0,0,,,0,5,0,0,0,0,0,0,1,0,0
1219,,0,Solid,0,0.0,0.0,0.0,0,0,,,0,5,0,0,0,0,0,0,1,0,0
1220,Thicker Outline Top,0,Solid,1,0.0,0.0,0.0,0,0,,,3,5,0,0,0,0,0,0,1,0,0
1221,Thicker Outline Outer Corner,0,Solid,1,30.0,30.0,0.0,0,0,,,3,5,0,0,0,0,0,0,1,0,0
1222,Thicker Outline Top Pillar,0,Solid,1,30.0,30.0,0.0,0,0,,,3,5,0,0,0,0,0,0,1,0,0
1223,Thicker Outline Inner Corner,7,Decoration,1,0.0,0.0,0.0,0,0,,,3,5,0,0,0,0,0,0,0,0,0
1224,Thicker Outline Slope Corner,7,Decoration,1,0.0,0.0,0.0,0,0,,,3,5,0,0,0,0,0,0,0,0,0
1225,Thicker Outline Wide Slope Corner,7,Decoration,1,0.0,0.0,0.0,0,0,,,3,5,0,0,0,0,0,0,0,0,0
1226,Thicker Outline Pillar,0,Solid,1,30.0,30.0,0.0,0,0,,,3,5,0,0,0,0,0,0,1,0,0
1227,Thicker Outline Square,0,Solid,0,0.0,0.0,0.0,0,0,,,0,5,0,0,0,0,0,0,1,0,0
1228,Transparent Wave Inner Square,7,Decoration,1,0.0,0.0,0.0,0,0,,,9,3,0,0,0,0,0,0,0,0,0
1229,Rainbow Pillar Three Sides,7,Decoration,1,0.0,0.0,0.0,0,0,,,-7,1,0,0,0,0,0,0,0,0,0
1230,Rainbow Pillar One Side and One Corner,7,Decoration,1,0.0,0.0,0.0,0,0,,,-7,1,0,0,0,0,0,0,0,0,0
1231,Inverted Rainbow Pillar Three Sides,7,Decoration,1,0.0,0.0,0.0,0,0,,,-7,1,0,0,0,0,0,0,0,0,0
1232,Rainbow Pillar Four Sides,7,Decoration,1,0.0,0.0,0.0,0,0,,,-7,1,0,0,0,0,0,0,0,0,0
1233,Rainbow Pillar Four Sides and One Corner,7,Decoration,1,0.0,0.0,0.0,0,0,,,-7,1,0,0,0,0,0,0,0,0,0
1234,Rainbow Pillar Four Sides and Two Adjacent Corners,7,Decoration,1,0.0,0.0,0.0,0,0,,,-7,1,0,0,0,0,0,0,0,0,0
1235,Inverted Rainbow Pillar Four Sides and One Corner,7,Decoration,1,0.0,0.0,0.0,0,0,,,-7,1,0,0,0,0,0,0,0,0,0
1236,Inverted Rainbow Pillar Four Sides,7,Decoration,1,0.0,0.0,0.0,0,0,,,-7,1,0,0,0,0,0,0,0,0,0
1237,Rainbow Pillar Four Sides and Two Opposite Corners,7,Decoration,1,0.0,0.0,0.0,0,0,,,-7,1,0,0,0,0,0,0,0,0,0
1238,Inverted Rainbow Pillar Three Sides and One Corner,7,Decoration,1,0.0,0.0,0.0,0,0,,,-7,1,0,0,0,0,0,0,0,0,0
1239,Rainbow Pillar Corner,7,Decoration,1,0.0,0.0,0.0,0,0,,,-7,1,0,0,0,0,0,0,0,0,0
1240,Inverted Rainbow Pillar Corner,7,Decoration,1,0.0,0.0,0.0,0,0,,,-7,1,0,0,0,0,0,0,0,0,0
1241,Small Outline Pipe Square,7,Decoration,1,15.0,15.0,0.0,0,0,,,4,5,0,0,0,0,0,0,0,0,0
1242,Small Outline Pipe Two Opposite Sides,7,Decoration,1,15.0,15.0,0.0,0,0,,,4,5,0,0,0,0,0,0,0,0,0
1243,Small Outline Pipe Two Adjacent Sides,7,Decoration,1,15.0,15.0,0.0,0,0,,,4,5,0,0,0,0,0,0,0,0,0
1244,Small Outline Pipe One Side,7,Decoration,1,15.0,15.0,0.0,0,0,,,4,5,0,0,0,0,0,0,0,0,0
1245,Small Outline Pipe Three Sides,7,Decoration,1,15.0,15.0,0.0,0,0,,,4,5,0,0,0,0,0,0,0,0,0
1246,Small Outline Pipe Four Sides,7,Decoration,1,15.0,15.0,0.0,0,0,,,4,5,0,0,0,0,0,0,0,0,0
1247,Beveled Pipe Up Down,7,Decoration,1,0.0,0.0,0.0,0,0,,,-7,1,0,0,0,0,0,0,0,0,0
1248,Beveled Pipe Up Left with Bottom-Right Corner,7,Decoration,1,0.0,0.0,0.0,0,0,,,-7,1,0,0,0,0,0,0,0,0,0
1249,Beveled Pipe Right Bottom with Top-Left Corner,7,Decoration,1,0.0,0.0,0.0,0,0,,,-7,1,0,0,0,0,0,0,0,0,0
1250,Beveled Pipe Top Right with Bottom-Left Corner,7,Decoration,1,0.0,0.0,0.0,0,0,,,-7,1,0,0,0,0,0,0,0,0,0
1251,Beveled Pipe Top Left Right,7,Decoration,1,0.0,0.0,0.0,0,0,,,-7,1,0,0,0,0,0,0,0,0,0
1252,Beveled Pipe Left Right Down,7,Decoration,1,0.0,0.0,0.0,0,0,,,-7,1,0,0,0,0,0,0,0,0,0
1253,Beveled Pipe Bottom With Top-Left and Top-Right Corners,7,Decoration,1,0.0,0.0,0.0,0,0,,,-7,1,0,0,0,0,0,0,0,0,0
1254,Beveled Pipe Top with Bottom-Left and Bottom-Right Corners,7,Decoration,1,0.0,0.0,0.0,0,0,,,-7,1,0,0,0,0,0,0,0,0,0
1255,Beveled Pipe Four Corners,7,Decoration,1,0.0,0.0,0.0,0,0,,,-7,1,0,0,0,0,0,0,0,0,0
1256,Beveled Pipe Slope Top Bottom,7,Decoration,1,0.0,0.0,0.0,0,0,,,-7,1,0,0,0,0,0,0,0,0,0
1257,Beveled Pipe Wide Slope Top Bottom,7,Decoration,1,0.0,0.0,0.0,0,0,,,-7,1,0,0,0,0,0,0,0,0,0
1258,Inverted Beveled Pipe Slope Top Bottom,7,Decoration,1,0.0,0.0,0.0,0,0,,,-7,1,0,0,0,0,0,0,0,0,0
1259,Inverted Beveled Pipe Wide Slope Top Bottom,7,Decoration,1,0.0,0.0,0.0,0,0,,,-7,1,0,0,0,0,0,0,0,0,0
1260,Outer Outline Side,0,Solid,0,0.0,0.0,0.0,0,0,,,0,5,0,0,0,0,0,0,1,0,0
1261,Outer Outline Corner,7,Decoration,1,0.0,0.0,0.0,0,0,,,0,5,0,0,0,0,0,0,0,0,0
1262,Thick Outer Outline Side,0,Solid,0,0.0,0.0,0.0,0,0,,,0,5,0,0,0,0,0,0,1,0,0
1263,Thick Outer Outline Corner,7,Decoration,1,0.0,0.0,0.0,0,0,,,0,5,0,0,0,0,0,0,0,0,0
1264,Thicker Outer Outline Side,0,Solid,0,0.0,0.0,0.0,0,0,,,0,5,0,0,0,0,0,0,1,0,0
1265,Thicker Outer Outline Corner,7,Decoration,1,0.0,0.0,0.0,0,0,,,0,5,0,0,0,0,0,0,0,0,0
1266,Large Beveled Bricks Left 2,7,Decoration,1,0.0,0.0,0.0,0,0,,,-7,1,0,0,0,0,0,0,0,0,0
1267,Large Beveled Bricks Right 2,7,Decoration,1,0.0,0.0,0.0,0,0,,,-7,1,0,0,0,0,0,0,0,0,0
1268,Spawn Trigger,20,Modifier,1,30.0,30.0,0.0,0,0,,,0,5,1,0,0,0,0,0,0,0,0
1269,Large One Block Slope Corner Glow,7,Decoration,1,0.0,0.0,0.0,0,0,,,9,1,0,0,0,0,0,0,0,0,0
1270,Large Two Block Slope Corner Glow,7,Decoration,1,0.0,0.0,0.0,0,0,,,9,1,0,0,0,0,0,0,0,0,0
1271,Small One Block Slope Corner Glow,7,Decoration,1,0.0,0.0,0.0,0,0,,,9,1,0,0,0,0,0,0,0,0,0
1272,Small Two Block Slope Corner Glow,7,Decoration,1,0.0,0.0,0.0,0,0,,,9,1,0,0,0,0,0,0,0,0,0
1273,Medium One Block Slope Corner Glow,7,Decoration,1,0.0,0.0,0.0,0,0,,,9,1,0,0,0,0,0,0,0,0,0
1274,Medium Two Block Slope Corner Glow,7,Decoration,1,0.0,0.0,0.0,0,0,,,9,1,0,0,0,0,0,0,0,0,0
1275,Key Collectable,30,Collectible,1,25.0,20.0,0.0,0,0,,,9,5,0,0,0,0,0,0,0,0,0
1276,Key Hole,7,Decoration,1,0.0,0.0,0.0,0,0,,,9,5,0,0,0,0,0,0,0,0,0
1277,Beveled Pipe Top,7,Decoration,1,0.0,0.0,0.0,0,0,,,-7,1,0,0,0,0,0,0,0,0,0
1278,Beveled Pipe Bottom,7,Decoration,1,0.0,0.0,0.0,0,0,,,-7,1,0,0,0,0,0,0,0,0,0
1279,Beveled Pipe Top Left,7,Decoration,1,0.0,0.0,0.0,0,0,,,-7,1,0,0,0,0,0,0,0,0,0
1280,Beveled Pipe Right Bottom,7,Decoration,1,0.0,0.0,0.0,0,0,,,-7,1,0,0,0,0,0,0,0,0,0
1281,Beveled Pipe Top Right,7,Decoration,1,0.0,0.0,0.0,0,0,,,-7,1,0,0,0,0,0,0,0,0,0
1282,Beveled Pipe Top Corners,7,Decoration,1,0.0,0.0,0.0,0,0,,,-7,1,0,0,0,0,0,0,0,0,0
1283,Beveled Pipe Bottom Corners,7,Decoration,1,0.0,0.0,0.0,0,0,,,-7,1,0,0,0,0,0,0,0,0,0
1284,Beveled Pipe Top-Left and Bottom-Right Corners,7,Decoration,1,0.0,0.0,0.0,0,0,,,-7,1,0,0,0,0,0,0,0,0,0
1285,Beveled Pipe Top-Right and Bottom-Left Corners,7,Decoration,1,0.0,0.0,0.0,0,0,,,-7,1,0,0,0,0,0,0,0,0,0
1286,Beveled Pipe Top and Right Three Corners,7,Decoration,1,0.0,0.0,0.0,0,0,,,-7,1,0,0,0,0,0,0,0,0,0
1287,Beveled Pipe Top and Bottom-Right Corner,7,Decoration,1,0.0,0.0,0.0,0,0,,,-7,1,0,0,0,0,0,0,0,0,0
1288,Reversed Beveled Pipe Top and Bottom-Left Corner,7,Decoration,1,0.0,0.0,0.0,0,0,,,-7,1,0,0,0,0,0,0,0,0,0
1289,Beveled Pipe Bottom and Top-Left Corner,7,Decoration,1,0.0,0.0,0.0,0,0,,,-7,1,0,0,0,0,0,0,0,0,0
1290,Reversed Beveled Pipe Bottom and Top-Right Corner,7,Decoration,1,0.0,0.0,0.0,0,0,,,-7,1,0,0,0,0,0,0,0,0,0
1291,Half Medium Glow,7,Decoration,1,0.0,0.0,0.0,0,0,,,9,1,0,0,0,0,0,0,0,0,0
1292,Straight Small Glow,7,Decoration,1,0.0,0.0,0.0,0,0,,,9,1,0,0,0,0,0,0,0,0,0
1293,Half Large Glow,7,Decoration,1,0.0,0.0,0.0,0,0,,,9,1,0,0,0,0,0,0,0,0,0
1294,Textured Grass Block Side,7,Decoration,1,0.0,0.0,0.0,0,0,,,-7,1,0,0,0,0,0,0,1,0,0
1295,Textured Grass Block Top Corner,7,Decoration,1,0.0,0.0,0.0,0,0,,,-7,1,0,0,0,0,0,0,1,0,0
1296,Two-Color Textured Grass Block Side,7,Decoration,1,0.0,0.0,0.0,0,0,,,-7,1,0,0,0,0,0,0,1,0,0
1297,Two-Color Textured Grass Block Top Corner,7,Decoration,1,0.0,0.0,0.0,0,0,,,-7,1,0,0,0,0,0,0,1,0,0
1298,Colored Connected Pluses Four Sides and One Corner,7,Decoration,1,30.0,30.0,0.0,0,0,,,-7,1,0,0,0,0,0,0,1,0,0
1299,Hollow Two-Color Grass Top,7,Decoration,1,0.0,0.0,0.0,0,0,,,-7,1,0,0,0,0,0,0,1,0,0
1300,Hollow Two-Color Grass Outer Corner,7,Decoration,1,0.0,0.0,0.0,0,0,,,-7,1,0,0,0,0,0,0,1,0,0
1301,Hollow Two-Color Grass Inner Corner,7,Decoration,1,0.0,0.0,0.0,0,0,,,-7,1,0,0,0,0,0,0,1,0,0
1302,Hollow Two-Color Grass Platform Side,7,Decoration,1,0.0,0.0,0.0,0,0,,,-7,1,0,0,0,0,0,0,1,0,0
1303,Hollow Two-Color Grass Single Platform,7,Decoration,1,0.0,0.0,0.0,0,0,,,-7,1,0,0,0,0,0,0,1,0,0
1304,Hollow Two-Color Grass Pillar Top,7,Decoration,1,0.0,0.0,0.0,0,0,,,-7,1,0,0,0,0,0,0,1,0,0
1305,Hollow Two-Color Grass Slope,7,Decoration,1,0.0,0.0,0.0,0,0,,,-7,1,0,0,0,0,0,0,1,0,0
1306,Hollow Two-Color Grass Wide Slope,7,Decoration,1,0.0,0.0,0.0,0,0,,,-7,1,0,0,0,0,0,0,1,0,0
1307,Hollow Two-Color Grass Slope Connector,7,Decoration,1,0.0,0.0,0.0,0,0,,,-7,1,0,0,0,0,0,0,1,0,0
1308,Hollow Two-Color Grass Wide Slope Connector 1,7,Decoration,1,0.0,0.0,0.0,0,0,,,-7,1,0,0,0,0,0,0,1,0,0
1309,Hollow Two-Color Grass Wide Slope Connector 2,7,Decoration,1,0.0,0.0,0.0,0,0,,,-7,1,0,0,0,0,0,0,1,0,0
1310,Colored Grass Outline Top,7,Decoration,1,0.0,0.0,0.0,0,0,,,-7,1,0,0,0,0,0,0,1,0,0
1311,Colored Grass Outline Outer Corner,7,Decoration,1,0.0,0.0,0.0,0,0,,,-7,1,0,0,0,0,0,0,1,0,0
1312,Colored Grass Outline Inner Corner,7,Decoration,1,0.0,0.0,0.0,0,0,,,-7,1,0,0,0,0,0,0,1,0,0
1313,Colored Grass Outline Platform Side,7,Decoration,1,0.0,0.0,0.0,0,0,,,-7,1,0,0,0,0,0,0,1,0,0
1314,Colored Grass Outline Single Platform,7,Decoration,1,0.0,0.0,0.0,0,0,,,-7,1,0,0,0,0,0,0,1,0,0
1315,Colored Grass Outline Pillar Top,7,Decoration,1,0.0,0.0,0.0,0,0,,,-7,1,0,0,0,0,0,0,1,0,0
1316,Colored Grass Outline Slope,7,Decoration,1,0.0,0.0,0.0,0,0,,,-7,1,0,0,0,0,0,0,1,0,0
1317,Colored Grass Outline Wide Slope,7,Decoration,1,0.0,0.0,0.0,0,0,,,-7,1,0,0,0,0,0,0,1,0,0
1318,Colored Grass Outline Slope Connector,7,Decoration,1,0.0,0.0,0.0,0,0,,,-7,1,0,0,0,0,0,0,1,0,0
1319,Colored Grass Outline Wide Slope Connector 1,7,Decoration,1,0.0,0.0,0.0,0,0,,,-7,1,0,0,0,0,0,0,1,0,0
1320,Colored Grass Outline Wide Slope Connector 2,7,Decoration,1,0.0,0.0,0.0,0,0,,,-7,1,0,0,0,0,0,0,1,0,0
1321,,0,Solid,0,0.0,0.0,0.0,0,0,,,0,5,0,0,0,0,0,0,1,0,0
1322,Inverted Neon Block Bottom and Side,7,Decoration,1,0.0,0.0,0.0,0,0,,,-7,1,0,0,0,0,0,0,1,0,0
1323,,0,Solid,0,0.0,0.0,0.0,0,0,,,0,5,0,0,0,0,0,0,1,0,0
1324,,0,Solid,0,0.0,0.0,0.0,0,0,,,0,5,0,0,0,0,0,0,1,0,0
1325,Half Neon Slope Connector,7,Decoration,1,0.0,0.0,0.0,0,0,,,-7,1,0,0,0,0,0,0,1,0,0
1326,Half Neon Wide Slope Connector,7,Decoration,1,0.0,0.0,0.0,0,0,,,-7,1,0,0,0,0,0,0,1,0,0
1327,Small Monster Hazard,47,AnimatedHazard,1,0.0,0.0,0.0,0,0,,,0,5,0,0,0,0,0,0,1,0,0
1328,Large Monster Hazard,47,AnimatedHazard,1,0.0,0.0,0.0,0,0,,,0,5,0,0,0,0,0,0,1,0,0
1329,User Coin,0,Solid,0,0.0,0.0,0.0,0,0,,,0,5,0,0,0,0,0,0,1,0,0
1330,Black Drop Orb,0,Solid,0,0.0,0.0,0.0,0,0,,,0,5,0,1,0,0,0,0,1,0,0
1331,Spider Portal,33,SpiderPortal,1,0.0,0.0,0.0,0,0,,,10,5,1,1,0,0,0,0,0,0,0
1332,Red Jump Pad,34,RedJumpPad,1,0.0,0.0,0.0,0,0,,,12,3,0,1,0,0,0,0,0,0,0
1333,Red Jump Orb,35,RedJumpRing,1,30.0,30.0,0.0,0,0,1.2,1.2,12,3,0,1,0,0,0,0,0,0,0
1334,Red Fast Speed Portal,20,Modifier,1,0.0,0.0,0.0,0,0,,,-6,4,1,1,0,0,0,0,0,0,0
1335,,0,Solid,0,0.0,0.0,0.0,0,0,,,0,5,0,0,0,0,0,0,1,0,0
1336,,0,Solid,0,0.0,0.0,0.0,0,0,,,0,5,0,0,0,0,0,0,1,0,0
1337,,0,Solid,0,0.0,0.0,0.0,0,0,,,0,5,0,0,0,0,0,0,1,0,0
1338,Outline Slope,25,Slope,1,0.0,0.0,0.0,0,0,,,3,5,0,0,0,0,0,0,1,0,0
1339,Outline Wide Slope,25,Slope,1,0.0,0.0,0.0,0,0,,,3,5,0,0,0,0,0,0,1,0,0
1340,Thin Invisible Outline,0,Solid,1,0.0,0.0,0.0,0,0,,,0,5,0,0,0,0,0,0,1,0,0
1341,Thin Invisible Outline Slope,25,Slope,1,0.0,0.0,0.0,0,0,,,0,5,0,0,0,0,0,0,1,0,0
1342,Thin Invisible Outline Wide Slope,25,Slope,1,0.0,0.0,0.0,0,0,,,0,5,0,0,0,0,0,0,1,0,0
1343,Thick Invisible Outline,0,Solid,1,0.0,0.0,0.0,0,0,,,0,5,0,0,0,0,0,0,1,0,0
1344,Thick Invisible Outline Slope,25,Slope,1,0.0,0.0,0.0,0,0,,,0,5,0,0,0,0,0,0,1,0,0
1345,Thick Invisible Outline Wide Slope,25,Slope,1,0.0,0.0,0.0,0,0,,,0,5,0,0,0,0,0,0,1,0,0
1346,Rotate Trigger,20,Modifier,1,30.0,30.0,0.0,0,0,,,0,5,1,0,0,0,0,0,0,0,0
1347,Follow Trigger,20,Modifier,1,30.0,30.0,0.0,0,0,,,0,5,1,0,0,0,0,0,0,0,0
1348,Bottom Right Floating Rocks,7,Decoration,1,0.0,0.0,0.0,0,0,,,-7,1,0,0,0,0,0,0,0,0,0
1349,Bottom Left Floating Rocks,7,Decoration,1,0.0,0.0,0.0,0,0,,,-7,1,0,0,0,0,0,0,0,0,0
1350,Top Right Floating Rocks,7,Decoration,1,0.0,0.0,0.0,0,0,,,-7,1,0,0,0,0,0,0,0,0,0
1351,Top Left Floating Rocks,7,Decoration,1,0.0,0.0,0.0,0,0,,,-7,1,0,0,0,0,0,0,0,0,0
1352,Bottom Right Floating Rocks Connected Filler,7,Decoration,1,0.0,0.0,0.0,0,0,,,-9,1,0,0,0,0,0,0,0,0,0
1353,Bottom Left Floating Rocks Connected Filler,7,Decoration,1,0.0,0.0,0.0,0,0,,,-9,1,0,0,0,0,0,0,0,0,0
1354,Top Right Floating Rocks Connected Filler,7,Decoration,1,0.0,0.0,0.0,0,0,,,-9,1,0,0,0,0,0,0,0,0,0
1355,Top Left Floating Rocks Connected Filler,7,Decoration,1,0.0,0.0,0.0,0,0,,,-9,1,0,0,0,0,0,0,0,0,0
1356,Left-Top Small Floating Rocks,7,Decoration,1,0.0,0.0,0.0,0,0,,,-7,1,0,0,0,0,0,0,0,0,0
1357,Right-Bottom Small Floating Rocks,7,Decoration,1,0.0,0.0,0.0,0,0,,,-7,1,0,0,0,0,0,0,0,0,0
1358,Right-Top Small Floating Rocks,7,Decoration,1,0.0,0.0,0.0,0,0,,,-7,1,0,0,0,0,0,0,0,0,0
1359,Top-Right Small Floating Rocks,7,Decoration,1,0.0,0.0,0.0,0,0,,,-7,1,0,0,0,0,0,0,0,0,0
1360,Top-Left Small Floating Rocks,7,Decoration,1,0.0,0.0,0.0,0,0,,,-7,1,0,0,0,0,0,0,0,0,0
1361,Bottom-Right Small Floating Rocks,7,Decoration,1,0.0,0.0,0.0,0,0,,,-7,1,0,0,0,0,0,0,0,0,0
1362,Bottom-Left Small Floating Rocks,7,Decoration,1,0.0,0.0,0.0,0,0,,,-7,1,0,0,0,0,0,0,0,0,0
1363,Top Left Single Floating Rock 1,7,Decoration,1,0.0,0.0,0.0,0,0,,,-7,1,0,0,0,0,0,0,0,0,0
1364,Top Right Single Floating Rock 1,7,Decoration,1,0.0,0.0,0.0,0,0,,,-7,1,0,0,0,0,0,0,0,0,0
1365,Bottom Left Single Floating Rock 1,7,Decoration,1,0.0,0.0,0.0,0,0,,,-7,1,0,0,0,0,0,0,0,0,0
1366,Bottom Right Single Floating Rock 1,7,Decoration,1,0.0,0.0,0.0,0,0,,,-7,1,0,0,0,0,0,0,0,0,0
1367,Left-Bottom Small Floating Rocks Outline,7,Decoration,1,0.0,0.0,0.0,0,0,,,-5,3,0,0,0,0,0,0,0,0,0
1368,Left-Top Small Floating Rocks Outline,7,Decoration,1,0.0,0.0,0.0,0,0,,,-5,3,0,0,0,0,0,0,0,0,0
1369,Right-Bottom Small Floating Rocks Outline,7,Decoration,1,0.0,0.0,0.0,0,0,,,-5,3,0,0,0,0,0,0,0,0,0
1370,Right-Top Small Floating Rocks Outline,7,Decoration,1,0.0,0.0,0.0,0,0,,,-5,3,0,0,0,0,0,0,0,0,0
1371,Top-Right Small Floating Rocks Outline,7,Decoration,1,0.0,0.0,0.0,0,0,,,-5,3,0,0,0,0,0,0,0,0,0
1372,Top-Left Small Floating Rocks Outline,7,Decoration,1,0.0,0.0,0.0,0,0,,,-5,3,0,0,0,0,0,0,0,0,0
1373,Bottom-Right Small Floating Rocks Outline,7,Decoration,1,0.0,0.0,0.0,0,0,,,-5,3,0,0,0,0,0,0,0,0,0
1374,Bottom-Left Small Floating Rocks Outline,7,Decoration,1,0.0,0.0,0.0,0,0,,,-5,3,0,0,0,0,0,0,0,0,0
1375,Top Left Single Floating Rock Outline,7,Decoration,1,0.0,0.0,0.0,0,0,,,-5,3,0,0,0,0,0,0,0,0,0
1376,Top Right Single Floating Rock Outline,7,Decoration,1,0.0,0.0,0.0,0,0,,,-5,3,0,0,0,0,0,0,0,0,0
1377,Bottom Left Single Floating Rock Outline,7,Decoration,1,0.0,0.0,0.0,0,0,,,-5,3,0,0,0,0,0,0,0,0,0
1378,Bottom Right Single Floating Rock Outline,7,Decoration,1,0.0,0.0,0.0,0,0,,,-5,3,0,0,0,0,0,0,0,0,0
1379,Top Left Floating Rocks Left Outline,7,Decoration,1,0.0,0.0,0.0,0,0,,,-5,3,0,0,0,0,0,0,0,0,0
1380,Bottom Left Floating Rocks Left Outline,7,Decoration,1,0.0,0.0,0.0,0,0,,,-5,3,0,0,0,0,0,0,0,0,0
1381,Top Right Floating Rocks Right Outline,7,Decoration,1,0.0,0.0,0.0,0,0,,,-5,3,0,0,0,0,0,0,0,0,0
1382,Bottom Right Floating Rocks Right Outline,7,Decoration,1,0.0,0.0,0.0,0,0,,,-5,3,0,0,0,0,0,0,0,0,0
1383,Top Left Floating Rocks Top Outline,7,Decoration,1,0.0,0.0,0.0,0,0,,,-5,3,0,0,0,0,0,0,0,0,0
1384,Top Right Floating Rocks Top Outline,7,Decoration,1,0.0,0.0,0.0,0,0,,,-5,3,0,0,0,0,0,0,0,0,0
1385,Bottom Left Floating Rocks Bottom Outline,7,Decoration,1,0.0,0.0,0.0,0,0,,,-5,3,0,0,0,0,0,0,0,0,0
1386,Bottom Right Floating Rocks Bottom Outline,7,Decoration,1,0.0,0.0,0.0,0,0,,,-5,3,0,0,0,0,0,0,0,0,0
1387,Bottom Right Floating Rocks Disconnected Filler,7,Decoration,1,0.0,0.0,0.0,0,0,,,-9,1,0,0,0,0,0,0,0,0,0
1388,Bottom Left Floating Rocks Disconnected Filler,7,Decoration,1,0.0,0.0,0.0,0,0,,,-9,1,0,0,0,0,0,0,0,0,0
1389,Top Right Floating Rocks Disconnected Filler,7,Decoration,1,0.0,0.0,0.0,0,0,,,-9,1,0,0,0,0,0,0,0,0,0
1390,Top Left Floating Rocks Disconnected Filler,7,Decoration,1,0.0,0.0,0.0,0,0,,,-9,1,0,0,0,0,0,0,0,0,0
1391,Right Floating Rocks External Filler,7,Decoration,1,0.0,0.0,0.0,0,0,,,-9,1,0,0,0,0,0,0,0,0,0
1392,Bottom Floating Rocks External Filler,7,Decoration,1,0.0,0.0,0.0,0,0,,,-9,1,0,0,0,0,0,0,0,0,0
1393,Left Floating Rocks External Filler,7,Decoration,1,0.0,0.0,0.0,0,0,,,-9,1,0,0,0,0,0,0,0,0,0
1394,Top Floating Rocks External Filler,7,Decoration,1,0.0,0.0,0.0,0,0,,,-9,1,0,0,0,0,0,0,0,0,0
1395,Left-Bottom Small Floating Rocks,7,Decoration,1,0.0,0.0,0.0,0,0,,,-7,1,0,0,0,0,0,0,0,0,0
1396,,0,Solid,0,0.0,0.0,0.0,0,0,,,0,5,0,0,0,0,0,0,1,0,0
1397,,0,Solid,0,0.0,0.0,0.0,0,0,,,0,5,0,0,0,0,0,0,1,0,0
1398,,0,Solid,0,0.0,0.0,0.0,0,0,,,0,5,0,0,0,0,0,0,1,0,0
1399,,0,Solid,0,0.0,0.0,0.0,0,0,,,0,5,0,0,0,0,0,0,1,0,0
1400,,0,Solid,0,0.0,0.0,0.0,0,0,,,0,5,0,0,0,0,0,0,1,0,0
1401,,0,Solid,0,0.0,0.0,0.0,0,0,,,0,5,0,0,0,0,0,0,1,0,0
1402,,0,Solid,0,0.0,0.0,0.0,0,0,,,0,5,0,0,0,0,0,0,1,0,0
1403,,0,Solid,0,0.0,0.0,0.0,0,0,,,0,5,0,0,0,0,0,0,1,0,0
1404,,0,Solid,0,0.0,0.0,0.0,0,0,,,0,5,0,0,0,0,0,0,1,0,0
1405,,0,Solid,0,0.0,0.0,0.0,0,0,,,0,5,0,0,0,0,0,0,1,0,0
1406,,0,Solid,0,0.0,0.0,0.0,0,0,,,0,5,0,0,0,0,0,0,1,0,0
1407,,0,Solid,0,0.0,0.0,0.0,0,0,,,0,5,0,0,0,0,0,0,1,0,0
1408,,0,Solid,0,0.0,0.0,0.0,0,0,,,0,5,0,0,0,0,0,0,1,0,0
1409,,0,Solid,0,0.0,0.0,0.0,0,0,,,0,5,0,0,0,0,0,0,1,0,0
1410,,0,Solid,0,0.0,0.0,0.0,0,0,,,0,5,0,0,0,0,0,0,1,0,0
1411,,0,Solid,0,0.0,0.0,0.0,0,0,,,0,5,0,0,0,0,0,0,1,0,0
1412,,0,Solid,0,0.0,0.0,0.0,0,0,,,0,5,0,0,0,0,0,0,1,0,0
1413,,0,Solid,0,0.0,0.0,0.0,0,0,,,0,5,0,0,0,0,0,0,1,0,0
1414,,0,Solid,0,0.0,0.0,0.0,0,0,,,0,5,0,0,0,0,0,0,1,0,0
1415,,0,Solid,0,0.0,0.0,0.0,0,0,,,0,5,0,0,0,0,0,0,1,0,0
1416,,0,Solid,0,0.0,0.0,0.0,0,0,,,0,5,0,0,0,0,0,0,1,0,0
1417,,0,Solid,0,0.0,0.0,0.0,0,0,,,0,5,0,0,0,0,0,0,1,0,0
1418,,0,Solid,0,0.0,0.0,0.0,0,0,,,0,5,0,0,0,0,0,0,1,0,0
1419,,0,Solid,0,0.0,0.0,0.0,0,0,,,0,5,0,0,0,0,0,0,1,0,0
1420,,0,Solid,0,0.0,0.0,0.0,0,0,,,0,5,0,0,0,0,0,0,1,0,0
1421,,0,Solid,0,0.0,0.0,0.0,0,0,,,0,5,0,0,0,0,0,0,1,0,0
1422,,0,Solid,0,0.0,0.0,0.0,0,0,,,0,5,0,0,0,0,0,0,1,0,0
1423,,0,Solid,0,0.0,0.0,0.0,0,0,,,0,5,0,0,0,0,0,0,1,0,0
1424,,0,Solid,0,0.0,0.0,0.0,0,0,,,0,5,0,0,0,0,0,0,1,0,0
1425,,0,Solid,0,0.0,0.0,0.0,0,0,,,0,5,0,0,0,0,0,0,1,0,0
1426,,0,Solid,0,0.0,0.0,0.0,0,0,,,0,5,0,0,0,0,0,0,1,0,0
1427,,0,Solid,0,0.0,0.0,0.0,0,0,,,0,5,0,0,0,0,0,0,1,0,0
1428,,0,Solid,0,0.0,0.0,0.0,0,0,,,0,5,0,0,0,0,0,0,1,0,0
1429,,0,Solid,0,0.0,0.0,0.0,0,0,,,0,5,0,0,0,0,0,0,1,0,0
1430,,0,Solid,0,0.0,0.0,0.0,0,0,,,0,5,0,0,0,0,0,0,1,0,0
1431,Tiled Floating Rocks 1,7,Decoration,1,0.0,0.0,0.0,0,0,,,-7,1,0,0,0,0,0,0,0,0,0
1432,Tiled Floating Rocks 2,7,Decoration,1,0.0,0.0,0.0,0,0,,,-7,1,0,0,0,0,0,0,0,0,0
1433,Tiled Floating Rocks 3,7,Decoration,1,0.0,0.0,0.0,0,0,,,-7,1,0,0,0,0,0,0,0,0,0
1434,Floating Rocks Left,7,Decoration,1,0.0,0.0,0.0,0,0,,,-7,1,0,0,0,0,0,0,0,0,0
1435,Floating Rocks Top,7,Decoration,1,0.0,0.0,0.0,0,0,,,-7,1,0,0,0,0,0,0,0,0,0
1436,Floating Rocks Right,7,Decoration,1,0.0,0.0,0.0,0,0,,,-7,1,0,0,0,0,0,0,0,0,0
1437,Floating Rocks Bottom,7,Decoration,1,0.0,0.0,0.0,0,0,,,-7,1,0,0,0,0,0,0,0,0,0
1438,Top Left Single Floating Rock 2,7,Decoration,1,0.0,0.0,0.0,0,0,,,-7,1,0,0,0,0,0,0,0,0,0
1439,Top Right Single Floating Rock 2,7,Decoration,1,0.0,0.0,0.0,0,0,,,-7,1,0,0,0,0,0,0,0,0,0
1440,Bottom Left Single Floating Rock 2,7,Decoration,1,0.0,0.0,0.0,0,0,,,-7,1,0,0,0,0,0,0,0,0,0
1441,Bottom Right Single Floating Rock 2,7,Decoration,1,0.0,0.0,0.0,0,0,,,-7,1,0,0,0,0,0,0,0,0,0
1442,Tiled Floating Rocks 1 Filler,7,Decoration,1,0.0,0.0,0.0,0,0,,,-9,1,0,0,0,0,0,0,0,0,0
1443,Tiled Floating Rocks 2 Filler,7,Decoration,1,0.0,0.0,0.0,0,0,,,-9,1,0,0,0,0,0,0,0,0,0
1444,Tiled Floating Rocks 3 Filler,7,Decoration,1,0.0,0.0,0.0,0,0,,,-9,1,0,0,0,0,0,0,0,0,0
1445,Left Floating Rocks Filler,7,Decoration,1,0.0,0.0,0.0,0,0,,,-9,1,0,0,0,0,0,0,0,0,0
1446,Top Floating Rocks Filler,7,Decoration,1,0.0,0.0,0.0,0,0,,,-9,1,0,0,0,0,0,0,0,0,0
1447,Right Floating Rocks Filler,7,Decoration,1,0.0,0.0,0.0,0,0,,,-9,1,0,0,0,0,0,0,0,0,0
1448,Bottom Floating Rocks Filler,7,Decoration,1,0.0,0.0,0.0,0,0,,,-9,1,0,0,0,0,0,0,0,0,0
1449,Top Left Single Floating Rock 2 Filler,7,Decoration,1,0.0,0.0,0.0,0,0,,,-9,1,0,0,0,0,0,0,0,0,0
1450,Top Right Single Floating Rock 2 Filler,7,Decoration,1,0.0,0.0,0.0,0,0,,,-9,1,0,0,0,0,0,0,0,0,0
1451,Bottom Left Single Floating Rock 2 Filler,7,Decoration,1,0.0,0.0,0.0,0,0,,,-9,1,0,0,0,0,0,0,0,0,0
1452,Bottom Right Single Floating Rock 2 Filler,7,Decoration,1,0.0,0.0,0.0,0,0,,,-9,1,0,0,0,0,0,0,0,0,0
1453,Left Floating Rocks Outline,7,Decoration,1,0.0,0.0,0.0,0,0,,,-5,3,0,0,0,0,0,0,0,0,0
1454,Top Floating Rocks Outline,7,Decoration,1,0.0,0.0,0.0,0,0,,,-5,3,0,0,0,0,0,0,0,0,0
1455,Right Floating Rocks Outline,7,Decoration,1,0.0,0.0,0.0,0,0,,,-5,3,0,0,0,0,0,0,0,0,0
1456,Bottom Floating Rocks Outline,7,Decoration,1,0.0,0.0,0.0,0,0,,,-5,3,0,0,0,0,0,0,0,0,0
1457,Top Left Single Floating Rock 2 Outline,7,Decoration,1,0.0,0.0,0.0,0,0,,,-5,3,0,0,0,0,0,0,0,0,0
1458,Top Right Single Floating Rock 2 Outline,7,Decoration,1,0.0,0.0,0.0,0,0,,,-5,3,0,0,0,0,0,0,0,0,0
1459,Bottom Left Single Floating Rock 2 Outline,7,Decoration,1,0.0,0.0,0.0,0,0,,,-5,3,0,0,0,0,0,0,0,0,0
1460,Bottom Right Single Floating Rock 2 Outline,7,Decoration,1,0.0,0.0,0.0,0,0,,,-5,3,0,0,0,0,0,0,0,0,0
1461,Tiled Jagged Rocks 1,7,Decoration,1,0.0,0.0,0.0,0,0,,,-7,1,0,0,0,0,0,0,0,0,0
1462,Tiled Jagged Rocks 2,7,Decoration,1,0.0,0.0,0.0,0,0,,,-7,1,0,0,0,0,0,0,0,0,0
1463,Tiled Jagged Rocks 3,7,Decoration,1,0.0,0.0,0.0,0,0,,,-7,1,0,0,0,0,0,0,0,0,0
1464,Tiled Jagged Rocks 4,7,Decoration,1,0.0,0.0,0.0,0,0,,,-7,1,0,0,0,0,0,0,0,0,0
1465,,0,Solid,0,0.0,0.0,0.0,0,0,,,0,5,0,0,0,0,0,0,1,0,0
1466,,0,Solid,0,0.0,0.0,0.0,0,0,,,0,5,0,0,0,0,0,0,1,0,0
1467,,0,Solid,0,0.0,0.0,0.0,0,0,,,0,5,0,0,0,0,0,0,1,0,0
1468,,0,Solid,0,0.0,0.0,0.0,0,0,,,0,5,0,0,0,0,0,0,1,0,0
1469,,0,Solid,0,0.0,0.0,0.0,0,0,,,0,5,0,0,0,0,0,0,1,0,0
1470,,0,Solid,0,0.0,0.0,0.0,0,0,,,0,5,0,0,0,0,0,0,1,0,0
1471,Grass Block Topper,7,Decoration,1,0.0,0.0,0.0,0,0,,,-7,1,0,0,0,0,0,0,0,0,0
1472,Grass Block Topper Edge,7,Decoration,1,0.0,0.0,0.0,0,0,,,-7,1,0,0,0,0,0,0,0,0,0
1473,Large Rock Pile,7,Decoration,1,0.0,0.0,0.0,0,0,,,-7,1,0,0,0,0,0,0,0,0,0
1474,,0,Solid,0,0.0,0.0,0.0,0,0,,,0,5,0,0,0,0,0,0,1,0,0
1475,,0,Solid,0,0.0,0.0,0.0,0,0,,,0,5,0,0,0,0,0,0,1,0,0
1476,,0,Solid,0,0.0,0.0,0.0,0,0,,,0,5,0,0,0,0,0,0,1,0,0
1477,,0,Solid,0,0.0,0.0,0.0,0,0,,,0,5,0,0,0,0,0,0,1,0,0
1478,,0,Solid,0,0.0,0.0,0.0,0,0,,,0,5,0,0,0,0,0,0,1,0,0
1479,,0,Solid,0,0.0,0.0,0.0,0,0,,,0,5,0,0,0,0,0,0,1,0,0
1480,,0,Solid,0,0.0,0.0,0.0,0,0,,,0,5,0,0,0,0,0,0,1,0,0
1481,,0,Solid,0,0.0,0.0,0.0,0,0,,,0,5,0,0,0,0,0,0,1,0,0
1482,,0,Solid,0,0.0,0.0,0.0,0,0,,,0,5,0,0,0,0,0,0,1,0,0
1483,,0,Solid,0,0.0,0.0,0.0,0,0,,,0,5,0,0,0,0,0,0,1,0,0
1484,,0,Solid,0,0.0,0.0,0.0,0,0,,,0,5,0,0,0,0,0,0,1,0,0
1485,,0,Solid,0,0.0,0.0,0.0,0,0,,,0,5,0,0,0,0,0,0,1,0,0
1486,,0,Solid,0,0.0,0.0,0.0,0,0,,,0,5,0,0,0,0,0,0,1,0,0
1487,,0,Solid,0,0.0,0.0,0.0,0,0,,,0,5,0,0,0,0,0,0,1,0,0
1488,,0,Solid,0,0.0,0.0,0.0,0,0,,,0,5,0,0,0,0,0,0,1,0,0
1489,,0,Solid,0,0.0,0.0,0.0,0,0,,,0,5,0,0,0,0,0,0,1,0,0
1490,,0,Solid,0,0.0,0.0,0.0,0,0,,,0,5,0,0,0,0,0,0,1,0,0
1491,,0,Solid,0,0.0,0.0,0.0,0,0,,,0,5,0,0,0,0,0,0,1,0,0
1492,,0,Solid,0,0.0,0.0,0.0,0,0,,,0,5,0,0,0,0,0,0,1,0,0
1493,,0,Solid,0,0.0,0.0,0.0,0,0,,,0,5,0,0,0,0,0,0,1,0,0
1494,,0,Solid,0,0.0,0.0,0.0,0,0,,,0,5,0,0,0,0,0,0,1,0,0
1495,,0,Solid,0,0.0,0.0,0.0,0,0,,,0,5,0,0,0,0,0,0,1,0,0
1496,Small Rock Pile,7,Decoration,1,0.0,0.0,0.0,0,0,,,-7,1,0,0,0,0,0,0,0,0,0
1497,,0,Solid,0,0.0,0.0,0.0,0,0,,,0,5,0,0,0,0,0,0,1,0,0
1498,,0,Solid,0,0.0,0.0,0.0,0,0,,,0,5,0,0,0,0,0,0,1,0,0
1499,,0,Solid,0,0.0,0.0,0.0,0,0,,,0,5,0,0,0,0,0,0,1,0,0
1500,,0,Solid,0,0.0,0.0,0.0,0,0,,,0,5,0,0,0,0,0,0,1,0,0
1501,,0,Solid,0,0.0,0.0,0.0,0,0,,,0,5,0,0,0,0,0,0,1,0,0
1502,,0,Solid,0,0.0,0.0,0.0,0,0,,,0,5,0,0,0,0,0,0,1,0,0
1503,,0,Solid,0,0.0,0.0,0.0,0,0,,,0,5,0,0,0,0,0,0,1,0,0
1504,,0,Solid,0,0.0,0.0,0.0,0,0,,,0,5,0,0,0,0,0,0,1,0,0
1505,,0,Solid,0,0.0,0.0,0.0,0,0,,,0,5,0,0,0,0,0,0,1,0,0
1506,,0,Solid,0,0.0,0.0,0.0,0,0,,,0,5,0,0,0,0,0,0,1,0,0
1507,Half Grass Block Topper,7,Decoration,1,0.0,0.0,0.0,0,0,,,-7,1,0,0,0,0,0,0,0,0,0
1508,,0,Solid,0,0.0,0.0,0.0,0,0,,,0,5,0,0,0,0,0,0,1,0,0
1509,,0,Solid,0,0.0,0.0,0.0,0,0,,,0,5,0,0,0,0,0,0,1,0,0
1510,Floating Rock Group 1,7,Decoration,1,0.0,0.0,0.0,0,0,,,-7,1,0,0,0,0,0,0,0,0,0
1511,Floating Rock Group 2,7,Decoration,1,0.0,0.0,0.0,0,0,,,-7,1,0,0,0,0,0,0,0,0,0
1512,Floating Rock Group 3,7,Decoration,1,0.0,0.0,0.0,0,0,,,-7,1,0,0,0,0,0,0,0,0,0
1513,Floating Rock Group 1 Filler,7,Decoration,1,0.0,0.0,0.0,0,0,,,-9,1,0,0,0,0,0,0,0,0,0
1514,Floating Rock Group 2 Filler,7,Decoration,1,0.0,0.0,0.0,0,0,,,-9,1,0,0,0,0,0,0,0,0,0
1515,Floating Rock Group 3 Filler,7,Decoration,1,0.0,0.0,0.0,0,0,,,-9,1,0,0,0,0,0,0,0,0,0
1516,Waterfall Animation,0,Solid,0,0.0,0.0,0.0,0,0,,,0,5,0,0,0,0,0,0,1,0,0
1517,Small Waterfall Animation,7,Decoration,1,0.0,0.0,0.0,0,0,,,9,3,0,0,0,0,0,0,0,0,0
1518,Waterfall Splash Animation,0,Solid,0,0.0,0.0,0.0,0,0,,,0,5,0,0,0,0,0,0,1,0,0
1519,Tiny Sparkle Animation,0,Solid,0,0.0,0.0,0.0,0,0,,,0,5,0,0,0,0,0,0,1,0,0
1520,Shake Trigger,20,Modifier,1,30.0,30.0,0.0,0,0,,,0,5,1,0,0,0,0,0,0,0,0
1521,Large Jointless Arm,0,Solid,0,0.0,0.0,0.0,0,0,,,0,5,0,0,0,0,0,0,1,0,0
1522,Medium Jointless Arm,0,Solid,0,0.0,0.0,0.0,0,0,,,0,5,0,0,0,0,0,0,1,0,0
1523,Small Jointless Arm,0,Solid,0,0.0,0.0,0.0,0,0,,,0,5,0,0,0,0,0,0,1,0,0
1524,Very Small Jointless Arm,0,Solid,0,0.0,0.0,0.0,0,0,,,0,5,0,0,0,0,0,0,1,0,0
1525,Large Rotating Particle,0,Solid,0,0.0,0.0,0.0,0,0,,,0,5,0,0,0,0,0,0,1,0,0
1526,Medium Rotating Particle,0,Solid,0,0.0,0.0,0.0,0,0,,,0,5,0,0,0,0,0,0,1,0,0
1527,Small Rotating Particle,0,Solid,0,0.0,0.0,0.0,0,0,,,0,5,0,0,0,0,0,0,1,0,0
1528,Very Small Rotating Particle,0,Solid,0,0.0,0.0,0.0,0,0,,,0,5,0,0,0,0,0,0,1,0,0
1529,Jagged Rocks 3DL Top Left,0,Solid,0,0.0,0.0,0.0,0,0,,,0,5,0,0,0,0,0,0,1,0,0
1530,Jagged Rocks 3DL Top Middle,7,Decoration,1,0.0,0.0,0.0,0,0,,,0,5,0,0,0,0,0,0,0,0,0
1531,Jagged Rocks 3DL Half Top Middle,0,Solid,0,0.0,0.0,0.0,0,0,,,0,5,0,0,0,0,0,0,1,0,0
1532,Jagged Rocks 3DL Top Right,0,Solid,0,0.0,0.0,0.0,0,0,,,0,5,0,0,0,0,0,0,1,0,0
1533,Jagged Rocks 3DL Inner Corner,0,Solid,0,0.0,0.0,0.0,0,0,,,0,5,0,0,0,0,0,0,1,0,0
1534,Jagged Rocks 3DL Top Outer Corner,0,Solid,0,0.0,0.0,0.0,0,0,,,0,5,0,0,0,0,0,0,1,0,0
1535,Jagged Rocks 3DL Half Top Left,0,Solid,0,0.0,0.0,0.0,0,0,,,0,5,0,0,0,0,0,0,1,0,0
1536,Jagged Rocks 3DL Wide Slope,0,Solid,0,0.0,0.0,0.0,0,0,,,0,5,0,0,0,0,0,0,1,0,0
1537,Jagged Rocks 3DL Slope,0,Solid,0,0.0,0.0,0.0,0,0,,,0,5,0,0,0,0,0,0,1,0,0
1538,Jagged Rocks 3DL Side Top,0,Solid,0,0.0,0.0,0.0,0,0,,,0,5,0,0,0,0,0,0,1,0,0
1539,Jagged Rocks 3DL Side Middle,0,Solid,0,0.0,0.0,0.0,0,0,,,0,5,0,0,0,0,0,0,1,0,0
1540,Jagged Rocks 3DL Side Outer Corner,0,Solid,0,0.0,0.0,0.0,0,0,,,0,5,0,0,0,0,0,0,1,0,0
1541,,0,Solid,0,0.0,0.0,0.0,0,0,,,0,5,0,0,0,0,0,0,1,0,0
1542,,0,Solid,0,0.0,0.0,0.0,0,0,,,0,5,0,0,0,0,0,0,1,0,0
1543,,0,Solid,0,0.0,0.0,0.0,0,0,,,0,5,0,0,0,0,0,0,1,0,0
1544,,0,Solid,0,0.0,0.0,0.0,0,0,,,0,5,0,0,0,0,0,0,1,0,0
1545,,0,Solid,0,0.0,0.0,0.0,0,0,,,0,5,0,0,0,0,0,0,1,0,0
1546,,0,Solid,0,0.0,0.0,0.0,0,0,,,0,5,0,0,0,0,0,0,1,0,0
1547,,0,Solid,0,0.0,0.0,0.0,0,0,,,0,5,0,0,0,0,0,0,1,0,0
1548,,0,Solid,0,0.0,0.0,0.0,0,0,,,0,5,0,0,0,0,0,0,1,0,0
1549,,0,Solid,0,0.0,0.0,0.0,0,0,,,0,5,0,0,0,0,0,0,1,0,0
1550,,0,Solid,0,0.0,0.0,0.0,0,0,,,0,5,0,0,0,0,0,0,1,0,0
1551,,0,Solid,0,0.0,0.0,0.0,0,0,,,0,5,0,0,0,0,0,0,1,0,0
1552,Floating Rocks 3DL Top Left,0,Solid,0,0.0,0.0,0.0,0,0,,,0,5,0,0,0,0,0,0,1,0,0
1553,Floating Rocks 3DL Top Middle,0,Solid,0,0.0,0.0,0.0,0,0,,,0,5,0,0,0,0,0,0,1,0,0
1554,Floating Rocks 3DL Half Top Middle,0,Solid,0,0.0,0.0,0.0,0,0,,,0,5,0,0,0,0,0,0,1,0,0
1555,Floating Rocks 3DL Top Right,0,Solid,0,0.0,0.0,0.0,0,0,,,0,5,0,0,0,0,0,0,1,0,0
1556,Floating Rocks 3DL Inner Corner,0,Solid,0,0.0,0.0,0.0,0,0,,,0,5,0,0,0,0,0,0,1,0,0
1557,Floating Rocks 3DL Outer Corner,0,Solid,0,0.0,0.0,0.0,0,0,,,0,5,0,0,0,0,0,0,1,0,0
1558,Floating Rocks 3DL Half Top Left,0,Solid,0,0.0,0.0,0.0,0,0,,,0,5,0,0,0,0,0,0,1,0,0
1559,Floating Rocks 3DL Wide Slope,0,Solid,0,0.0,0.0,0.0,0,0,,,0,5,0,0,0,0,0,0,1,0,0
1560,Floating Rocks 3DL Slope,0,Solid,0,0.0,0.0,0.0,0,0,,,0,5,0,0,0,0,0,0,1,0,0
1561,,0,Solid,0,0.0,0.0,0.0,0,0,,,0,5,0,0,0,0,0,0,1,0,0
1562,,0,Solid,0,0.0,0.0,0.0,0,0,,,0,5,0,0,0,0,0,0,1,0,0
1563,,0,Solid,0,0.0,0.0,0.0,0,0,,,0,5,0,0,0,0,0,0,1,0,0
1564,,0,Solid,0,0.0,0.0,0.0,0,0,,,0,5,0,0,0,0,0,0,1,0,0
1565,,0,Solid,0,0.0,0.0,0.0,0,0,,,0,5,0,0,0,0,0,0,1,0,0
1566,,0,Solid,0,0.0,0.0,0.0,0,0,,,0,5,0,0,0,0,0,0,1,0,0
1567,,0,Solid,0,0.0,0.0,0.0,0,0,,,0,5,0,0,0,0,0,0,1,0,0
1568,,0,Solid,0,0.0,0.0,0.0,0,0,,,0,5,0,0,0,0,0,0,1,0,0
1569,,0,Solid,0,0.0,0.0,0.0,0,0,,,0,5,0,0,0,0,0,0,1,0,0
1570,,0,Solid,0,0.0,0.0,0.0,0,0,,,0,5,0,0,0,0,0,0,1,0,0
1571,,0,Solid,0,0.0,0.0,0.0,0,0,,,0,5,0,0,0,0,0,0,1,0,0
1572,,0,Solid,0,0.0,0.0,0.0,0,0,,,0,5,0,0,0,0,0,0,1,0,0
1573,,0,Solid,0,0.0,0.0,0.0,0,0,,,0,5,0,0,0,0,0,0,1,0,0
1574,,0,Solid,0,0.0,0.0,0.0,0,0,,,0,5,0,0,0,0,0,0,1,0,0
1575,,0,Solid,0,0.0,0.0,0.0,0,0,,,0,5,0,0,0,0,0,0,1,0,0
1576,,0,Solid,0,0.0,0.0,0.0,0,0,,,0,5,0,0,0,0,0,0,1,0,0
1577,,0,Solid,0,0.0,0.0,0.0,0,0,,,0,5,0,0,0,0,0,0,1,0,0
1578,,0,Solid,0,0.0,0.0,0.0,0,0,,,0,5,0,0,0,0,0,0,1,0,0
1579,,0,Solid,0,0.0,0.0,0.0,0,0,,,0,5,0,0,0,0,0,0,1,0,0
1580,,0,Solid,0,0.0,0.0,0.0,0,0,,,0,5,0,0,0,0,0,0,1,0,0
1581,,0,Solid,0,0.0,0.0,0.0,0,0,,,0,5,0,0,0,0,0,0,1,0,0
1582,Rotating Fireball,0,Solid,0,0.0,0.0,0.0,0,0,,,0,5,0,0,0,0,0,0,1,0,0
1583,Moving Fireball,0,Solid,0,0.0,0.0,0.0,0,0,,,0,5,0,0,0,0,0,0,1,0,0
1584,Bat Hazard,47,AnimatedHazard,1,0.0,0.0,0.0,0,0,,,0,5,0,0,0,0,0,0,1,0,0
1585,Animate Trigger,20,Modifier,1,30.0,30.0,0.0,0,0,,,0,5,1,0,0,0,0,0,0,0,0
1586,Square Particles,7,Decoration,1,0.0,0.0,0.0,0,0,,,0,1,0,0,0,0,0,0,0,0,0
1587,Heart Collectable,30,Collectible,1,25.0,20.0,0.0,0,0,,,9,5,0,0,0,0,0,0,0,0,0
1588,Heart Hole,7,Decoration,1,0.0,0.0,0.0,0,0,,,9,5,0,0,0,0,0,0,0,0,0
1589,Potion Collectable,30,Collectible,1,25.0,20.0,0.0,0,0,,,9,5,0,0,0,0,0,0,0,0,0
1590,Potion Hole,7,Decoration,1,0.0,0.0,0.0,0,0,,,9,5,0,0,0,0,0,0,0,0,0
1591,Lava Animation,0,Solid,0,0.0,0.0,0.0,0,0,,,0,5,0,0,0,0,0,0,1,0,0
1592,Colored Stripes Small Slab Animation,0,Solid,0,0.0,0.0,0.0,0,0,,,0,5,0,0,0,0,0,0,1,0,0
1593,Lava Animation,0,Solid,0,0.0,0.0,0.0,0,0,,,0,5,0,0,0,0,0,0,1,0,0
1594,Toggle Orb,36,CustomRing,1,36.0,36.0,0.0,0,0,,,12,3,0,1,0,0,0,0,0,0,0
1595,Touch Trigger,20,Modifier,1,30.0,30.0,0.0,0,0,,,0,5,1,0,0,0,0,0,0,0,0
1596,Skull Decoration,7,Decoration,1,0.0,0.0,0.0,0,0,,,1,3,0,0,0,0,0,0,0,0,0
1597,Skull Decoration,7,Decoration,1,0.0,0.0,0.0,0,0,,,1,3,0,0,0,0,0,0,0,0,0
1598,Skull Collectable,30,Collectible,1,25.0,20.0,0.0,0,0,,,9,5,0,0,0,0,0,0,0,0,0
1599,Skull Hole,7,Decoration,1,0.0,0.0,0.0,0,0,,,9,5,0,0,0,0,0,0,0,0,0
1600,Wooden Sign,7,Decoration,1,0.0,0.0,0.0,0,0,,,9,3,0,0,0,0,0,0,0,0,0
1601,Wooden Post,7,Decoration,1,0.0,0.0,0.0,0,0,,,8,3,0,0,0,0,0,0,0,0,0
1602,Cartoon Skull,7,Decoration,1,0.0,0.0,0.0,0,0,,,12,3,0,0,0,0,0,0,0,0,0
1603,Cartoon Arrow,7,Decoration,1,0.0,0.0,0.0,0,0,,,12,3,0,0,0,0,0,0,0,0,0
1604,Cartoon Smile,7,Decoration,1,0.0,0.0,0.0,0,0,,,12,3,0,0,0,0,0,0,0,0,0
1605,Cartoon Frown,7,Decoration,1,0.0,0.0,0.0,0,0,,,12,3,0,0,0,0,0,0,0,0,0
1606,Cartoon Exclamation Mark,7,Decoration,1,0.0,0.0,0.0,0,0,,,12,3,0,0,0,0,0,0,0,0,0
1607,Cartoon Question Mark,7,Decoration,1,0.0,0.0,0.0,0,0,,,12,3,0,0,0,0,0,0,0,0,0
1608,Group of Dots 1,7,Decoration,1,0.0,0.0,0.0,0,0,,,10,3,0,0,0,0,0,0,0,0,0
1609,Group of Dots 2,7,Decoration,1,0.0,0.0,0.0,0,0,,,10,3,0,0,0,0,0,0,0,0,0
1610,Group of Dots 3,7,Decoration,1,0.0,0.0,0.0,0,0,,,10,3,0,0,0,0,0,0,0,0,0
1611,Count Trigger,20,Modifier,1,30.0,30.0,0.0,0,0,,,0,5,1,0,0,0,0,0,0,0,0
1612,Hide Player Trigger,20,Modifier,1,30.0,30.0,0.0,0,0,,,0,5,1,0,0,0,0,0,0,0,0
1613,Show Player Trigger,20,Modifier,1,30.0,30.0,0.0,0,0,,,0,5,1,0,0,0,0,0,0,0,0
1614,Small Coin Collectable,0,Solid,0,0.0,0.0,0.0,0,0,,,0,5,0,0,0,0,0,0,1,0,0
1615,Counter Label,7,Decoration,1,0.0,0.0,0.0,0,0,,,1,5,0,0,0,0,0,0,0,0,0
1616,Stop Trigger,20,Modifier,1,30.0,30.0,0.0,0,0,,,0,5,1,0,0,0,0,0,0,0,0
1617,Grass Block Topper Wide Edge,7,Decoration,1,0.0,0.0,0.0,0,0,,,-7,1,0,0,0,0,0,0,0,0,0
1618,Double Ring Pulse Animation,0,Solid,0,0.0,0.0,0.0,0,0,,,0,5,0,0,0,0,0,0,1,0,0
1619,Large Scythe Blade,0,Solid,0,0.0,0.0,0.0,0,0,,,0,5,0,0,0,0,0,0,1,0,0
1620,Small Scythe Blade,0,Solid,0,0.0,0.0,0.0,0,0,,,0,5,0,0,0,0,0,0,1,0,0
1621,Jagged Rocks 1 Left,7,Decoration,1,0.0,0.0,0.0,0,0,,,-7,1,0,0,0,0,0,0,0,0,0
1622,Jagged Rocks 3 Left,7,Decoration,1,0.0,0.0,0.0,0,0,,,-7,1,0,0,0,0,0,0,0,0,0
1623,Jagged Rocks 2 Left,7,Decoration,1,0.0,0.0,0.0,0,0,,,-7,1,0,0,0,0,0,0,0,0,0
1624,Jagged Rocks 4 Left,7,Decoration,1,0.0,0.0,0.0,0,0,,,-7,1,0,0,0,0,0,0,0,0,0
1625,Jagged Rocks 1 Right,7,Decoration,1,0.0,0.0,0.0,0,0,,,-7,1,0,0,0,0,0,0,0,0,0
1626,Jagged Rocks 3 Right,7,Decoration,1,0.0,0.0,0.0,0,0,,,-7,1,0,0,0,0,0,0,0,0,0
1627,Jagged Rocks 2 Right,7,Decoration,1,0.0,0.0,0.0,0,0,,,-7,1,0,0,0,0,0,0,0,0,0
1628,Jagged Rocks 4 Right,7,Decoration,1,0.0,0.0,0.0,0,0,,,-7,1,0,0,0,0,0,0,0,0,0
1629,Jagged Rocks 1 Top,7,Decoration,1,0.0,0.0,0.0,0,0,,,-7,1,0,0,0,0,0,0,0,0,0
1630,Jagged Rocks 2 Top,7,Decoration,1,0.0,0.0,0.0,0,0,,,-7,1,0,0,0,0,0,0,0,0,0
1631,Jagged Rocks 3 Top,7,Decoration,1,0.0,0.0,0.0,0,0,,,-7,1,0,0,0,0,0,0,0,0,0
1632,Jagged Rocks 4 Top,7,Decoration,1,0.0,0.0,0.0,0,0,,,-7,1,0,0,0,0,0,0,0,0,0
1633,Jagged Rocks 1 Bottom,7,Decoration,1,0.0,0.0,0.0,0,0,,,-7,1,0,0,0,0,0,0,0,0,0
1634,Jagged Rocks 2 Bottom,7,Decoration,1,0.0,0.0,0.0,0,0,,,-7,1,0,0,0,0,0,0,0,0,0
1635,Jagged Rocks 3 Bottom,7,Decoration,1,0.0,0.0,0.0,0,0,,,-7,1,0,0,0,0,0,0,0,0,0
1636,Jagged Rocks 4 Bottom,7,Decoration,1,0.0,0.0,0.0,0,0,,,-7,1,0,0,0,0,0,0,0,0,0
1637,Jagged Rocks 1 Top-Left,7,Decoration,1,0.0,0.0,0.0,0,0,,,-7,1,0,0,0,0,0,0,0,0,0
1638,Jagged Rocks 1 Top-Right,7,Decoration,1,0.0,0.0,0.0,0,0,,,-7,1,0,0,0,0,0,0,0,0,0
1639,Jagged Rocks 1 Bottom-Left,7,Decoration,1,0.0,0.0,0.0,0,0,,,-7,1,0,0,0,0,0,0,0,0,0
1640,Jagged Rocks 1 Bottom-Right,7,Decoration,1,0.0,0.0,0.0,0,0,,,-7,1,0,0,0,0,0,0,0,0,0
1641,Jagged Rocks 2 Top-Left,7,Decoration,1,0.0,0.0,0.0,0,0,,,-7,1,0,0,0,0,0,0,0,0,0
1642,Jagged Rocks 2 Top-Right,7,Decoration,1,0.0,0.0,0.0,0,0,,,-7,1,0,0,0,0,0,0,0,0,0
1643,Jagged Rocks 2 Bottom-Left,7,Decoration,1,0.0,0.0,0.0,0,0,,,-7,1,0,0,0,0,0,0,0,0,0
1644,Jagged Rocks 2 Bottom-Right,7,Decoration,1,0.0,0.0,0.0,0,0,,,-7,1,0,0,0,0,0,0,0,0,0
1645,Jagged Rocks 3 Top-Left,7,Decoration,1,0.0,0.0,0.0,0,0,,,-7,1,0,0,0,0,0,0,0,0,0
1646,Jagged Rocks 3 Top-Right,7,Decoration,1,0.0,0.0,0.0,0,0,,,-7,1,0,0,0,0,0,0,0,0,0
1647,Jagged Rocks 3 Bottom-Left,7,Decoration,1,0.0,0.0,0.0,0,0,,,-7,1,0,0,0,0,0,0,0,0,0
1648,Jagged Rocks 3 Bottom-Right,7,Decoration,1,0.0,0.0,0.0,0,0,,,-7,1,0,0,0,0,0,0,0,0,0
1649,Jagged Rocks 4 Top-Left,7,Decoration,1,0.0,0.0,0.0,0,0,,,-7,1,0,0,0,0,0,0,0,0,0
1650,Jagged Rocks 4 Top-Right,7,Decoration,1,0.0,0.0,0.0,0,0,,,-7,1,0,0,0,0,0,0,0,0,0
1651,Jagged Rocks 4 Bottom-Left,7,Decoration,1,0.0,0.0,0.0,0,0,,,-7,1,0,0,0,0,0,0,0,0,0
1652,Jagged Rocks 4 Bottom-Right,7,Decoration,1,0.0,0.0,0.0,0,0,,,-7,1,0,0,0,0,0,0,0,0,0
1653,Jagged Rocks 1 Left Outline,7,Decoration,1,0.0,0.0,0.0,0,0,,,-5,3,0,0,0,0,0,0,0,0,0
1654,Jagged Rocks 3 Left Outline,7,Decoration,1,0.0,0.0,0.0,0,0,,,-5,3,0,0,0,0,0,0,0,0,0
1655,Jagged Rocks 2 Left Outline,7,Decoration,1,0.0,0.0,0.0,0,0,,,-5,3,0,0,0,0,0,0,0,0,0
1656,Jagged Rocks 4 Left Outline,7,Decoration,1,0.0,0.0,0.0,0,0,,,-5,3,0,0,0,0,0,0,0,0,0
1657,Jagged Rocks 1 Right Outline,7,Decoration,1,0.0,0.0,0.0,0,0,,,-5,3,0,0,0,0,0,0,0,0,0
1658,Jagged Rocks 3 Right Outline,7,Decoration,1,0.0,0.0,0.0,0,0,,,-5,3,0,0,0,0,0,0,0,0,0
1659,Jagged Rocks 2 Right Outline,7,Decoration,1,0.0,0.0,0.0,0,0,,,-5,3,0,0,0,0,0,0,0,0,0
1660,Jagged Rocks 4 Right Outline,7,Decoration,1,0.0,0.0,0.0,0,0,,,-5,3,0,0,0,0,0,0,0,0,0
1661,Jagged Rocks 1 Top Outline,7,Decoration,1,0.0,0.0,0.0,0,0,,,-5,3,0,0,0,0,0,0,0,0,0
1662,Jagged Rocks 2 Top Outline,7,Decoration,1,0.0,0.0,0.0,0,0,,,-5,3,0,0,0,0,0,0,0,0,0
1663,Jagged Rocks 3 Top Outline,7,Decoration,1,0.0,0.0,0.0,0,0,,,-5,3,0,0,0,0,0,0,0,0,0
1664,Jagged Rocks 4 Top Outline,7,Decoration,1,0.0,0.0,0.0,0,0,,,-5,3,0,0,0,0,0,0,0,0,0
1665,Jagged Rocks 1 Bottom Outline,7,Decoration,1,0.0,0.0,0.0,0,0,,,-5,3,0,0,0,0,0,0,0,0,0
1666,Jagged Rocks 2 Bottom Outline,7,Decoration,1,0.0,0.0,0.0,0,0,,,-5,3,0,0,0,0,0,0,0,0,0
1667,Jagged Rocks 3 Bottom Outline,7,Decoration,1,0.0,0.0,0.0,0,0,,,-5,3,0,0,0,0,0,0,0,0,0
1668,Jagged Rocks 4 Bottom Outline,7,Decoration,1,0.0,0.0,0.0,0,0,,,-5,3,0,0,0,0,0,0,0,0,0
1669,Jagged Rocks 1 Top-Left Outline,7,Decoration,1,0.0,0.0,0.0,0,0,,,-5,3,0,0,0,0,0,0,0,0,0
1670,Jagged Rocks 1 Top-Right Outline,7,Decoration,1,0.0,0.0,0.0,0,0,,,-5,3,0,0,0,0,0,0,0,0,0
1671,Jagged Rocks 1 Bottom-Left Outline,7,Decoration,1,0.0,0.0,0.0,0,0,,,-5,3,0,0,0,0,0,0,0,0,0
1672,Jagged Rocks 1 Bottom-Right Outline,7,Decoration,1,0.0,0.0,0.0,0,0,,,-5,3,0,0,0,0,0,0,0,0,0
1673,Jagged Rocks 2 Top-Left Outline,7,Decoration,1,0.0,0.0,0.0,0,0,,,-5,3,0,0,0,0,0,0,0,0,0
1674,Jagged Rocks 2 Top-Right Outline,7,Decoration,1,0.0,0.0,0.0,0,0,,,-5,3,0,0,0,0,0,0,0,0,0
1675,Jagged Rocks 2 Bottom-Left Outline,7,Decoration,1,0.0,0.0,0.0,0,0,,,-5,3,0,0,0,0,0,0,0,0,0
1676,Jagged Rocks 2 Bottom-Right Outline,7,Decoration,1,0.0,0.0,0.0,0,0,,,-5,3,0,0,0,0,0,0,0,0,0
1677,Jagged Rocks 3 Top-Left Outline,7,Decoration,1,0.0,0.0,0.0,0,0,,,-5,3,0,0,0,0,0,0,0,0,0
1678,Jagged Rocks 3 Top-Right Outline,7,Decoration,1,0.0,0.0,0.0,0,0,,,-5,3,0,0,0,0,0,0,0,0,0
1679,Jagged Rocks 3 Bottom-Left Outline,7,Decoration,1,0.0,0.0,0.0,0,0,,,-5,3,0,0,0,0,0,0,0,0,0
1680,Jagged Rocks 3 Bottom-Right Outline,7,Decoration,1,0.0,0.0,0.0,0,0,,,-5,3,0,0,0,0,0,0,0,0,0
1681,Jagged Rocks 4 Top-Left Outline,7,Decoration,1,0.0,0.0,0.0,0,0,,,-5,3,0,0,0,0,0,0,0,0,0
1682,Jagged Rocks 4 Top-Right Outline,7,Decoration,1,0.0,0.0,0.0,0,0,,,-5,3,0,0,0,0,0,0,0,0,0
1683,Jagged Rocks 4 Bottom-Left Outline,7,Decoration,1,0.0,0.0,0.0,0,0,,,-5,3,0,0,0,0,0,0,0,0,0
1684,Jagged Rocks 4 Bottom-Right Outline,7,Decoration,1,0.0,0.0,0.0,0,0,,,-5,3,0,0,0,0,0,0,0,0,0
1685,Puzzle Piece Four Notches 1,7,Decoration,1,0.0,0.0,0.0,0,0,,,9,3,0,0,0,0,0,0,0,0,0
1686,Puzzle Piece Four Notches 2,7,Decoration,1,0.0,0.0,0.0,0,0,,,9,3,0,0,0,0,0,0,0,0,0
1687,Puzzle Piece Four Notches 3,7,Decoration,1,0.0,0.0,0.0,0,0,,,9,3,0,0,0,0,0,0,0,0,0
1688,Puzzle Piece Four Notches 4,7,Decoration,1,0.0,0.0,0.0,0,0,,,9,3,0,0,0,0,0,0,0,0,0
1689,Puzzle Piece Three Notches 1,7,Decoration,1,0.0,0.0,0.0,0,0,,,9,3,0,0,0,0,0,0,0,0,0
1690,Puzzle Piece Three Notches 2,7,Decoration,1,0.0,0.0,0.0,0,0,,,9,3,0,0,0,0,0,0,0,0,0
1691,Puzzle Piece Three Notches 3,7,Decoration,1,0.0,0.0,0.0,0,0,,,9,3,0,0,0,0,0,0,0,0,0
1692,Puzzle Piece Three Notches 4,7,Decoration,1,0.0,0.0,0.0,0,0,,,9,3,0,0,0,0,0,0,0,0,0
1693,Puzzle Piece Two Adjacent Notches,7,Decoration,1,0.0,0.0,0.0,0,0,,,9,3,0,0,0,0,0,0,0,0,0
1694,Puzzle Piece Two Opposite Notches,7,Decoration,1,0.0,0.0,0.0,0,0,,,9,3,0,0,0,0,0,0,0,0,0
1695,Puzzle Piece One Notch 1,7,Decoration,1,0.0,0.0,0.0,0,0,,,9,3,0,0,0,0,0,0,0,0,0
1696,Puzzle Piece One Notch 2,7,Decoration,1,0.0,0.0,0.0,0,0,,,9,3,0,0,0,0,0,0,0,0,0
1697,Animated Glowing Electricity Straight,0,Solid,0,0.0,0.0,0.0,0,0,,,0,5,0,0,0,0,0,0,1,0,0
1698,Animated Glowing Electricity Bent,0,Solid,0,0.0,0.0,0.0,0,0,,,0,5,0,0,0,0,0,0,1,0,0
1699,Animated Glowing Electricity End,0,Solid,0,0.0,0.0,0.0,0,0,,,0,5,0,0,0,0,0,0,1,0,0
1700,Circle Particles,7,Decoration,1,0.0,0.0,0.0,0,0,,,0,3,0,0,0,0,0,0,0,0,0
1701,Spiked Square Hazard,2,Hazard,1,0.0,0.0,6.0,0,0,,,1,5,0,0,0,0,0,0,1,0,0
1702,Spiked Circle Hazard,2,Hazard,1,0.0,0.0,6.0,0,0,,,1,5,0,0,0,0,0,0,1,0,0
1703,Triangle Hazard,2,Hazard,1,0.0,0.0,6.0,0,0,,,1,5,0,0,0,0,0,0,1,0,0
1704,Green Dash Orb,37,DashRing,1,30.0,30.0,0.0,0,0,1.2,1.2,12,3,0,1,0,0,0,0,0,0,0
1705,Large Saw Blade,0,Solid,0,0.0,0.0,0.0,0,0,,,0,5,0,0,0,0,0,0,1,0,0
1706,Medium Saw Blade,0,Solid,0,0.0,0.0,0.0,0,0,,,0,5,0,0,0,0,0,0,1,0,0
1707,Small Saw Blade,0,Solid,0,0.0,0.0,0.0,0,0,,,0,5,0,0,0,0,0,0,1,0,0
1708,Large Spike Blade,0,Solid,0,0.0,0.0,0.0,0,0,,,0,5,0,0,0,0,0,0,1,0,0
1709,Medium Spike Blade,0,Solid,0,0.0,0.0,0.0,0,0,,,0,5,0,0,0,0,0,0,1,0,0
1710,Small Spike Blade,0,Solid,0,0.0,0.0,0.0,0,0,,,0,5,0,0,0,0,0,0,1,0,0
1711,Thorn Colored Pit Hazard 1,2,Hazard,1,0.0,0.0,0.0,0,0,0.3,0.4,0,5,0,0,0,0,0,0,1,0,0
1712,Thorn Colored Pit Hazard 2,2,Hazard,1,0.0,0.0,0.0,0,0,0.3,0.4,0,5,0,0,0,0,0,0,1,0,0
1713,Thorn Colored Pit Hazard 3,2,Hazard,1,0.0,0.0,0.0,0,0,0.3,0.4,0,5,0,0,0,0,0,0,1,0,0
1714,Thorn Colored Pit Hazard 4,2,Hazard,1,0.0,0.0,0.0,0,0,0.3,0.4,0,5,0,0,0,0,0,0,1,0,0
1715,Spike Black Pit Hazard,2,Hazard,1,0.0,0.0,0.0,0,0,0.3,0.4,0,5,0,0,0,0,0,0,1,0,0
1716,Spike Black Hazard,2,Hazard,1,0.0,0.0,0.0,0,0,0.3,0.4,1,5,0,0,0,0,0,0,1,0,0
1717,Spike Black Slope Hazard,25,Slope,1,30.0,30.0,0.0,0,0,,,1,5,0,0,0,0,0,0,1,0,0
1718,Spike Black Wide Slope Hazard,25,Slope,1,60.0,30.0,0.0,0,0,,,1,5,0,0,0,0,0,0,1,0,0
1719,Wavy Black Pit Hazard,2,Hazard,1,0.0,0.0,0.0,0,0,0.3,0.4,0,5,0,0,0,0,0,0,1,0,0
1720,Wavy Black Pit Right Edge Hazard,2,Hazard,1,0.0,0.0,0.0,0,0,0.2,0.4,0,5,0,0,0,0,0,0,1,0,0
1721,Wavy Black Pit Left Edge Hazard,2,Hazard,1,0.0,0.0,0.0,0,0,0.2,0.4,0,5,0,0,0,0,0,0,1,0,0
1722,Wavy Black Hazard,2,Hazard,1,0.0,0.0,0.0,0,0,0.3,0.4,1,5,0,0,0,0,0,0,1,0,0
1723,Wavy Black Slope Hazard,25,Slope,1,30.0,30.0,0.0,0,0,,,1,5,0,0,0,0,0,0,1,0,0
1724,Wavy Black Wide Slope Hazard,25,Slope,1,60.0,30.0,0.0,0,0,,,1,5,0,0,0,0,0,0,1,0,0
1725,Wide Spike Black Hazard,2,Hazard,1,0.0,0.0,0.0,0,0,0.3,0.4,1,5,0,0,0,0,0,0,1,0,0
1726,Wide Spike Black Edge Hazard,2,Hazard,1,0.0,0.0,0.0,0,0,0.2,0.4,1,5,0,0,0,0,0,0,1,0,0
1727,Wide Spike Black Half Hazard,2,Hazard,1,0.0,0.0,0.0,0,0,0.3,0.4,1,5,0,0,0,0,0,0,1,0,0
1728,Round Black Hazard,2,Hazard,1,0.0,0.0,0.0,0,0,0.3,0.4,1,5,0,0,0,0,0,0,1,0,0
1729,Round Black Edge Hazard,2,Hazard,1,0.0,0.0,0.0,0,0,0.2,0.4,1,5,0,0,0,0,0,0,1,0,0
1730,Square Black Hazard,2,Hazard,1,0.0,0.0,0.0,0,0,0.3,0.4,1,5,0,0,0,0,0,0,1,0,0
1731,Square Black Edge Hazard,2,Hazard,1,0.0,0.0,0.0,0,0,0.3,0.4,1,5,0,0,0,0,0,0,1,0,0
1732,Square Black Slope Hazard,2,Hazard,1,0.0,0.0,0.0,0,0,0.3,0.4,1,5,0,0,0,0,0,0,1,0,0
1733,Square Black Slope Corner Hazard,2,Hazard,1,0.0,0.0,0.0,0,0,0.3,0.4,1,5,0,0,0,0,0,0,1,0,0
1734,Large Gear Blade,0,Solid,0,0.0,0.0,0.0,0,0,,,0,5,0,0,0,0,0,0,1,0,0
1735,Medium Gear Blade,0,Solid,0,0.0,0.0,0.0,0,0,,,0,5,0,0,0,0,0,0,1,0,0
1736,Small Gear Blade,0,Solid,0,0.0,0.0,0.0,0,0,,,0,5,0,0,0,0,0,0,1,0,0
1737,Colored Patterned Tile Edge,7,Decoration,1,0.0,0.0,0.0,0,0,,,-7,1,0,0,0,0,0,0,0,0,0
1738,Colored Patterned Tile Inner Corner,7,Decoration,1,0.0,0.0,0.0,0,0,,,-7,1,0,0,0,0,0,0,0,0,0
1739,Colored Patterned Tile Outer Corner,7,Decoration,1,0.0,0.0,0.0,0,0,,,-7,1,0,0,0,0,0,0,0,0,0
1740,Colored Patterned Tile Pipe,7,Decoration,1,0.0,0.0,0.0,0,0,,,-7,1,0,0,0,0,0,0,0,0,0
1741,Colored Patterned Tile Pipe Base,7,Decoration,1,0.0,0.0,0.0,0,0,,,-7,1,0,0,0,0,0,0,0,0,0
1742,Colored Patterned Tile,7,Decoration,1,0.0,0.0,0.0,0,0,,,-7,1,0,0,0,0,0,0,0,0,0
1743,Grid Patterned Slope,25,Slope,1,0.0,0.0,0.0,0,0,,,0,5,0,0,0,0,0,0,1,0,0
1744,Grid Patterned Wide Slope,25,Slope,1,0.0,0.0,0.0,0,0,,,0,5,0,0,0,0,0,0,1,0,0
1745,Beveled Black Slope,25,Slope,1,0.0,0.0,0.0,0,0,,,0,5,0,0,0,0,0,0,1,0,0
1746,Beveled Black Wide Slope,25,Slope,1,0.0,0.0,0.0,0,0,,,0,5,0,0,0,0,0,0,1,0,0
1747,Black Slope,25,Slope,1,0.0,0.0,0.0,1,0,,,0,5,0,0,0,0,0,0,1,0,0
1748,Black Wide Slope,25,Slope,1,0.0,0.0,0.0,1,0,,,0,5,0,0,0,0,0,0,1,0,0
1749,Brick Slope,25,Slope,1,0.0,0.0,0.0,0,0,,,0,5,0,0,0,0,0,0,1,0,0
1750,Brick Wide Slope,25,Slope,1,0.0,0.0,0.0,0,0,,,0,5,0,0,0,0,0,0,1,0,0
1751,Pink Gravity Dash Orb,38,GravityDashRing,1,30.0,30.0,0.0,0,0,1.2,1.2,12,3,0,1,0,0,0,0,0,0,0
1752,Triangle Swirl,0,Solid,0,0.0,0.0,0.0,0,0,,,0,5,0,0,0,0,0,0,1,0,0
1753,Thin Line,7,Decoration,1,0.0,0.0,0.0,0,0,,,9,3,0,0,0,0,0,0,0,0,0
1754,Thin Line Glow,7,Decoration,1,0.0,0.0,0.0,0,0,,,9,3,0,0,0,0,0,0,0,0,0
1755,Allow Wave Drag Modifier,40,Special,1,0.0,0.0,0.0,0,0,,,0,5,0,0,1,0,0,0,0,0,0
1756,Colored Mechanical Connector Extension,7,Decoration,1,0.0,0.0,0.0,0,0,,,9,3,0,0,0,0,0,0,0,0,0
1757,Thin Line Half,7,Decoration,1,0.0,0.0,0.0,0,0,,,9,3,0,0,0,0,0,0,0,0,0
1758,Medium One Block Slope Glow,7,Decoration,1,30.0,30.0,0.0,0,0,,,9,1,0,0,0,0,0,0,0,0,0
1759,Medium Two Block Slope Glow,7,Decoration,1,60.0,30.0,0.0,0,0,,,9,1,0,0,0,0,0,0,0,0,0
1760,Small One Block Slope Glow,7,Decoration,1,30.0,30.0,0.0,0,0,,,9,1,0,0,0,0,0,0,0,0,0
1761,Small Two Block Slope Glow,7,Decoration,1,60.0,30.0,0.0,0,0,,,9,1,0,0,0,0,0,0,0,0,0
1762,Large One Block Slope Glow,7,Decoration,1,30.0,30.0,0.0,0,0,,,9,1,0,0,0,0,0,0,0,0,0
1763,Large Two Block Slope Glow,7,Decoration,1,60.0,30.0,0.0,0,0,,,9,1,0,0,0,0,0,0,0,0,0
1764,Tiny Circle,7,Decoration,1,0.0,0.0,0.0,0,0,,,-5,3,0,0,0,0,0,0,0,0,0
1765,Tiny Cross,7,Decoration,1,0.0,0.0,0.0,0,0,,,-5,3,0,0,0,0,0,0,0,0,0
1766,Tiny Triangle,7,Decoration,1,0.0,0.0,0.0,0,0,,,-5,3,0,0,0,0,0,0,0,0,0
1767,Tiny Rectangle,7,Decoration,1,0.0,0.0,0.0,0,0,,,-5,3,0,0,0,0,0,0,0,0,0
1768,Tiny Arrow,7,Decoration,1,0.0,0.0,0.0,0,0,,,-5,3,0,0,0,0,0,0,0,0,0
1769,Jagged Rocks 1 Bottom-Right Slope,7,Decoration,1,0.0,0.0,0.0,0,0,,,-7,1,0,0,0,0,0,0,0,0,0
1770,Jagged Rocks 3 Bottom-Left Slope,7,Decoration,1,0.0,0.0,0.0,0,0,,,-7,1,0,0,0,0,0,0,0,0,0
1771,Jagged Rocks 2 Bottom-Left Slope,7,Decoration,1,0.0,0.0,0.0,0,0,,,-7,1,0,0,0,0,0,0,0,0,0
1772,Jagged Rocks 4 Bottom-Right Slope,7,Decoration,1,0.0,0.0,0.0,0,0,,,-7,1,0,0,0,0,0,0,0,0,0
1773,Jagged Rocks 1-2 Bottom-Right Wide Slope,7,Decoration,1,0.0,0.0,0.0,0,0,,,-7,1,0,0,0,0,0,0,0,0,0
1774,Jagged Rocks 3-4 Bottom-Right Wide Slope,7,Decoration,1,0.0,0.0,0.0,0,0,,,-7,1,0,0,0,0,0,0,0,0,0
1775,Jagged Rocks 1-2 Bottom-Left Wide Slope,7,Decoration,1,0.0,0.0,0.0,0,0,,,-7,1,0,0,0,0,0,0,0,0,0
1776,Jagged Rocks 3-4 Bottom-Left Wide Slope,7,Decoration,1,0.0,0.0,0.0,0,0,,,-7,1,0,0,0,0,0,0,0,0,0
1777,Bottom Right Floating Rocks Bottom-Left Slope,7,Decoration,1,0.0,0.0,0.0,0,0,,,-7,1,0,0,0,0,0,0,0,0,0
1778,Bottom Left Floating Rocks Bottom-Right Slope,7,Decoration,1,0.0,0.0,0.0,0,0,,,-7,1,0,0,0,0,0,0,0,0,0
1779,Top Right Floating Rocks Bottom-Right Slope,7,Decoration,1,0.0,0.0,0.0,0,0,,,-7,1,0,0,0,0,0,0,0,0,0
1780,Top Left Floating Rocks Bottom-Left Slope,7,Decoration,1,0.0,0.0,0.0,0,0,,,-7,1,0,0,0,0,0,0,0,0,0
1781,Bottom Right Floating Rocks Bottom-Left Slope Filler,7,Decoration,1,0.0,0.0,0.0,0,0,,,-9,1,0,0,0,0,0,0,0,0,0
1782,Bottom Left Floating Rocks Bottom-Right Slope Filler,7,Decoration,1,0.0,0.0,0.0,0,0,,,-9,1,0,0,0,0,0,0,0,0,0
1783,Top Right Floating Rocks Bottom-Right Slope Filler,7,Decoration,1,0.0,0.0,0.0,0,0,,,-9,1,0,0,0,0,0,0,0,0,0
1784,Top Left Floating Rocks Bottom-Left Slope Filler,7,Decoration,1,0.0,0.0,0.0,0,0,,,-9,1,0,0,0,0,0,0,0,0,0
1785,Bottom Right-Bottom Left Floating Rocks Bottom-Right Wide Slope,7,Decoration,1,0.0,0.0,0.0,0,0,,,-7,1,0,0,0,0,0,0,0,0,0
1786,Top Left-Top Right Floating Rocks Bottom-Right Wide Slope,7,Decoration,1,0.0,0.0,0.0,0,0,,,-7,1,0,0,0,0,0,0,0,0,0
1787,Bottom Right-Bottom Left Floating Rocks Bottom-Left Wide Slope,7,Decoration,1,0.0,0.0,0.0,0,0,,,-7,1,0,0,0,0,0,0,0,0,0
1788,Top Left-Top Right Floating Rocks Bottom-Left Wide Slope,7,Decoration,1,0.0,0.0,0.0,0,0,,,-7,1,0,0,0,0,0,0,0,0,0
1789,Bottom Right-Bottom Left Floating Rocks Bottom-Right Wide Slope Filler,7,Decoration,1,0.0,0.0,0.0,0,0,,,-9,1,0,0,0,0,0,0,0,0,0
1790,Top Left-Top Right Floating Rocks Bottom-Right Wide Slope Filler,7,Decoration,1,0.0,0.0,0.0,0,0,,,-9,1,0,0,0,0,0,0,0,0,0
1791,Bottom Right-Bottom Left Floating Rocks Bottom-Left Wide Slope Filler,7,Decoration,1,0.0,0.0,0.0,0,0,,,-9,1,0,0,0,0,0,0,0,0,0
1792,Top Left-Top Right Floating Rocks Bottom-Left Wide Slope Filler,7,Decoration,1,0.0,0.0,0.0,0,0,,,-9,1,0,0,0,0,0,0,0,0,0
1793,Tiled Floating Rocks 3 Bottom-Right Slope,7,Decoration,1,0.0,0.0,0.0,0,0,,,-7,1,0,0,0,0,0,0,0,0,0
1794,Tiled Floating Rocks 3-1 Bottom-Right Wide Slope,7,Decoration,1,0.0,0.0,0.0,0,0,,,-7,1,0,0,0,0,0,0,0,0,0
1795,Floating Rock Group 1 Bottom-Right Slope,7,Decoration,1,0.0,0.0,0.0,0,0,,,-7,1,0,0,0,0,0,0,0,0,0
1796,Floating Rock Group 2 Bottom-Right Wide Slope,7,Decoration,1,0.0,0.0,0.0,0,0,,,-7,1,0,0,0,0,0,0,0,0,0
1797,Puzzle Piece Slope Two Notches,7,Decoration,1,0.0,0.0,0.0,0,0,,,9,3,0,0,0,0,0,0,0,0,0
1798,Decorative Slope Outline,7,Decoration,1,0.0,0.0,0.0,0,0,,,9,3,0,0,0,0,0,0,0,0,0
1799,Tiled Floating Rocks 3 Bottom-Right Slope Filler,7,Decoration,1,0.0,0.0,0.0,0,0,,,-9,1,0,0,0,0,0,0,0,0,0
1800,Tiled Floating Rocks 3-1 Bottom-Right Wide Slope Filler,7,Decoration,1,0.0,0.0,0.0,0,0,,,-9,1,0,0,0,0,0,0,0,0,0
1801,Floating Rock Group 1 Bottom-Right Slope Filler,7,Decoration,1,0.0,0.0,0.0,0,0,,,-9,1,0,0,0,0,0,0,0,0,0
1802,Floating Rock Group 2 Bottom-Right Wide Slope Filler,7,Decoration,1,0.0,0.0,0.0,0,0,,,-9,1,0,0,0,0,0,0,0,0,0
1803,Tiled Floating Rocks 1 Bottom-Left Slope,7,Decoration,1,0.0,0.0,0.0,0,0,,,-7,1,0,0,0,0,0,0,0,0,0
1804,Tiled Floating Rocks 1-3 Bottom-Left Wide Slope,7,Decoration,1,0.0,0.0,0.0,0,0,,,-7,1,0,0,0,0,0,0,0,0,0
1805,Tiled Floating Rocks 1 Bottom-Left Slope Filler,7,Decoration,1,0.0,0.0,0.0,0,0,,,-9,1,0,0,0,0,0,0,0,0,0
1806,Tiled Floating Rocks 1-3 Bottom-Left Wide Slope Filler,7,Decoration,1,0.0,0.0,0.0,0,0,,,-9,1,0,0,0,0,0,0,0,0,0
1807,Floating Rock Group 2 Bottom-Left Slope,7,Decoration,1,0.0,0.0,0.0,0,0,,,-7,1,0,0,0,0,0,0,0,0,0
1808,Floating Rock Group 2-3 Bottom-Left Wide Slope,7,Decoration,1,0.0,0.0,0.0,0,0,,,-7,1,0,0,0,0,0,0,0,0,0
1809,Floating Rock Group 2 Bottom-Left Slope Filler,7,Decoration,1,0.0,0.0,0.0,0,0,,,-9,1,0,0,0,0,0,0,0,0,0
1810,Floating Rock Group 2-3 Bottom-Left Wide Slope Filler,7,Decoration,1,0.0,0.0,0.0,0,0,,,-9,1,0,0,0,0,0,0,0,0,0
1811,Instant Count Trigger,20,Modifier,1,30.0,30.0,0.0,0,0,,,0,5,1,0,0,0,0,0,0,0,0
1812,On Death Trigger,20,Modifier,1,30.0,30.0,0.0,0,0,,,0,5,1,0,0,0,0,0,0,0,0
1813,Stop Jump Buffer Modifier,40,Special,1,0.0,0.0,0.0,0,0,,,0,5,0,0,1,0,0,0,0,0,0
1814,Follow Player Y Trigger,20,Modifier,1,30.0,30.0,0.0,0,0,,,0,5,1,0,0,0,0,0,0,0,0
1815,Collision Trigger,20,Modifier,1,30.0,30.0,0.0,0,0,,,0,5,1,0,0,0,0,0,0,0,0
1816,Collision Block,39,CollisionObject,1,0.0,0.0,0.0,0,0,,,0,5,1,0,1,0,0,0,0,0,0
1817,Pickup Trigger,20,Modifier,1,30.0,30.0,0.0,0,0,,,0,5,1,0,0,0,0,0,0,0,0
1818,Background Effect On Trigger,20,Modifier,1,30.0,30.0,0.0,0,0,,,0,5,1,0,0,0,0,0,0,0,0
1819,Background Effect Off Trigger,20,Modifier,1,30.0,30.0,0.0,0,0,,,0,5,1,0,0,0,0,0,0,0,0
1820,Decorative Colored Grid Patterned Square,7,Decoration,1,0.0,0.0,0.0,0,0,,,-7,1,0,0,0,0,0,0,0,0,0
1821,Decorative Colored Grid Patterned Top Square,7,Decoration,1,0.0,0.0,0.0,0,0,,,-7,1,0,0,0,0,0,0,0,0,0
1822,,0,Solid,0,0.0,0.0,0.0,0,0,,,0,5,0,0,0,0,0,0,1,0,0
1823,Decorative Colored Grid Patterned Corner Square,7,Decoration,1,0.0,0.0,0.0,0,0,,,-7,1,0,0,0,0,0,0,0,0,0
1824,Decorative Colored Grid Patterned Corner Square,7,Decoration,1,0.0,0.0,0.0,0,0,,,-7,1,0,0,0,0,0,0,0,0,0
1825,Decorative Colored Grid Patterned Inner Square,7,Decoration,1,0.0,0.0,0.0,0,0,,,-7,1,0,0,0,0,0,0,0,0,0
1826,Decorative Colored Grid Patterned Top Square,7,Decoration,1,0.0,0.0,0.0,0,0,,,-7,1,0,0,0,0,0,0,0,0,0
1827,Decorative Colored Grid Patterned Pillar Square,7,Decoration,1,0.0,0.0,0.0,0,0,,,-7,1,0,0,0,0,0,0,0,0,0
1828,Decorative Colored Grid Patterned Two Adjacent Corners,7,Decoration,1,0.0,0.0,0.0,0,0,,,-7,1,0,0,0,0,0,0,0,0,0
1829,Stop Dash Modifier,40,Special,1,0.0,0.0,0.0,0,0,,,0,5,0,0,1,0,0,0,0,0,0
1830,Thin Quarter Circle,7,Decoration,1,0.0,0.0,0.0,0,0,,,9,3,0,0,0,0,0,0,0,0,0
1831,Large Rotating Hollow Quarter Circle,0,Solid,0,0.0,0.0,0.0,0,0,,,0,5,0,0,0,0,0,0,1,0,0
1832,Small Rotating Hollow Quarter Circle,0,Solid,0,0.0,0.0,0.0,0,0,,,0,5,0,0,0,0,0,0,1,0,0
1833,Large Rotating Quarter Circle,0,Solid,0,0.0,0.0,0.0,0,0,,,0,5,0,0,0,0,0,0,1,0,0
1834,Small Rotating Quarter Circle,0,Solid,0,0.0,0.0,0.0,0,0,,,0,5,0,0,0,0,0,0,1,0,0
1835,Large Quarter Circle Outline,7,Decoration,1,0.0,0.0,0.0,0,0,,,9,3,0,0,0,0,0,0,0,0,0
1836,Small Quarter Circle Outline,7,Decoration,1,0.0,0.0,0.0,0,0,,,9,3,0,0,0,0,0,0,0,0,0
1837,Large Quarter Circle,7,Decoration,1,0.0,0.0,0.0,0,0,,,9,3,0,0,0,0,0,0,0,0,0
1838,Small Quarter Circle,7,Decoration,1,0.0,0.0,0.0,0,0,,,9,3,0,0,0,0,0,0,0,0,0
1839,Large Hollow Expanding Circle Animation,0,Solid,0,0.0,0.0,0.0,0,0,,,0,5,0,0,0,0,0,0,1,0,0
1840,Small Hollow Expanding Circle Animation,0,Solid,0,0.0,0.0,0.0,0,0,,,0,5,0,0,0,0,0,0,1,0,0
1841,Large Expanding Circle Animation,0,Solid,0,0.0,0.0,0.0,0,0,,,0,5,0,0,0,0,0,0,1,0,0
1842,Small Expanding Circle Animation,0,Solid,0,0.0,0.0,0.0,0,0,,,0,5,0,0,0,0,0,0,1,0,0
1843,Wood Plank,7,Decoration,1,0.0,0.0,0.0,0,0,,,9,3,0,0,0,0,0,0,0,0,0
1844,Cartoon Hand Point,7,Decoration,1,0.0,0.0,0.0,0,0,,,9,3,0,0,0,0,0,0,0,0,0
1845,Cartoon Hand Fist 1,7,Decoration,1,0.0,0.0,0.0,0,0,,,9,3,0,0,0,0,0,0,0,0,0
1846,Cartoon Hand Thumbs Up,7,Decoration,1,0.0,0.0,0.0,0,0,,,9,3,0,0,0,0,0,0,0,0,0
1847,Cartoon Hand Open,7,Decoration,1,0.0,0.0,0.0,0,0,,,9,3,0,0,0,0,0,0,0,0,0
1848,Cartoon Hand Fist 2,7,Decoration,1,0.0,0.0,0.0,0,0,,,9,3,0,0,0,0,0,0,0,0,0
1849,Splash Animation 1,0,Solid,0,0.0,0.0,0.0,0,0,,,0,5,0,0,0,0,0,0,1,0,0
1850,Splash Animation 2,0,Solid,0,0.0,0.0,0.0,0,0,,,0,5,0,0,0,0,0,0,1,0,0
1851,Small Splash Animation 1,0,Solid,0,0.0,0.0,0.0,0,0,,,0,5,0,0,0,0,0,0,1,0,0
1852,Small Splash Animation 2,0,Solid,0,0.0,0.0,0.0,0,0,,,0,5,0,0,0,0,0,0,1,0,0
1853,Drip Animation 1,0,Solid,0,0.0,0.0,0.0,0,0,,,0,5,0,0,0,0,0,0,1,0,0
1854,Drip Splash Animation,0,Solid,0,0.0,0.0,0.0,0,0,,,0,5,0,0,0,0,0,0,1,0,0
1855,Drip Animation 2,0,Solid,0,0.0,0.0,0.0,0,0,,,0,5,0,0,0,0,0,0,1,0,0
1856,Bubble Popping Animation,0,Solid,0,0.0,0.0,0.0,0,0,,,0,5,0,0,0,0,0,0,1,0,0
1857,Large Animated Glowing Electricity,0,Solid,0,0.0,0.0,0.0,0,0,,,0,5,0,0,0,0,0,0,1,0,0
1858,Several Drips Animation,0,Solid,0,0.0,0.0,0.0,0,0,,,0,5,0,0,0,0,0,0,1,0,0
1859,Allow Head Collision Modifier,40,Special,1,0.0,0.0,0.0,0,0,,,0,5,0,0,1,0,0,0,0,0,0
1860,Large Glowing Electric Burst Animation,0,Solid,0,0.0,0.0,0.0,0,0,,,0,5,0,0,0,0,0,0,1,0,0
1861,Tiled Gradient Rocks 1,7,Decoration,1,0.0,0.0,0.0,0,0,,,-7,1,0,0,0,0,0,0,0,0,0
1862,Tiled Gradient Rocks 2,7,Decoration,1,0.0,0.0,0.0,0,0,,,-7,1,0,0,0,0,0,0,0,0,0
1863,Tiled Gradient Rocks 3,7,Decoration,1,0.0,0.0,0.0,0,0,,,-7,1,0,0,0,0,0,0,0,0,0
1864,Tiled Gradient Rocks 4,7,Decoration,1,0.0,0.0,0.0,0,0,,,-7,1,0,0,0,0,0,0,0,0,0
1865,Tiled Stone Wall 1,7,Decoration,1,0.0,0.0,0.0,0,0,,,-7,1,0,0,0,0,0,0,0,0,0
1866,Tiled Stone Wall 2,7,Decoration,1,0.0,0.0,0.0,0,0,,,-7,1,0,0,0,0,0,0,0,0,0
1867,Tiled Stone Wall 3,7,Decoration,1,0.0,0.0,0.0,0,0,,,-7,1,0,0,0,0,0,0,0,0,0
1868,Tiled Stone Wall 4,7,Decoration,1,0.0,0.0,0.0,0,0,,,-7,1,0,0,0,0,0,0,0,0,0
1869,Tiled Cracked Rocks 1,7,Decoration,1,0.0,0.0,0.0,0,0,,,-7,1,0,0,0,0,0,0,0,0,0
1870,Tiled Cracked Rocks 2,7,Decoration,1,0.0,0.0,0.0,0,0,,,-7,1,0,0,0,0,0,0,0,0,0
1871,Tiled Cracked Rocks 3,7,Decoration,1,0.0,0.0,0.0,0,0,,,-7,1,0,0,0,0,0,0,0,0,0
1872,Tiled Cracked Rocks 4,7,Decoration,1,0.0,0.0,0.0,0,0,,,-7,1,0,0,0,0,0,0,0,0,0
1873,Tiled Wooden Planks 1,7,Decoration,1,0.0,0.0,0.0,0,0,,,-7,1,0,0,0,0,0,0,0,0,0
1874,Tiled Rock Holes 1,7,Decoration,1,0.0,0.0,0.0,0,0,,,-7,1,0,0,0,0,0,0,0,0,0
1875,Tiled Rock Holes 2,7,Decoration,1,0.0,0.0,0.0,0,0,,,-7,1,0,0,0,0,0,0,0,0,0
1876,Tiled Rock Holes 3,7,Decoration,1,0.0,0.0,0.0,0,0,,,-7,1,0,0,0,0,0,0,0,0,0
1877,Tiled Rock Holes 4,7,Decoration,1,0.0,0.0,0.0,0,0,,,-7,1,0,0,0,0,0,0,0,0,0
1878,Tiled Wooden Planks 2,7,Decoration,1,0.0,0.0,0.0,0,0,,,-7,1,0,0,0,0,0,0,0,0,0
1879,Tiled Wooden Planks 3,7,Decoration,1,0.0,0.0,0.0,0,0,,,-7,1,0,0,0,0,0,0,0,0,0
1880,Tiled Wooden Planks 4,7,Decoration,1,0.0,0.0,0.0,0,0,,,-7,1,0,0,0,0,0,0,0,0,0
1881,Tiled Wooden Planks 5,7,Decoration,1,0.0,0.0,0.0,0,0,,,-7,1,0,0,0,0,0,0,0,0,0
1882,Tiled Cracked Rocks 5,7,Decoration,1,0.0,0.0,0.0,0,0,,,-7,1,0,0,0,0,0,0,0,0,0
1883,Tiled Cracked Rocks 6,7,Decoration,1,0.0,0.0,0.0,0,0,,,-7,1,0,0,0,0,0,0,0,0,0
1884,Tiled Cracked Rocks 7,7,Decoration,1,0.0,0.0,0.0,0,0,,,-7,1,0,0,0,0,0,0,0,0,0
1885,Tiled Cracked Rocks 8,7,Decoration,1,0.0,0.0,0.0,0,0,,,-7,1,0,0,0,0,0,0,0,0,0
1886,Medium Glow Orb,7,Decoration,1,0.0,0.0,0.0,0,0,,,9,1,0,0,0,0,0,0,0,0,0
1887,Small Glow Orb,7,Decoration,1,0.0,0.0,0.0,0,0,,,9,1,0,0,0,0,0,0,0,0,0
1888,Large Glow Orb,7,Decoration,1,0.0,0.0,0.0,0,0,,,9,1,0,0,0,0,0,0,0,0,0
1889,Fake Spike,7,Decoration,1,0.0,0.0,0.0,0,0,,,-4,1,0,0,0,0,0,0,1,0,0
1890,Half Fake Spike,7,Decoration,1,0.0,0.0,0.0,0,0,,,-4,1,0,0,0,0,0,0,1,0,0
1891,Small Fake Spike,7,Decoration,1,0.0,0.0,0.0,0,0,,,-4,1,0,0,0,0,0,0,1,0,0
1892,Tiny Fake Spike,7,Decoration,1,0.0,0.0,0.0,0,0,,,-4,1,0,0,0,0,0,0,1,0,0
1893,Decorative Wavy Colored Slab,7,Decoration,1,0.0,0.0,0.0,0,0,,,9,3,0,0,0,0,0,0,0,0,0
1894,Decorative Wavy Colored Slab Outer Corner,7,Decoration,1,0.0,0.0,0.0,0,0,,,9,3,0,0,0,0,0,0,0,0,0
1895,Decorative Wavy Colored Slab Inner Corner,7,Decoration,1,0.0,0.0,0.0,0,0,,,9,3,0,0,0,0,0,0,0,0,0
1896,Decorative Wavy Colored Slab Right End,7,Decoration,1,0.0,0.0,0.0,0,0,,,9,3,0,0,0,0,0,0,0,0,0
1897,Decorative Wavy Colored Slab Left End,7,Decoration,1,0.0,0.0,0.0,0,0,,,9,3,0,0,0,0,0,0,0,0,0
1898,Decorative Wavy Colored Single Slab,7,Decoration,1,0.0,0.0,0.0,0,0,,,9,3,0,0,0,0,0,0,0,0,0
1899,Decorative Wavy Colored Slab Slope,7,Decoration,1,0.0,0.0,0.0,0,0,,,9,3,0,0,0,0,0,0,0,0,0
1900,Decorative Wavy Colored Slab Wide Slope,7,Decoration,1,0.0,0.0,0.0,0,0,,,9,3,0,0,0,0,0,0,0,0,0
1901,Decorative Wavy Colored Slab Slope Connector,7,Decoration,1,0.0,0.0,0.0,0,0,,,9,3,0,0,0,0,0,0,0,0,0
1902,Decorative Wavy Colored Slab Wide Slope Connector,7,Decoration,1,0.0,0.0,0.0,0,0,,,9,3,0,0,0,0,0,0,0,0,0
1903,Colored Gradient Single Slab,0,Solid,0,0.0,0.0,0.0,0,0,,,0,5,0,0,0,0,0,0,1,0,0
1904,Colored Gradient Slab Middle,0,Solid,0,0.0,0.0,0.0,0,0,,,0,5,0,0,0,0,0,0,1,0,0
1905,Colored Gradient Slab Side,0,Solid,0,0.0,0.0,0.0,0,0,,,0,5,0,0,0,0,0,0,1,0,0
1906,Colored Gradient Slope,25,Slope,1,0.0,0.0,0.0,0,0,,,0,5,0,0,0,0,0,0,1,0,0
1907,Colored Gradient Wide Slope,25,Slope,1,0.0,0.0,0.0,0,0,,,0,5,0,0,0,0,0,0,1,0,0
1908,Colored Gradient Slope Connector,7,Decoration,1,0.0,0.0,0.0,0,0,,,0,5,0,0,0,0,0,0,1,0,0
1909,Colored Gradient Wide Slope Connector,7,Decoration,1,0.0,0.0,0.0,0,0,,,0,5,0,0,0,0,0,0,1,0,0
1910,Colored Gradient Small Block,0,Solid,0,0.0,0.0,0.0,0,0,,,0,5,0,0,0,0,0,0,1,0,0
1911,Colored Gradient Small Slab,0,Solid,0,0.0,0.0,0.0,0,0,,,0,5,0,0,0,0,0,0,1,0,0
1912,Random Trigger,20,Modifier,1,30.0,30.0,0.0,0,0,,,0,5,1,0,0,0,0,0,0,0,0
1913,Zoom Camera Trigger,20,Modifier,1,30.0,30.0,0.0,0,0,,,0,5,1,0,0,0,0,0,0,0,0
1914,Static Camera Trigger,20,Modifier,1,30.0,30.0,0.0,0,0,,,0,5,1,0,0,0,0,0,0,0,0
1915,No Enter Effect Trigger,20,Modifier,1,30.0,30.0,0.0,0,0,,,0,5,1,0,0,0,0,0,0,0,0
1916,Offset Camera Trigger,20,Modifier,1,30.0,30.0,0.0,0,0,,,0,5,1,0,0,0,0,0,0,0,0
1917,Reverse Trigger,20,Modifier,1,30.0,30.0,0.0,0,0,,,0,5,1,0,0,0,0,0,0,0,0
1918,,0,Solid,0,0.0,0.0,0.0,0,0,,,0,5,0,0,0,0,0,0,1,0,0
1919,Blobby Bush 1,7,Decoration,1,0.0,0.0,0.0,0,0,,,-5,3,0,0,0,0,0,0,0,0,0
1920,Blobby Bush 2,7,Decoration,1,0.0,0.0,0.0,0,0,,,-5,3,0,0,0,0,0,0,0,0,0
1921,Blobby Bush 3,7,Decoration,1,0.0,0.0,0.0,0,0,,,-5,3,0,0,0,0,0,0,0,0,0
1922,Tiny Four-Tone Pipe Straight,7,Decoration,1,0.0,0.0,0.0,0,0,,,10,3,0,0,0,0,0,0,0,0,0
1923,Tiny Four-Tone Pipe Square Inner Corner,7,Decoration,1,0.0,0.0,0.0,0,0,,,10,3,0,0,0,0,0,0,0,0,0
1924,Tiny Four-Tone Pipe Square Outer Corner,7,Decoration,1,0.0,0.0,0.0,0,0,,,10,3,0,0,0,0,0,0,0,0,0
1925,Tiny Four-Tone Pipe Round Outer Corner,7,Decoration,1,0.0,0.0,0.0,0,0,,,10,3,0,0,0,0,0,0,0,0,0
1926,Tiny Four-Tone Pipe End Cap,7,Decoration,1,0.0,0.0,0.0,0,0,,,10,3,0,0,0,0,0,0,0,0,0
1927,One-Ninth Block Colored Square,7,Decoration,1,0.0,0.0,0.0,0,0,,,10,3,0,0,0,0,0,0,0,0,0
1928,Tiny Four-Tone Pipe Round Outer Corner,7,Decoration,1,0.0,0.0,0.0,0,0,,,10,3,0,0,0,0,0,0,0,0,0
1929,,0,Solid,0,0.0,0.0,0.0,0,0,,,0,5,0,0,0,0,0,0,1,0,0
1930,,0,Solid,0,0.0,0.0,0.0,0,0,,,0,5,0,0,0,0,0,0,1,0,0
1931,Old End Trigger,20,Modifier,1,30.0,30.0,0.0,0,0,,,0,5,1,0,0,0,0,0,0,0,0
1932,Player Control Trigger,20,Modifier,1,30.0,30.0,0.0,0,0,,,0,5,1,0,0,0,0,0,0,0,0
1933,Swing Portal,41,SwingPortal,1,0.0,0.0,0.0,0,0,,,10,5,1,1,0,0,0,0,0,0,0
1934,Song Trigger,20,Modifier,1,30.0,30.0,0.0,0,0,,,0,5,1,0,0,0,0,0,0,0,0
1935,TimeWarp Trigger,20,Modifier,1,30.0,30.0,0.0,0,0,,,0,5,1,0,0,0,0,0,0,0,0
1936,Evaporating Blobs Animation 1,0,Solid,0,0.0,0.0,0.0,0,0,,,0,5,0,0,0,0,0,0,1,0,0
1937,Evaporating Blobs Animation 2,0,Solid,0,0.0,0.0,0.0,0,0,,,0,5,0,0,0,0,0,0,1,0,0
1938,Evaporating Blobs Animation 3,0,Solid,0,0.0,0.0,0.0,0,0,,,0,5,0,0,0,0,0,0,1,0,0
1939,Evaporating Blobs Animation 4,0,Solid,0,0.0,0.0,0.0,0,0,,,0,5,0,0,0,0,0,0,1,0,0
1940,,0,Solid,0,0.0,0.0,0.0,0,0,,,0,5,0,0,0,0,0,0,1,0,0
1941,,0,Solid,0,0.0,0.0,0.0,0,0,,,0,5,0,0,0,0,0,0,1,0,0
1942,,0,Solid,0,0.0,0.0,0.0,0,0,,,0,5,0,0,0,0,0,0,1,0,0
1943,,0,Solid,0,0.0,0.0,0.0,0,0,,,0,5,0,0,0,0,0,0,1,0,0
1944,,0,Solid,0,0.0,0.0,0.0,0,0,,,0,5,0,0,0,0,0,0,1,0,0
1945,,0,Solid,0,0.0,0.0,0.0,0,0,,,0,5,0,0,0,0,0,0,1,0,0
1946,,0,Solid,0,0.0,0.0,0.0,0,0,,,0,5,0,0,0,0,0,0,1,0,0
1947,,0,Solid,0,0.0,0.0,0.0,0,0,,,0,5,0,0,0,0,0,0,1,0,0
1948,,0,Solid,0,0.0,0.0,0.0,0,0,,,0,5,0,0,0,0,0,0,1,0,0
1949,,0,Solid,0,0.0,0.0,0.0,0,0,,,0,5,0,0,0,0,0,0,1,0,0
1950,,0,Solid,0,0.0,0.0,0.0,0,0,,,0,5,0,0,0,0,0,0,1,0,0
1951,,0,Solid,0,0.0,0.0,0.0,0,0,,,0,5,0,0,0,0,0,0,1,0,0
1952,,0,Solid,0,0.0,0.0,0.0,0,0,,,0,5,0,0,0,0,0,0,1,0,0
1953,,0,Solid,0,0.0,0.0,0.0,0,0,,,0,5,0,0,0,0,0,0,1,0,0
1954,,0,Solid,0,0.0,0.0,0.0,0,0,,,0,5,0,0,0,0,0,0,1,0,0
1955,,0,Solid,0,0.0,0.0,0.0,0,0,,,0,5,0,0,0,0,0,0,1,0,0
1956,,0,Solid,0,0.0,0.0,0.0,0,0,,,0,5,0,0,0,0,0,0,1,0,0
1957,,0,Solid,0,0.0,0.0,0.0,0,0,,,0,5,0,0,0,0,0,0,1,0,0
1958,,0,Solid,0,0.0,0.0,0.0,0,0,,,0,5,0,0,0,0,0,0,1,0,0
1959,,0,Solid,0,0.0,0.0,0.0,0,0,,,0,5,0,0,0,0,0,0,1,0,0
1960,,0,Solid,0,0.0,0.0,0.0,0,0,,,0,5,0,0,0,0,0,0,1,0,0
1961,,0,Solid,0,0.0,0.0,0.0,0,0,,,0,5,0,0,0,0,0,0,1,0,0
1962,,0,Solid,0,0.0,0.0,0.0,0,0,,,0,5,0,0,0,0,0,0,1,0,0
1963,,0,Solid,0,0.0,0.0,0.0,0,0,,,0,5,0,0,0,0,0,0,1,0,0
1964,,7,Decoration,1,0.0,0.0,0.0,0,0,,,-5,3,0,0,0,0,0,0,0,0,0
1965,,0,Solid,0,0.0,0.0,0.0,0,0,,,0,5,0,0,0,0,0,0,1,0,0
1966,,0,Solid,0,0.0,0.0,0.0,0,0,,,0,5,0,0,0,0,0,0,1,0,0
1967,,0,Solid,0,0.0,0.0,0.0,0,0,,,0,5,0,0,0,0,0,0,1,0,0
1968,,0,Solid,0,0.0,0.0,0.0,0,0,,,0,5,0,0,0,0,0,0,1,0,0
1969,,0,Solid,0,0.0,0.0,0.0,0,0,,,0,5,0,0,0,0,0,0,1,0,0
1970,,0,Solid,0,0.0,0.0,0.0,0,0,,,0,5,0,0,0,0,0,0,1,0,0
1971,,0,Solid,0,0.0,0.0,0.0,0,0,,,0,5,0,0,0,0,0,0,1,0,0
1972,,0,Solid,0,0.0,0.0,0.0,0,0,,,0,5,0,0,0,0,0,0,1,0,0
1973,,0,Solid,0,0.0,0.0,0.0,0,0,,,0,5,0,0,0,0,0,0,1,0,0
1974,,0,Solid,0,0.0,0.0,0.0,0,0,,,0,5,0,0,0,0,0,0,1,0,0
1975,,0,Solid,0,0.0,0.0,0.0,0,0,,,0,5,0,0,0,0,0,0,1,0,0
1976,,0,Solid,0,0.0,0.0,0.0,0,0,,,0,5,0,0,0,0,0,0,1,0,0
1977,,0,Solid,0,0.0,0.0,0.0,0,0,,,0,5,0,0,0,0,0,0,1,0,0
1978,,0,Solid,0,0.0,0.0,0.0,0,0,,,0,5,0,0,0,0,0,0,1,0,0
1979,,0,Solid,0,0.0,0.0,0.0,0,0,,,0,5,0,0,0,0,0,0,1,0,0
1980,,0,Solid,0,0.0,0.0,0.0,0,0,,,0,5,0,0,0,0,0,0,1,0,0
1981,,0,Solid,0,0.0,0.0,0.0,0,0,,,0,5,0,0,0,0,0,0,1,0,0
1982,,0,Solid,0,0.0,0.0,0.0,0,0,,,0,5,0,0,0,0,0,0,1,0,0
1983,,0,Solid,0,0.0,0.0,0.0,0,0,,,0,5,0,0,0,0,0,0,1,0,0
1984,,0,Solid,0,0.0,0.0,0.0,0,0,,,0,5,0,0,0,0,0,0,1,0,0
1985,,0,Solid,0,0.0,0.0,0.0,0,0,,,0,5,0,0,0,0,0,0,1,0,0
1986,,0,Solid,0,0.0,0.0,0.0,0,0,,,0,5,0,0,0,0,0,0,1,0,0
1987,,0,Solid,0,0.0,0.0,0.0,0,0,,,0,5,0,0,0,0,0,0,1,0,0
1988,,0,Solid,0,0.0,0.0,0.0,0,0,,,0,5,0,0,0,0,0,0,1,0,0
1989,,0,Solid,0,0.0,0.0,0.0,0,0,,,0,5,0,0,0,0,0,0,1,0,0
1990,,0,Solid,0,0.0,0.0,0.0,0,0,,,0,5,0,0,0,0,0,0,1,0,0
1991,,0,Solid,0,0.0,0.0,0.0,0,0,,,0,5,0,0,0,0,0,0,1,0,0
1992,,0,Solid,0,0.0,0.0,0.0,0,0,,,0,5,0,0,0,0,0,0,1,0,0
1993,,0,Solid,0,0.0,0.0,0.0,0,0,,,0,5,0,0,0,0,0,0,1,0,0
1994,,0,Solid,0,0.0,0.0,0.0,0,0,,,0,5,0,0,0,0,0,0,1,0,0
1995,,0,Solid,0,0.0,0.0,0.0,0,0,,,0,5,0,0,0,0,0,0,1,0,0
1996,,0,Solid,0,0.0,0.0,0.0,0,0,,,0,5,0,0,0,0,0,0,1,0,0
1997,,0,Solid,0,0.0,0.0,0.0,0,0,,,0,5,0,0,0,0,0,0,1,0,0
1998,,0,Solid,0,0.0,0.0,0.0,0,0,,,0,5,0,0,0,0,0,0,1,0,0
1999,,0,Solid,0,0.0,0.0,0.0,0,0,,,0,5,0,0,0,0,0,0,1,0,0
2000,,0,Solid,0,0.0,0.0,0.0,0,0,,,0,5,0,0,0,0,0,0,1,0,0
2001,,0,Solid,0,0.0,0.0,0.0,0,0,,,0,5,0,0,0,0,0,0,1,0,0
2002,,0,Solid,0,0.0,0.0,0.0,0,0,,,0,5,0,0,0,0,0,0,1,0,0
2003,,0,Solid,0,0.0,0.0,0.0,0,0,,,0,5,0,0,0,0,0,0,1,0,0
2004,,0,Solid,0,0.0,0.0,0.0,0,0,,,0,5,0,0,0,0,0,0,1,0,0
2005,,0,Solid,0,0.0,0.0,0.0,0,0,,,0,5,0,0,0,0,0,0,1,0,0
2006,,0,Solid,0,0.0,0.0,0.0,0,0,,,0,5,0,0,0,0,0,0,1,0,0
2007,,0,Solid,0,0.0,0.0,0.0,0,0,,,0,5,0,0,0,0,0,0,1,0,0
2008,,0,Solid,0,0.0,0.0,0.0,0,0,,,0,5,0,0,0,0,0,0,1,0,0
2009,,0,Solid,0,0.0,0.0,0.0,0,0,,,0,5,0,0,0,0,0,0,1,0,0
2010,,0,Solid,0,0.0,0.0,0.0,0,0,,,0,5,0,0,0,0,0,0,1,0,0
2011,,0,Solid,0,0.0,0.0,0.0,0,0,,,0,5,0,0,0,0,0,0,1,0,0
2012,Spiked Round Monster Hazard,47,AnimatedHazard,1,0.0,0.0,0.0,0,0,,,0,5,0,0,0,0,0,0,1,0,0
2013,,0,Solid,0,0.0,0.0,0.0,0,0,,,0,5,0,0,0,0,0,0,1,0,0
2014,,0,Solid,0,0.0,0.0,0.0,0,0,,,0,5,0,0,0,0,0,0,1,0,0
2015,Rotate Camera Trigger,20,Modifier,1,30.0,30.0,0.0,0,0,,,0,5,1,0,0,0,0,0,0,0,0
2016,Camera Guide,20,Modifier,1,30.0,30.0,0.0,0,0,,,0,5,1,0,0,0,0,0,0,0,0
2017,,0,Solid,0,0.0,0.0,0.0,0,0,,,0,5,0,0,0,0,0,0,1,0,0
2018,,0,Solid,0,0.0,0.0,0.0,0,0,,,0,5,0,0,0,0,0,0,1,0,0
2019,,0,Solid,0,0.0,0.0,0.0,0,0,,,0,5,0,0,0,0,0,0,1,0,0
2020,Action Lines Animation 1,0,Solid,0,0.0,0.0,0.0,0,0,,,0,5,0,0,0,0,0,0,1,0,0
2021,Action Lines Animation 2,0,Solid,0,0.0,0.0,0.0,0,0,,,0,5,0,0,0,0,0,0,1,0,0
2022,Slash Particle Animation 1,0,Solid,0,0.0,0.0,0.0,0,0,,,0,5,0,0,0,0,0,0,1,0,0
2023,Small Animated Fireball,0,Solid,0,0.0,0.0,0.0,0,0,,,0,5,0,0,0,0,0,0,1,0,0
2024,Shine Animation,0,Solid,0,0.0,0.0,0.0,0,0,,,0,5,0,0,0,0,0,0,1,0,0
2025,Fan Particle Animation,0,Solid,0,0.0,0.0,0.0,0,0,,,0,5,0,0,0,0,0,0,1,0,0
2026,Slash Particle Animation 2,0,Solid,0,0.0,0.0,0.0,0,0,,,0,5,0,0,0,0,0,0,1,0,0
2027,Slash Particle Animation 3,0,Solid,0,0.0,0.0,0.0,0,0,,,0,5,0,0,0,0,0,0,1,0,0
2028,Slash Particle Animation 4,0,Solid,0,0.0,0.0,0.0,0,0,,,0,5,0,0,0,0,0,0,1,0,0
2029,Smoke Puff Animation 1,0,Solid,0,0.0,0.0,0.0,0,0,,,0,5,0,0,0,0,0,0,1,0,0
2030,Shockwave Particle Animation 1,0,Solid,0,0.0,0.0,0.0,0,0,,,0,5,0,0,0,0,0,0,1,0,0
2031,Shockwave Particle Animation 2,0,Solid,0,0.0,0.0,0.0,0,0,,,0,5,0,0,0,0,0,0,1,0,0
2032,Animated Energy Ball,0,Solid,0,0.0,0.0,0.0,0,0,,,0,5,0,0,0,0,0,0,1,0,0
2033,Smoke Particle Animation 1,0,Solid,0,0.0,0.0,0.0,0,0,,,0,5,0,0,0,0,0,0,1,0,0
2034,Small Flame Animation,0,Solid,0,0.0,0.0,0.0,0,0,,,0,5,0,0,0,0,0,0,1,0,0
2035,Energy Burst Animation 1,0,Solid,0,0.0,0.0,0.0,0,0,,,0,5,0,0,0,0,0,0,1,0,0
2036,Energy Burst Animation 2,0,Solid,0,0.0,0.0,0.0,0,0,,,0,5,0,0,0,0,0,0,1,0,0
2037,Smoke Puff Animation 2,0,Solid,0,0.0,0.0,0.0,0,0,,,0,5,0,0,0,0,0,0,1,0,0
2038,Energy Burst Animation 3,0,Solid,0,0.0,0.0,0.0,0,0,,,0,5,0,0,0,0,0,0,1,0,0
2039,Smoke Puff Animation 3,0,Solid,0,0.0,0.0,0.0,0,0,,,0,5,0,0,0,0,0,0,1,0,0
2040,Energy Burst Animation 4,0,Solid,0,0.0,0.0,0.0,0,0,,,0,5,0,0,0,0,0,0,1,0,0
2041,Gradient Smoke Animation,0,Solid,0,0.0,0.0,0.0,0,0,,,0,5,0,0,0,0,0,0,1,0,0
2042,Angled Gradient Smoke Animation,0,Solid,0,0.0,0.0,0.0,0,0,,,0,5,0,0,0,0,0,0,1,0,0
2043,Energy Burst Animation 5,0,Solid,0,0.0,0.0,0.0,0,0,,,0,5,0,0,0,0,0,0,1,0,0
2044,Energy Burst Animation 6,0,Solid,0,0.0,0.0,0.0,0,0,,,0,5,0,0,0,0,0,0,1,0,0
2045,Smoke Puff Animation 4,0,Solid,0,0.0,0.0,0.0,0,0,,,0,5,0,0,0,0,0,0,1,0,0
2046,Fireball Particle Animation 1,0,Solid,0,0.0,0.0,0.0,0,0,,,0,5,0,0,0,0,0,0,1,0,0
2047,Fireball Particle Animation 2,0,Solid,0,0.0,0.0,0.0,0,0,,,0,5,0,0,0,0,0,0,1,0,0
2048,Energy Burst Animation 7,0,Solid,0,0.0,0.0,0.0,0,0,,,0,5,0,0,0,0,0,0,1,0,0
2049,Energy Burst Animation 8,0,Solid,0,0.0,0.0,0.0,0,0,,,0,5,0,0,0,0,0,0,1,0,0
2050,Energy Burst Animation 9,0,Solid,0,0.0,0.0,0.0,0,0,,,0,5,0,0,0,0,0,0,1,0,0
2051,Splat Particle Animation 1,0,Solid,0,0.0,0.0,0.0,0,0,,,0,5,0,0,0,0,0,0,1,0,0
2052,Splat Particle Animation 2,0,Solid,0,0.0,0.0,0.0,0,0,,,0,5,0,0,0,0,0,0,1,0,0
2053,Splash Particle Animation,0,Solid,0,0.0,0.0,0.0,0,0,,,0,5,0,0,0,0,0,0,1,0,0
2054,Fireball Particle Animation 3,0,Solid,0,0.0,0.0,0.0,0,0,,,0,5,0,0,0,0,0,0,1,0,0
2055,Explosion Animation,0,Solid,0,0.0,0.0,0.0,0,0,,,0,5,0,0,0,0,0,0,1,0,0
2056,,0,Solid,0,0.0,0.0,0.0,0,0,,,0,5,0,0,0,0,0,0,1,0,0
2057,,0,Solid,0,0.0,0.0,0.0,0,0,,,0,5,0,0,0,0,0,0,1,0,0
2058,,0,Solid,0,0.0,0.0,0.0,0,0,,,0,5,0,0,0,0,0,0,1,0,0
2059,,0,Solid,0,0.0,0.0,0.0,0,0,,,0,5,0,0,0,0,0,0,1,0,0
2060,,0,Solid,0,0.0,0.0,0.0,0,0,,,0,5,0,0,0,0,0,0,1,0,0
2061,,0,Solid,0,0.0,0.0,0.0,0,0,,,0,5,0,0,0,0,0,0,1,0,0
2062,Edge Camera Trigger,20,Modifier,1,30.0,30.0,0.0,0,0,,,0,5,1,0,0,0,0,0,0,0,0
2063,Checkpoint,20,Modifier,1,30.0,30.0,0.0,0,0,,,0,3,1,1,0,0,0,0,0,0,0
2064,Unlinked Orange Teleport Portal,7,Decoration,1,0.0,0.0,0.0,0,0,,,10,5,1,0,0,0,0,0,0,0,0
2065,Custom Particles,0,Solid,0,0.0,0.0,0.0,0,0,,,0,5,1,0,0,0,0,0,1,0,0
2066,Gravity Trigger,20,Modifier,1,30.0,30.0,0.0,0,0,,,0,5,1,0,0,0,0,0,0,0,0
2067,Scale Trigger,20,Modifier,1,30.0,30.0,0.0,0,0,,,0,5,1,0,0,0,0,0,0,0,0
2068,Advanced Random Trigger,20,Modifier,1,30.0,30.0,0.0,0,0,,,0,5,1,0,0,0,0,0,0,0,0
2069,Force Block,40,Special,1,0.0,0.0,0.0,0,0,,,0,5,0,0,1,0,0,0,0,0,0
2070,Pixel B 3 - 1,7,Decoration,1,0.0,0.0,0.0,0,0,,,9,3,0,0,0,0,0,0,0,0,0
2071,Pixel B 3 - 2,7,Decoration,1,0.0,0.0,0.0,0,0,,,9,3,0,0,0,0,0,0,0,0,0
2072,Pixel B 3 - 3,7,Decoration,1,0.0,0.0,0.0,0,0,,,9,3,0,0,0,0,0,0,0,0,0
2073,Pixel B 3 - 4,7,Decoration,1,0.0,0.0,0.0,0,0,,,9,3,0,0,0,0,0,0,0,0,0
2074,Pixel B 3 - 5,7,Decoration,1,0.0,0.0,0.0,0,0,,,9,3,0,0,0,0,0,0,0,0,0
2075,Pixel B 3 - 6,7,Decoration,1,0.0,0.0,0.0,0,0,,,9,3,0,0,0,0,0,0,0,0,0
2076,Pixel B 3 - 7,7,Decoration,1,0.0,0.0,0.0,0,0,,,9,3,0,0,0,0,0,0,0,0,0
2077,Pixel B 3 - 8,7,Decoration,1,0.0,0.0,0.0,0,0,,,9,3,0,0,0,0,0,0,0,0,0
2078,Pixel B 2 - 1,7,Decoration,1,0.0,0.0,0.0,0,0,,,9,3,0,0,0,0,0,0,0,0,0
2079,Pixel B 2 - 2,7,Decoration,1,0.0,0.0,0.0,0,0,,,9,3,0,0,0,0,0,0,0,0,0
2080,Pixel B 2 - 3,7,Decoration,1,0.0,0.0,0.0,0,0,,,9,3,0,0,0,0,0,0,0,0,0
2081,Pixel B 2 - 4,7,Decoration,1,0.0,0.0,0.0,0,0,,,9,3,0,0,0,0,0,0,0,0,0
2082,Pixel B 2 - 5,7,Decoration,1,0.0,0.0,0.0,0,0,,,9,3,0,0,0,0,0,0,0,0,0
2083,Pixel B 1 - 1,7,Decoration,1,0.0,0.0,0.0,0,0,,,9,3,0,0,0,0,0,0,0,0,0
2084,Pixel B 1 - 2,7,Decoration,1,0.0,0.0,0.0,0,0,,,9,3,0,0,0,0,0,0,0,0,0
2085,Pixel B 1 - 3,7,Decoration,1,0.0,0.0,0.0,0,0,,,9,3,0,0,0,0,0,0,0,0,0
2086,Pixel B 1 - 4,7,Decoration,1,0.0,0.0,0.0,0,0,,,9,3,0,0,0,0,0,0,0,0,0
2087,Pixel B 1 - 5,7,Decoration,1,0.0,0.0,0.0,0,0,,,9,3,0,0,0,0,0,0,0,0,0
2088,Pixel B 1 - 6,7,Decoration,1,0.0,0.0,0.0,0,0,,,9,3,0,0,0,0,0,0,0,0,0
2089,Pixel Art 611,7,Decoration,1,0.0,0.0,0.0,0,0,,,9,3,0,0,0,0,0,0,0,0,0
2090,Pixel B 3 - 9,7,Decoration,1,0.0,0.0,0.0,0,0,,,9,3,0,0,0,0,0,0,0,0,0
2091,Pixel B 3 - 10,7,Decoration,1,0.0,0.0,0.0,0,0,,,9,3,0,0,0,0,0,0,0,0,0
2092,Pixel Art 661,7,Decoration,1,0.0,0.0,0.0,0,0,,,9,3,0,0,0,0,0,0,0,0,0
2093,Pixel B 2 - 6,7,Decoration,1,0.0,0.0,0.0,0,0,,,9,3,0,0,0,0,0,0,0,0,0
2094,Pixel B 2 - 7,7,Decoration,1,0.0,0.0,0.0,0,0,,,9,3,0,0,0,0,0,0,0,0,0
2095,Pixel B 2 - 8,7,Decoration,1,0.0,0.0,0.0,0,0,,,9,3,0,0,0,0,0,0,0,0,0
2096,Pixel B 2 - 9,7,Decoration,1,0.0,0.0,0.0,0,0,,,9,3,0,0,0,0,0,0,0,0,0
2097,Pixel B 2 - 10,7,Decoration,1,0.0,0.0,0.0,0,0,,,9,3,0,0,0,0,0,0,0,0,0
2098,Pixel Art 1,7,Decoration,1,0.0,0.0,0.0,0,0,,,9,3,0,0,0,0,0,0,0,0,0
2099,Pixel Art 2,7,Decoration,1,0.0,0.0,0.0,0,0,,,9,3,0,0,0,0,0,0,0,0,0
2100,Pixel Art 3,7,Decoration,1,0.0,0.0,0.0,0,0,,,9,3,0,0,0,0,0,0,0,0,0
2101,Pixel Art 4,7,Decoration,1,0.0,0.0,0.0,0,0,,,9,3,0,0,0,0,0,0,0,0,0
2102,Pixel Art 5,7,Decoration,1,0.0,0.0,0.0,0,0,,,9,3,0,0,0,0,0,0,0,0,0
2103,Pixel Art 6,7,Decoration,1,0.0,0.0,0.0,0,0,,,9,3,0,0,0,0,0,0,0,0,0
2104,Pixel Art 7,7,Decoration,1,0.0,0.0,0.0,0,0,,,9,3,0,0,0,0,0,0,0,0,0
2105,Pixel Art 8,7,Decoration,1,0.0,0.0,0.0,0,0,,,9,3,0,0,0,0,0,0,0,0,0
2106,Pixel Art 9,7,Decoration,1,0.0,0.0,0.0,0,0,,,9,3,0,0,0,0,0,0,0,0,0
2107,Pixel Art 10,7,Decoration,1,0.0,0.0,0.0,0,0,,,9,3,0,0,0,0,0,0,0,0,0
2108,Pixel Art 11,7,Decoration,1,0.0,0.0,0.0,0,0,,,9,3,0,0,0,0,0,0,0,0,0
2109,Pixel Art 12,7,Decoration,1,0.0,0.0,0.0,0,0,,,9,3,0,0,0,0,0,0,0,0,0
2110,Pixel Art 13,7,Decoration,1,0.0,0.0,0.0,0,0,,,9,3,0,0,0,0,0,0,0,0,0
2111,Pixel Art 14,7,Decoration,1,0.0,0.0,0.0,0,0,,,9,3,0,0,0,0,0,0,0,0,0
2112,Pixel Art 15,7,Decoration,1,0.0,0.0,0.0,0,0,,,9,3,0,0,0,0,0,0,0,0,0
2113,Pixel Art 16,7,Decoration,1,0.0,0.0,0.0,0,0,,,9,3,0,0,0,0,0,0,0,0,0
2114,Pixel Art 17,7,Decoration,1,0.0,0.0,0.0,0,0,,,9,3,0,0,0,0,0,0,0,0,0
2115,Pixel Art 18,7,Decoration,1,0.0,0.0,0.0,0,0,,,9,3,0,0,0,0,0,0,0,0,0
2116,Pixel Art 19,7,Decoration,1,0.0,0.0,0.0,0,0,,,9,3,0,0,0,0,0,0,0,0,0
2117,Pixel Art 20,7,Decoration,1,0.0,0.0,0.0,0,0,,,9,3,0,0,0,0,0,0,0,0,0
2118,Pixel Art 21,7,Decoration,1,0.0,0.0,0.0,0,0,,,9,3,0,0,0,0,0,0,0,0,0
2119,Pixel Art 22,7,Decoration,1,0.0,0.0,0.0,0,0,,,9,3,0,0,0,0,0,0,0,0,0
2120,Pixel B 2 - 11,7,Decoration,1,0.0,0.0,0.0,0,0,,,9,3,0,0,0,0,0,0,0,0,0
2121,Pixel B 2 - 12,7,Decoration,1,0.0,0.0,0.0,0,0,,,9,3,0,0,0,0,0,0,0,0,0
2122,Pixel Art 23,7,Decoration,1,0.0,0.0,0.0,0,0,,,9,3,0,0,0,0,0,0,0,0,0
2123,Pixel Art 24,7,Decoration,1,0.0,0.0,0.0,0,0,,,9,3,0,0,0,0,0,0,0,0,0
2124,Pixel Art 25,7,Decoration,1,0.0,0.0,0.0,0,0,,,9,3,0,0,0,0,0,0,0,0,0
2125,Pixel Art 24 B,7,Decoration,1,0.0,0.0,0.0,0,0,,,9,3,0,0,0,0,0,0,0,0,0
2126,Pixel Art 26,7,Decoration,1,0.0,0.0,0.0,0,0,,,9,3,0,0,0,0,0,0,0,0,0
2127,Pixel Art 27,7,Decoration,1,0.0,0.0,0.0,0,0,,,9,3,0,0,0,0,0,0,0,0,0
2128,Pixel Art 28,7,Decoration,1,0.0,0.0,0.0,0,0,,,9,3,0,0,0,0,0,0,0,0,0
2129,Pixel Art 29,7,Decoration,1,0.0,0.0,0.0,0,0,,,9,3,0,0,0,0,0,0,0,0,0
2130,Pixel Art 30,7,Decoration,1,0.0,0.0,0.0,0,0,,,9,3,0,0,0,0,0,0,0,0,0
2131,Pixel Art 31,7,Decoration,1,0.0,0.0,0.0,0,0,,,9,3,0,0,0,0,0,0,0,0,0
2132,Pixel Art 32,7,Decoration,1,0.0,0.0,0.0,0,0,,,9,3,0,0,0,0,0,0,0,0,0
2133,Pot Pixel Art,7,Decoration,1,0.0,0.0,0.0,0,0,,,9,3,0,0,0,0,0,0,0,0,0
2134,Pixel Art 34,7,Decoration,1,0.0,0.0,0.0,0,0,,,9,3,0,0,0,0,0,0,0,0,0
2135,Pixel Art 35,7,Decoration,1,0.0,0.0,0.0,0,0,,,9,3,0,0,0,0,0,0,0,0,0
2136,Skull Pixel Art,7,Decoration,1,0.0,0.0,0.0,0,0,,,9,3,0,0,0,0,0,0,0,0,0
2137,Pixel Art 37,7,Decoration,1,0.0,0.0,0.0,0,0,,,9,3,0,0,0,0,0,0,0,0,0
2138,Pixel Art 38,7,Decoration,1,0.0,0.0,0.0,0,0,,,9,3,0,0,0,0,0,0,0,0,0
2139,Pixel Art 39,7,Decoration,1,0.0,0.0,0.0,0,0,,,9,3,0,0,0,0,0,0,0,0,0
2140,Pixel Art 40,7,Decoration,1,0.0,0.0,0.0,0,0,,,9,3,0,0,0,0,0,0,0,0,0
2141,Pixel Art 41,7,Decoration,1,0.0,0.0,0.0,0,0,,,9,3,0,0,0,0,0,0,0,0,0
2142,Pixel Art 42,7,Decoration,1,0.0,0.0,0.0,0,0,,,9,3,0,0,0,0,0,0,0,0,0
2143,Pixel Art 43,7,Decoration,1,0.0,0.0,0.0,0,0,,,9,3,0,0,0,0,0,0,0,0,0
2144,Pixel Art 44,7,Decoration,1,0.0,0.0,0.0,0,0,,,9,3,0,0,0,0,0,0,0,0,0
2145,Pixel Art 45,7,Decoration,1,0.0,0.0,0.0,0,0,,,9,3,0,0,0,0,0,0,0,0,0
2146,Pixel Art 46,7,Decoration,1,0.0,0.0,0.0,0,0,,,9,3,0,0,0,0,0,0,0,0,0
2147,Pixel Art 47,7,Decoration,1,0.0,0.0,0.0,0,0,,,9,3,0,0,0,0,0,0,0,0,0
2148,Pixel Art 48,7,Decoration,1,0.0,0.0,0.0,0,0,,,9,3,0,0,0,0,0,0,0,0,0
2149,Pixel Art 49,7,Decoration,1,0.0,0.0,0.0,0,0,,,9,3,0,0,0,0,0,0,0,0,0
2150,Pixel Art 50,7,Decoration,1,0.0,0.0,0.0,0,0,,,9,3,0,0,0,0,0,0,0,0,0
2151,Pixel Art 51,7,Decoration,1,0.0,0.0,0.0,0,0,,,9,3,0,0,0,0,0,0,0,0,0
2152,Pixel Art 52,7,Decoration,1,0.0,0.0,0.0,0,0,,,9,3,0,0,0,0,0,0,0,0,0
2153,Pixel Art 53,7,Decoration,1,0.0,0.0,0.0,0,0,,,9,3,0,0,0,0,0,0,0,0,0
2154,Pixel Art 54,7,Decoration,1,0.0,0.0,0.0,0,0,,,9,3,0,0,0,0,0,0,0,0,0
2155,Pixel Art 55,7,Decoration,1,0.0,0.0,0.0,0,0,,,9,3,0,0,0,0,0,0,0,0,0
2156,Pixel Art 56,7,Decoration,1,0.0,0.0,0.0,0,0,,,9,3,0,0,0,0,0,0,0,0,0
2157,Pixel Art 57,7,Decoration,1,0.0,0.0,0.0,0,0,,,9,3,0,0,0,0,0,0,0,0,0
2158,Pixel Art 58,7,Decoration,1,0.0,0.0,0.0,0,0,,,9,3,0,0,0,0,0,0,0,0,0
2159,Pixel Art 59,7,Decoration,1,0.0,0.0,0.0,0,0,,,9,3,0,0,0,0,0,0,0,0,0
2160,Pixel Art 60,7,Decoration,1,0.0,0.0,0.0,0,0,,,9,3,0,0,0,0,0,0,0,0,0
2161,Pixel Art 61,7,Decoration,1,0.0,0.0,0.0,0,0,,,9,3,0,0,0,0,0,0,0,0,0
2162,Pixel Art 62,7,Decoration,1,0.0,0.0,0.0,0,0,,,9,3,0,0,0,0,0,0,0,0,0
2163,Pixel Art 63,7,Decoration,1,0.0,0.0,0.0,0,0,,,9,3,0,0,0,0,0,0,0,0,0
2164,Pixel Art 64,7,Decoration,1,0.0,0.0,0.0,0,0,,,9,3,0,0,0,0,0,0,0,0,0
2165,Pixel Art 65,7,Decoration,1,0.0,0.0,0.0,0,0,,,9,3,0,0,0,0,0,0,0,0,0
2166,Pixel Art 66,7,Decoration,1,0.0,0.0,0.0,0,0,,,9,3,0,0,0,0,0,0,0,0,0
2167,Pixel Art 67,7,Decoration,1,0.0,0.0,0.0,0,0,,,9,3,0,0,0,0,0,0,0,0,0
2168,Pixel Art 68,7,Decoration,1,0.0,0.0,0.0,0,0,,,9,3,0,0,0,0,0,0,0,0,0
2169,Pixel Art 69,7,Decoration,1,0.0,0.0,0.0,0,0,,,9,3,0,0,0,0,0,0,0,0,0
2170,Pixel Art 70,7,Decoration,1,0.0,0.0,0.0,0,0,,,9,3,0,0,0,0,0,0,0,0,0
2171,Pixel Art 71,7,Decoration,1,0.0,0.0,0.0,0,0,,,9,3,0,0,0,0,0,0,0,0,0
2172,Pixel Art 72,7,Decoration,1,0.0,0.0,0.0,0,0,,,9,3,0,0,0,0,0,0,0,0,0
2173,Pixel Art 73,7,Decoration,1,0.0,0.0,0.0,0,0,,,9,3,0,0,0,0,0,0,0,0,0
2174,Pixel Art 74,7,Decoration,1,0.0,0.0,0.0,0,0,,,9,3,0,0,0,0,0,0,0,0,0
2175,Pixel Art 75,7,Decoration,1,0.0,0.0,0.0,0,0,,,9,3,0,0,0,0,0,0,0,0,0
2176,Pixel Art 76,7,Decoration,1,0.0,0.0,0.0,0,0,,,9,3,0,0,0,0,0,0,0,0,0
2177,Pixel Art 77,7,Decoration,1,0.0,0.0,0.0,0,0,,,9,3,0,0,0,0,0,0,0,0,0
2178,Pixel Art 78,7,Decoration,1,0.0,0.0,0.0,0,0,,,9,3,0,0,0,0,0,0,0,0,0
2179,Pixel Art 79,7,Decoration,1,0.0,0.0,0.0,0,0,,,9,3,0,0,0,0,0,0,0,0,0
2180,Pixel Art 80,7,Decoration,1,0.0,0.0,0.0,0,0,,,9,3,0,0,0,0,0,0,0,0,0
2181,Pixel Art 81,7,Decoration,1,0.0,0.0,0.0,0,0,,,9,3,0,0,0,0,0,0,0,0,0
2182,Pixel Art 82,7,Decoration,1,0.0,0.0,0.0,0,0,,,9,3,0,0,0,0,0,0,0,0,0
2183,Pixel Art 83,7,Decoration,1,0.0,0.0,0.0,0,0,,,9,3,0,0,0,0,0,0,0,0,0
2184,Pixel Art 84,7,Decoration,1,0.0,0.0,0.0,0,0,,,9,3,0,0,0,0,0,0,0,0,0
2185,Pixel Art 85,7,Decoration,1,0.0,0.0,0.0,0,0,,,9,3,0,0,0,0,0,0,0,0,0
2186,Pixel Art 86,7,Decoration,1,0.0,0.0,0.0,0,0,,,9,3,0,0,0,0,0,0,0,0,0
2187,Pixel Art 87,7,Decoration,1,0.0,0.0,0.0,0,0,,,9,3,0,0,0,0,0,0,0,0,0
2188,Pixel Art 88,7,Decoration,1,0.0,0.0,0.0,0,0,,,9,3,0,0,0,0,0,0,0,0,0
2189,Pixel Art 89,7,Decoration,1,0.0,0.0,0.0,0,0,,,9,3,0,0,0,0,0,0,0,0,0
2190,Pixel Art 90,7,Decoration,1,0.0,0.0,0.0,0,0,,,9,3,0,0,0,0,0,0,0,0,0
2191,Pixel Art 91,7,Decoration,1,0.0,0.0,0.0,0,0,,,9,3,0,0,0,0,0,0,0,0,0
2192,Pixel Art 92,7,Decoration,1,0.0,0.0,0.0,0,0,,,9,3,0,0,0,0,0,0,0,0,0
2193,Pixel Art 93,7,Decoration,1,0.0,0.0,0.0,0,0,,,9,3,0,0,0,0,0,0,0,0,0
2194,Pixel Art 94,7,Decoration,1,0.0,0.0,0.0,0,0,,,9,3,0,0,0,0,0,0,0,0,0
2195,Pixel Art 95,7,Decoration,1,0.0,0.0,0.0,0,0,,,9,3,0,0,0,0,0,0,0,0,0
2196,Pixel Art 96,7,Decoration,1,0.0,0.0,0.0,0,0,,,9,3,0,0,0,0,0,0,0,0,0
2197,Pixel Art 97,7,Decoration,1,0.0,0.0,0.0,0,0,,,9,3,0,0,0,0,0,0,0,0,0
2198,Pixel Art 98,7,Decoration,1,0.0,0.0,0.0,0,0,,,9,3,0,0,0,0,0,0,0,0,0
2199,Pixel Art 99,7,Decoration,1,0.0,0.0,0.0,0,0,,,9,3,0,0,0,0,0,0,0,0,0
2200,Pixel Art 100,7,Decoration,1,0.0,0.0,0.0,0,0,,,9,3,0,0,0,0,0,0,0,0,0
2201,Pixel Art 101,7,Decoration,1,0.0,0.0,0.0,0,0,,,9,3,0,0,0,0,0,0,0,0,0
2202,Pixel Art 102,7,Decoration,1,0.0,0.0,0.0,0,0,,,9,3,0,0,0,0,0,0,0,0,0
2203,Pixel Art 103,7,Decoration,1,0.0,0.0,0.0,0,0,,,9,3,0,0,0,0,0,0,0,0,0
2204,Pixel Art 104,7,Decoration,1,0.0,0.0,0.0,0,0,,,9,3,0,0,0,0,0,0,0,0,0
2205,Pixel Art 105,7,Decoration,1,0.0,0.0,0.0,0,0,,,9,3,0,0,0,0,0,0,0,0,0
2206,Pixel Art 106,7,Decoration,1,0.0,0.0,0.0,0,0,,,9,3,0,0,0,0,0,0,0,0,0
2207,Grave Pixel Art,7,Decoration,1,0.0,0.0,0.0,0,0,,,9,3,0,0,0,0,0,0,0,0,0
2208,Grave Pixel Art 2,7,Decoration,1,0.0,0.0,0.0,0,0,,,9,3,0,0,0,0,0,0,0,0,0
2209,Grave Pixel Art 3,7,Decoration,1,0.0,0.0,0.0,0,0,,,9,3,0,0,0,0,0,0,0,0,0
2210,Pixel Art 110,7,Decoration,1,0.0,0.0,0.0,0,0,,,9,3,0,0,0,0,0,0,0,0,0
2211,Pixel Art 111,7,Decoration,1,0.0,0.0,0.0,0,0,,,9,3,0,0,0,0,0,0,0,0,0
2212,Pixel Art 112,7,Decoration,1,0.0,0.0,0.0,0,0,,,9,3,0,0,0,0,0,0,0,0,0
2213,Pixel Art 113,7,Decoration,1,0.0,0.0,0.0,0,0,,,9,3,0,0,0,0,0,0,0,0,0
2214,Pixel Art 114,7,Decoration,1,0.0,0.0,0.0,0,0,,,9,3,0,0,0,0,0,0,0,0,0
2215,Pixel Art 115,7,Decoration,1,0.0,0.0,0.0,0,0,,,9,3,0,0,0,0,0,0,0,0,0
2216,Pixel Art 116,7,Decoration,1,0.0,0.0,0.0,0,0,,,9,3,0,0,0,0,0,0,0,0,0
2217,Pixel Art 117,7,Decoration,1,0.0,0.0,0.0,0,0,,,9,3,0,0,0,0,0,0,0,0,0
2218,Pixel Art 118,7,Decoration,1,0.0,0.0,0.0,0,0,,,9,3,0,0,0,0,0,0,0,0,0
2219,Pixel Art 119,7,Decoration,1,0.0,0.0,0.0,0,0,,,9,3,0,0,0,0,0,0,0,0,0
2220,Pixel Art 120,7,Decoration,1,0.0,0.0,0.0,0,0,,,9,3,0,0,0,0,0,0,0,0,0
2221,Pixel Art 121,7,Decoration,1,0.0,0.0,0.0,0,0,,,9,3,0,0,0,0,0,0,0,0,0
2222,Pixel Art 122,7,Decoration,1,0.0,0.0,0.0,0,0,,,9,3,0,0,0,0,0,0,0,0,0
2223,Pixel Art 123,0,Solid,0,0.0,0.0,0.0,0,0,,,0,5,0,0,0,0,0,0,1,0,0
2224,Pixel Art 124,7,Decoration,1,0.0,0.0,0.0,0,0,,,9,3,0,0,0,0,0,0,0,0,0
2225,Pixel Art 125,7,Decoration,1,0.0,0.0,0.0,0,0,,,9,3,0,0,0,0,0,0,0,0,0
2226,Pixel Art 126,7,Decoration,1,0.0,0.0,0.0,0,0,,,9,3,0,0,0,0,0,0,0,0,0
2227,Pixel Art 127,7,Decoration,1,0.0,0.0,0.0,0,0,,,9,3,0,0,0,0,0,0,0,0,0
2228,Pixel Art 128,7,Decoration,1,0.0,0.0,0.0,0,0,,,9,3,0,0,0,0,0,0,0,0,0
2229,Pixel Art 129,7,Decoration,1,0.0,0.0,0.0,0,0,,,9,3,0,0,0,0,0,0,0,0,0
2230,Pixel Art 130,7,Decoration,1,0.0,0.0,0.0,0,0,,,10,3,0,0,0,0,0,0,0,0,0
2231,Pixel Art 131,7,Decoration,1,0.0,0.0,0.0,0,0,,,10,3,0,0,0,0,0,0,0,0,0
2232,Pixel Art 132,7,Decoration,1,0.0,0.0,0.0,0,0,,,10,3,0,0,0,0,0,0,0,0,0
2233,Pixel Art 133,7,Decoration,1,0.0,0.0,0.0,0,0,,,10,3,0,0,0,0,0,0,0,0,0
2234,Pixel Art 134,7,Decoration,1,0.0,0.0,0.0,0,0,,,10,3,0,0,0,0,0,0,0,0,0
2235,Pixel Art 135,7,Decoration,1,0.0,0.0,0.0,0,0,,,10,3,0,0,0,0,0,0,0,0,0
2236,Pixel Art 136,7,Decoration,1,0.0,0.0,0.0,0,0,,,10,3,0,0,0,0,0,0,0,0,0
2237,Pixel Art 137,7,Decoration,1,0.0,0.0,0.0,0,0,,,9,3,0,0,0,0,0,0,0,0,0
2238,Pixel Art 138,7,Decoration,1,0.0,0.0,0.0,0,0,,,9,3,0,0,0,0,0,0,0,0,0
2239,Pixel Art 139,7,Decoration,1,0.0,0.0,0.0,0,0,,,9,3,0,0,0,0,0,0,0,0,0
2240,Pixel Art 140,7,Decoration,1,0.0,0.0,0.0,0,0,,,9,3,0,0,0,0,0,0,0,0,0
2241,Pixel Art 141,7,Decoration,1,0.0,0.0,0.0,0,0,,,9,3,0,0,0,0,0,0,0,0,0
2242,Pixel Art 142,7,Decoration,1,0.0,0.0,0.0,0,0,,,9,3,0,0,0,0,0,0,0,0,0
2243,Pixel Art 143,7,Decoration,1,0.0,0.0,0.0,0,0,,,9,3,0,0,0,0,0,0,0,0,0
2244,Pixel Art 144,7,Decoration,1,0.0,0.0,0.0,0,0,,,9,3,0,0,0,0,0,0,0,0,0
2245,Pixel Art 145,7,Decoration,1,0.0,0.0,0.0,0,0,,,9,3,0,0,0,0,0,0,0,0,0
2246,Pixel Art 146,0,Solid,0,0.0,0.0,0.0,0,0,,,0,5,0,0,0,0,0,0,1,0,0
2247,Pixel Art 147,7,Decoration,1,0.0,0.0,0.0,0,0,,,9,3,0,0,0,0,0,0,0,0,0
2248,Pixel Art 148,7,Decoration,1,0.0,0.0,0.0,0,0,,,9,3,0,0,0,0,0,0,0,0,0
2249,Pixel Art 149,7,Decoration,1,0.0,0.0,0.0,0,0,,,9,3,0,0,0,0,0,0,0,0,0
2250,Pixel Art 150,7,Decoration,1,0.0,0.0,0.0,0,0,,,9,3,0,0,0,0,0,0,0,0,0
2251,Vine Pixel Art,7,Decoration,1,0.0,0.0,0.0,0,0,,,9,3,0,0,0,0,0,0,0,0,0
2252,Pixel Art 152,7,Decoration,1,0.0,0.0,0.0,0,0,,,9,3,0,0,0,0,0,0,0,0,0
2253,Pixel Art 153,7,Decoration,1,0.0,0.0,0.0,0,0,,,9,3,0,0,0,0,0,0,0,0,0
2254,Pixel Art 154,7,Decoration,1,0.0,0.0,0.0,0,0,,,9,3,0,0,0,0,0,0,0,0,0
2255,Singular Thin Spike Pixel Art,7,Decoration,1,0.0,0.0,0.0,0,0,,,9,3,0,0,0,0,0,0,0,0,0
2256,Pixel Art 156,7,Decoration,1,0.0,0.0,0.0,0,0,,,9,3,0,0,0,0,0,0,0,0,0
2257,Pixel Art 157,7,Decoration,1,0.0,0.0,0.0,0,0,,,9,3,0,0,0,0,0,0,0,0,0
2258,Pixel Art 158,7,Decoration,1,0.0,0.0,0.0,0,0,,,9,3,0,0,0,0,0,0,0,0,0
2259,Pixel Art 159,7,Decoration,1,0.0,0.0,0.0,0,0,,,9,3,0,0,0,0,0,0,0,0,0
2260,Pixel Art 160,7,Decoration,1,0.0,0.0,0.0,0,0,,,9,3,0,0,0,0,0,0,0,0,0
2261,Pixel Art 161,7,Decoration,1,0.0,0.0,0.0,0,0,,,9,3,0,0,0,0,0,0,0,0,0
2262,Pixel Art 162,7,Decoration,1,0.0,0.0,0.0,0,0,,,9,3,0,0,0,0,0,0,0,0,0
2263,Pixel Art 163,7,Decoration,1,0.0,0.0,0.0,0,0,,,9,3,0,0,0,0,0,0,0,0,0
2264,Pixel Art 164,7,Decoration,1,0.0,0.0,0.0,0,0,,,9,3,0,0,0,0,0,0,0,0,0
2265,Pixel Art 165,7,Decoration,1,0.0,0.0,0.0,0,0,,,9,3,0,0,0,0,0,0,0,0,0
2266,Pixel Art 166,7,Decoration,1,0.0,0.0,0.0,0,0,,,9,3,0,0,0,0,0,0,0,0,0
2267,Pixel Art 167,7,Decoration,1,0.0,0.0,0.0,0,0,,,9,3,0,0,0,0,0,0,0,0,0
2268,Pixel Art 168,7,Decoration,1,0.0,0.0,0.0,0,0,,,9,3,0,0,0,0,0,0,0,0,0
2269,Pixel Art 169,7,Decoration,1,0.0,0.0,0.0,0,0,,,9,3,0,0,0,0,0,0,0,0,0
2270,Pixel Art 170,7,Decoration,1,0.0,0.0,0.0,0,0,,,9,3,0,0,0,0,0,0,0,0,0
2271,Pixel Art 171,7,Decoration,1,0.0,0.0,0.0,0,0,,,9,3,0,0,0,0,0,0,0,0,0
2272,Pixel Art 172,7,Decoration,1,0.0,0.0,0.0,0,0,,,9,3,0,0,0,0,0,0,0,0,0
2273,Pixel Art 173,7,Decoration,1,0.0,0.0,0.0,0,0,,,9,3,0,0,0,0,0,0,0,0,0
2274,Pixel Art 174,7,Decoration,1,0.0,0.0,0.0,0,0,,,9,3,0,0,0,0,0,0,0,0,0
2275,Pixel Art 175,7,Decoration,1,0.0,0.0,0.0,0,0,,,9,3,0,0,0,0,0,0,0,0,0
2276,Pixel Art 176,7,Decoration,1,0.0,0.0,0.0,0,0,,,9,3,0,0,0,0,0,0,0,0,0
2277,Pixel Art 177,7,Decoration,1,0.0,0.0,0.0,0,0,,,9,3,0,0,0,0,0,0,0,0,0
2278,Pixel Art 178,7,Decoration,1,0.0,0.0,0.0,0,0,,,9,3,0,0,0,0,0,0,0,0,0
2279,Pixel Art 179,7,Decoration,1,0.0,0.0,0.0,0,0,,,9,3,0,0,0,0,0,0,0,0,0
2280,Pixel Art 180,7,Decoration,1,0.0,0.0,0.0,0,0,,,9,3,0,0,0,0,0,0,0,0,0
2281,Pixel Art 181,7,Decoration,1,0.0,0.0,0.0,0,0,,,9,3,0,0,0,0,0,0,0,0,0
2282,Pixel Art 182,7,Decoration,1,0.0,0.0,0.0,0,0,,,9,3,0,0,0,0,0,0,0,0,0
2283,Pixel Art 183,7,Decoration,1,0.0,0.0,0.0,0,0,,,9,3,0,0,0,0,0,0,0,0,0
2284,Pixel Art 184,7,Decoration,1,0.0,0.0,0.0,0,0,,,9,3,0,0,0,0,0,0,0,0,0
2285,Pixel Art 185,7,Decoration,1,0.0,0.0,0.0,0,0,,,9,3,0,0,0,0,0,0,0,0,0
2286,Pixel Art 186,7,Decoration,1,0.0,0.0,0.0,0,0,,,9,3,0,0,0,0,0,0,0,0,0
2287,Pixel Art 187,7,Decoration,1,0.0,0.0,0.0,0,0,,,9,3,0,0,0,0,0,0,0,0,0
2288,Pixel Art 188,7,Decoration,1,0.0,0.0,0.0,0,0,,,9,3,0,0,0,0,0,0,0,0,0
2289,Pixel Art 189,7,Decoration,1,0.0,0.0,0.0,0,0,,,9,3,0,0,0,0,0,0,0,0,0
2290,Pixel Art 190,7,Decoration,1,0.0,0.0,0.0,0,0,,,9,3,0,0,0,0,0,0,0,0,0
2291,Pixel Art 191,7,Decoration,1,0.0,0.0,0.0,0,0,,,9,3,0,0,0,0,0,0,0,0,0
2292,Pixel Art 192,7,Decoration,1,0.0,0.0,0.0,0,0,,,9,3,0,0,0,0,0,0,0,0,0
2293,Pixel Art 193,7,Decoration,1,0.0,0.0,0.0,0,0,,,9,3,0,0,0,0,0,0,0,0,0
2294,Pixel Art 194,7,Decoration,1,0.0,0.0,0.0,0,0,,,9,3,0,0,0,0,0,0,0,0,0
2295,Pixel Art 195,7,Decoration,1,0.0,0.0,0.0,0,0,,,9,3,0,0,0,0,0,0,0,0,0
2296,Pixel Art 196,7,Decoration,1,0.0,0.0,0.0,0,0,,,9,3,0,0,0,0,0,0,0,0,0
2297,Pixel Art 197,7,Decoration,1,0.0,0.0,0.0,0,0,,,9,3,0,0,0,0,0,0,0,0,0
2298,Pixel Art 198,7,Decoration,1,0.0,0.0,0.0,0,0,,,9,3,0,0,0,0,0,0,0,0,0
2299,Pixel Art 199,7,Decoration,1,0.0,0.0,0.0,0,0,,,9,3,0,0,0,0,0,0,0,0,0
2300,Pixel Art 200,7,Decoration,1,0.0,0.0,0.0,0,0,,,9,3,0,0,0,0,0,0,0,0,0
2301,Pixel Art 201,7,Decoration,1,0.0,0.0,0.0,0,0,,,9,3,0,0,0,0,0,0,0,0,0
2302,Pixel Art 202,7,Decoration,1,0.0,0.0,0.0,0,0,,,9,3,0,0,0,0,0,0,0,0,0
2303,Pixel Art 203,7,Decoration,1,0.0,0.0,0.0,0,0,,,9,3,0,0,0,0,0,0,0,0,0
2304,Pixel Art 204,7,Decoration,1,0.0,0.0,0.0,0,0,,,9,3,0,0,0,0,0,0,0,0,0
2305,Pixel Art 205,7,Decoration,1,0.0,0.0,0.0,0,0,,,9,3,0,0,0,0,0,0,0,0,0
2306,Pixel Art 206,7,Decoration,1,0.0,0.0,0.0,0,0,,,9,3,0,0,0,0,0,0,0,0,0
2307,Pixel Art 207,7,Decoration,1,0.0,0.0,0.0,0,0,,,9,3,0,0,0,0,0,0,0,0,0
2308,Pixel Art 208,7,Decoration,1,0.0,0.0,0.0,0,0,,,9,3,0,0,0,0,0,0,0,0,0
2309,Pixel Art 209,7,Decoration,1,0.0,0.0,0.0,0,0,,,9,3,0,0,0,0,0,0,0,0,0
2310,Singular Wide Spike Pixel Art,7,Decoration,1,0.0,0.0,0.0,0,0,,,9,3,0,0,0,0,0,0,0,0,0
2311,Pixel Art 211,7,Decoration,1,0.0,0.0,0.0,0,0,,,9,3,0,0,0,0,0,0,0,0,0
2312,Pixel Art 212,7,Decoration,1,0.0,0.0,0.0,0,0,,,9,3,0,0,0,0,0,0,0,0,0
2313,Pixel Art 213,7,Decoration,1,0.0,0.0,0.0,0,0,,,9,3,0,0,0,0,0,0,0,0,0
2314,Pixel Art 214,7,Decoration,1,0.0,0.0,0.0,0,0,,,9,3,0,0,0,0,0,0,0,0,0
2315,Pixel Art 215,7,Decoration,1,0.0,0.0,0.0,0,0,,,9,3,0,0,0,0,0,0,0,0,0
2316,Pixel Art 216,7,Decoration,1,0.0,0.0,0.0,0,0,,,9,3,0,0,0,0,0,0,0,0,0
2317,Pixel Art 217,7,Decoration,1,0.0,0.0,0.0,0,0,,,9,3,0,0,0,0,0,0,0,0,0
2318,Pixel Art 218,7,Decoration,1,0.0,0.0,0.0,0,0,,,9,3,0,0,0,0,0,0,0,0,0
2319,Pixel Art 219,7,Decoration,1,0.0,0.0,0.0,0,0,,,9,3,0,0,0,0,0,0,0,0,0
2320,Pixel Art 220,7,Decoration,1,0.0,0.0,0.0,0,0,,,9,3,0,0,0,0,0,0,0,0,0
2321,Pixel Art 221,7,Decoration,1,0.0,0.0,0.0,0,0,,,9,3,0,0,0,0,0,0,0,0,0
2322,Pixel Art 222,7,Decoration,1,0.0,0.0,0.0,0,0,,,9,3,0,0,0,0,0,0,0,0,0
2323,Pixel Art 223,7,Decoration,1,0.0,0.0,0.0,0,0,,,9,3,0,0,0,0,0,0,0,0,0
2324,Pixel Art 224,7,Decoration,1,0.0,0.0,0.0,0,0,,,9,3,0,0,0,0,0,0,0,0,0
2325,Pixel Art 225,7,Decoration,1,0.0,0.0,0.0,0,0,,,9,3,0,0,0,0,0,0,0,0,0
2326,Pixel Art 226,7,Decoration,1,0.0,0.0,0.0,0,0,,,9,3,0,0,0,0,0,0,0,0,0
2327,Pixel Art 227,7,Decoration,1,0.0,0.0,0.0,0,0,,,9,3,0,0,0,0,0,0,0,0,0
2328,Pixel Art 228,7,Decoration,1,0.0,0.0,0.0,0,0,,,9,3,0,0,0,0,0,0,0,0,0
2329,Pixel Art 229,7,Decoration,1,0.0,0.0,0.0,0,0,,,9,3,0,0,0,0,0,0,0,0,0
2330,Pixel Art 230,7,Decoration,1,0.0,0.0,0.0,0,0,,,9,3,0,0,0,0,0,0,0,0,0
2331,Pixel Art 231,7,Decoration,1,0.0,0.0,0.0,0,0,,,9,3,0,0,0,0,0,0,0,0,0
2332,Pixel Art 232,7,Decoration,1,0.0,0.0,0.0,0,0,,,9,3,0,0,0,0,0,0,0,0,0
2333,Pixel Art 233,7,Decoration,1,0.0,0.0,0.0,0,0,,,9,3,0,0,0,0,0,0,0,0,0
2334,Pixel Art 234,7,Decoration,1,0.0,0.0,0.0,0,0,,,9,3,0,0,0,0,0,0,0,0,0
2335,Pixel Art 235,7,Decoration,1,0.0,0.0,0.0,0,0,,,9,3,0,0,0,0,0,0,0,0,0
2336,X Pixel Art,7,Decoration,1,0.0,0.0,0.0,0,0,,,9,3,0,0,0,0,0,0,0,0,0
2337,Reverse Checkmark Pixel Art,7,Decoration,1,0.0,0.0,0.0,0,0,,,9,3,0,0,0,0,0,0,0,0,0
2338,Skull Pixel Art,7,Decoration,1,0.0,0.0,0.0,0,0,,,9,3,0,0,0,0,0,0,0,0,0
2339,Arrow Pixel Art,7,Decoration,1,0.0,0.0,0.0,0,0,,,9,3,0,0,0,0,0,0,0,0,0
2340,Shaded Skull Pixel Art,7,Decoration,1,0.0,0.0,0.0,0,0,,,9,3,0,0,0,0,0,0,0,0,0
2341,Pixel Art 241,7,Decoration,1,0.0,0.0,0.0,0,0,,,9,3,0,0,0,0,0,0,0,0,0
2342,Pixel Art 242,7,Decoration,1,0.0,0.0,0.0,0,0,,,9,3,0,0,0,0,0,0,0,0,0
2343,Pixel Art 243,7,Decoration,1,0.0,0.0,0.0,0,0,,,9,3,0,0,0,0,0,0,0,0,0
2344,Pixel Art 244,7,Decoration,1,0.0,0.0,0.0,0,0,,,9,3,0,0,0,0,0,0,0,0,0
2345,Pixel Art 245,7,Decoration,1,0.0,0.0,0.0,0,0,,,9,3,0,0,0,0,0,0,0,0,0
2346,Pixel Art 246,7,Decoration,1,0.0,0.0,0.0,0,0,,,9,3,0,0,0,0,0,0,0,0,0
2347,Pixel Art 247,7,Decoration,1,0.0,0.0,0.0,0,0,,,9,3,0,0,0,0,0,0,0,0,0
2348,Pixel Art 248,7,Decoration,1,0.0,0.0,0.0,0,0,,,9,3,0,0,0,0,0,0,0,0,0
2349,Pixel Art 249,7,Decoration,1,0.0,0.0,0.0,0,0,,,9,3,0,0,0,0,0,0,0,0,0
2350,Pixel Art 250,7,Decoration,1,0.0,0.0,0.0,0,0,,,9,3,0,0,0,0,0,0,0,0,0
2351,Pixel Art 251,7,Decoration,1,0.0,0.0,0.0,0,0,,,9,3,0,0,0,0,0,0,0,0,0
2352,Pixel Art 252,7,Decoration,1,0.0,0.0,0.0,0,0,,,9,3,0,0,0,0,0,0,0,0,0
2353,Pixel Art 253,7,Decoration,1,0.0,0.0,0.0,0,0,,,9,3,0,0,0,0,0,0,0,0,0
2354,Pixel Art 254,7,Decoration,1,0.0,0.0,0.0,0,0,,,9,3,0,0,0,0,0,0,0,0,0
2355,Pixel Art 255,7,Decoration,1,0.0,0.0,0.0,0,0,,,9,3,0,0,0,0,0,0,0,0,0
2356,Pixel Art 256,7,Decoration,1,0.0,0.0,0.0,0,0,,,9,3,0,0,0,0,0,0,0,0,0
2357,Pixel Art 257,7,Decoration,1,0.0,0.0,0.0,0,0,,,9,3,0,0,0,0,0,0,0,0,0
2358,Pixel Art 258,7,Decoration,1,0.0,0.0,0.0,0,0,,,9,3,0,0,0,0,0,0,0,0,0
2359,Pixel Art 259,7,Decoration,1,0.0,0.0,0.0,0,0,,,9,3,0,0,0,0,0,0,0,0,0
2360,Pillar Top Pixel Art,7,Decoration,1,0.0,0.0,0.0,0,0,,,9,3,0,0,0,0,0,0,0,0,0
2361,Pillar Center Pixel Art,7,Decoration,1,0.0,0.0,0.0,0,0,,,9,3,0,0,0,0,0,0,0,0,0
2362,Pillar Bottom Pixel Art,7,Decoration,1,0.0,0.0,0.0,0,0,,,9,3,0,0,0,0,0,0,0,0,0
2363,Broken Pillar Bottom Pixel Art,7,Decoration,1,0.0,0.0,0.0,0,0,,,9,3,0,0,0,0,0,0,0,0,0
2364,Pillar Head Pixel Art,7,Decoration,1,0.0,0.0,0.0,0,0,,,9,3,0,0,0,0,0,0,0,0,0
2365,Pixel Art 265,7,Decoration,1,0.0,0.0,0.0,0,0,,,9,3,0,0,0,0,0,0,0,0,0
2366,Pixel Art 266,7,Decoration,1,0.0,0.0,0.0,0,0,,,9,3,0,0,0,0,0,0,0,0,0
2367,Pixel Art 267,7,Decoration,1,0.0,0.0,0.0,0,0,,,9,3,0,0,0,0,0,0,0,0,0
2368,Pixel Art 268,7,Decoration,1,0.0,0.0,0.0,0,0,,,9,3,0,0,0,0,0,0,0,0,0
2369,Pixel Art 269,7,Decoration,1,0.0,0.0,0.0,0,0,,,9,3,0,0,0,0,0,0,0,0,0
2370,Pixel Art 270,7,Decoration,1,0.0,0.0,0.0,0,0,,,9,3,0,0,0,0,0,0,0,0,0
2371,Pixel Art 271,7,Decoration,1,0.0,0.0,0.0,0,0,,,9,3,0,0,0,0,0,0,0,0,0
2372,Pixel Art 272,7,Decoration,1,0.0,0.0,0.0,0,0,,,9,3,0,0,0,0,0,0,0,0,0
2373,Pixel Art 273,7,Decoration,1,0.0,0.0,0.0,0,0,,,9,3,0,0,0,0,0,0,0,0,0
2374,Pixel Art 274,7,Decoration,1,0.0,0.0,0.0,0,0,,,9,3,0,0,0,0,0,0,0,0,0
2375,Pixel Art 275,7,Decoration,1,0.0,0.0,0.0,0,0,,,9,3,0,0,0,0,0,0,0,0,0
2376,Pixel Art 276,7,Decoration,1,0.0,0.0,0.0,0,0,,,9,3,0,0,0,0,0,0,0,0,0
2377,Pixel Art 277,7,Decoration,1,0.0,0.0,0.0,0,0,,,9,3,0,0,0,0,0,0,0,0,0
2378,Pixel Art 278,7,Decoration,1,0.0,0.0,0.0,0,0,,,9,3,0,0,0,0,0,0,0,0,0
2379,Pixel Art 279,7,Decoration,1,0.0,0.0,0.0,0,0,,,9,3,0,0,0,0,0,0,0,0,0
2380,Pixel Art 280,7,Decoration,1,0.0,0.0,0.0,0,0,,,9,3,0,0,0,0,0,0,0,0,0
2381,Pixel Art 281,7,Decoration,1,0.0,0.0,0.0,0,0,,,9,3,0,0,0,0,0,0,0,0,0
2382,Pixel Art 282,7,Decoration,1,0.0,0.0,0.0,0,0,,,9,3,0,0,0,0,0,0,0,0,0
2383,Pixel Art 283,7,Decoration,1,0.0,0.0,0.0,0,0,,,9,3,0,0,0,0,0,0,0,0,0
2384,Pixel Art 284,7,Decoration,1,0.0,0.0,0.0,0,0,,,9,3,0,0,0,0,0,0,0,0,0
2385,Pixel Art 285,7,Decoration,1,0.0,0.0,0.0,0,0,,,9,3,0,0,0,0,0,0,0,0,0
2386,Pixel Art 286,7,Decoration,1,0.0,0.0,0.0,0,0,,,9,3,0,0,0,0,0,0,0,0,0
2387,Slightly Submerged Creature Pixel Art,7,Decoration,1,0.0,0.0,0.0,0,0,,,9,3,0,0,0,0,0,0,0,0,0
2388,Slightly Submerged Creature 2 Pixel Art,7,Decoration,1,0.0,0.0,0.0,0,0,,,9,3,0,0,0,0,0,0,0,0,0
2389,Pixel Art 289,7,Decoration,1,0.0,0.0,0.0,0,0,,,9,3,0,0,0,0,0,0,0,0,0
2390,Pixel Art 290,7,Decoration,1,0.0,0.0,0.0,0,0,,,9,3,0,0,0,0,0,0,0,0,0
2391,Pixel Art 291,7,Decoration,1,0.0,0.0,0.0,0,0,,,9,3,0,0,0,0,0,0,0,0,0
2392,Pixel Art 292,7,Decoration,1,0.0,0.0,0.0,0,0,,,9,3,0,0,0,0,0,0,0,0,0
2393,Pixel Art 293,7,Decoration,1,0.0,0.0,0.0,0,0,,,9,3,0,0,0,0,0,0,0,0,0
2394,Pixel Art 294,7,Decoration,1,0.0,0.0,0.0,0,0,,,9,3,0,0,0,0,0,0,0,0,0
2395,Pixel Art 295,7,Decoration,1,0.0,0.0,0.0,0,0,,,9,3,0,0,0,0,0,0,0,0,0
2396,Pixel Art 296,7,Decoration,1,0.0,0.0,0.0,0,0,,,9,3,0,0,0,0,0,0,0,0,0
2397,Pixel Art 297,7,Decoration,1,0.0,0.0,0.0,0,0,,,9,3,0,0,0,0,0,0,0,0,0
2398,Pixel Art 298,7,Decoration,1,0.0,0.0,0.0,0,0,,,9,3,0,0,0,0,0,0,0,0,0
2399,Pixel Art 299,7,Decoration,1,0.0,0.0,0.0,0,0,,,9,3,0,0,0,0,0,0,0,0,0
2400,Pixel Art 300,7,Decoration,1,0.0,0.0,0.0,0,0,,,9,3,0,0,0,0,0,0,0,0,0
2401,Pixel Art 301,7,Decoration,1,0.0,0.0,0.0,0,0,,,9,3,0,0,0,0,0,0,0,0,0
2402,Pixel Art 302,7,Decoration,1,0.0,0.0,0.0,0,0,,,9,3,0,0,0,0,0,0,0,0,0
2403,Pixel Art 303,7,Decoration,1,0.0,0.0,0.0,0,0,,,9,3,0,0,0,0,0,0,0,0,0
2404,Pixel Art 304,7,Decoration,1,0.0,0.0,0.0,0,0,,,9,3,0,0,0,0,0,0,0,0,0
2405,Pixel Art 305,7,Decoration,1,0.0,0.0,0.0,0,0,,,9,3,0,0,0,0,0,0,0,0,0
2406,Pixel Art 306,7,Decoration,1,0.0,0.0,0.0,0,0,,,9,3,0,0,0,0,0,0,0,0,0
2407,Pixel Art 307,7,Decoration,1,0.0,0.0,0.0,0,0,,,9,3,0,0,0,0,0,0,0,0,0
2408,Small Mushroom Pixel Art,7,Decoration,1,0.0,0.0,0.0,0,0,,,9,3,0,0,0,0,0,0,0,0,0
2409,Small Mushroom 2 Pixel Art,7,Decoration,1,0.0,0.0,0.0,0,0,,,9,3,0,0,0,0,0,0,0,0,0
2410,Small Mushroom 3 Pixel Art,7,Decoration,1,0.0,0.0,0.0,0,0,,,9,3,0,0,0,0,0,0,0,0,0
2411,Pixel Art 311,7,Decoration,1,0.0,0.0,0.0,0,0,,,9,3,0,0,0,0,0,0,0,0,0
2412,Pixel Art 312,7,Decoration,1,0.0,0.0,0.0,0,0,,,9,3,0,0,0,0,0,0,0,0,0
2413,Pixel Art 313,7,Decoration,1,0.0,0.0,0.0,0,0,,,9,3,0,0,0,0,0,0,0,0,0
2414,Pixel Art 314,7,Decoration,1,0.0,0.0,0.0,0,0,,,9,3,0,0,0,0,0,0,0,0,0
2415,Pixel Art 315,7,Decoration,1,0.0,0.0,0.0,0,0,,,9,3,0,0,0,0,0,0,0,0,0
2416,Wooden Crate Pixel Art,7,Decoration,1,0.0,0.0,0.0,0,0,,,9,3,0,0,0,0,0,0,0,0,0
2417,Wooden Crate Pixel Art,7,Decoration,1,0.0,0.0,0.0,0,0,,,9,3,0,0,0,0,0,0,0,0,0
2418,Wooden Crate Pixel Art,7,Decoration,1,0.0,0.0,0.0,0,0,,,9,3,0,0,0,0,0,0,0,0,0
2419,Pixel Art 319,7,Decoration,1,0.0,0.0,0.0,0,0,,,9,3,0,0,0,0,0,0,0,0,0
2420,Pixel Art 320,7,Decoration,1,0.0,0.0,0.0,0,0,,,9,3,0,0,0,0,0,0,0,0,0
2421,Pixel Art 321,7,Decoration,1,0.0,0.0,0.0,0,0,,,9,3,0,0,0,0,0,0,0,0,0
2422,Pixel Art 322,7,Decoration,1,0.0,0.0,0.0,0,0,,,9,3,0,0,0,0,0,0,0,0,0
2423,Pixel Art 323,7,Decoration,1,0.0,0.0,0.0,0,0,,,9,3,0,0,0,0,0,0,0,0,0
2424,Pixel Art 324,7,Decoration,1,0.0,0.0,0.0,0,0,,,9,3,0,0,0,0,0,0,0,0,0
2425,Pixel Art 325,7,Decoration,1,0.0,0.0,0.0,0,0,,,9,3,0,0,0,0,0,0,0,0,0
2426,Pixel Art 326,7,Decoration,1,0.0,0.0,0.0,0,0,,,9,3,0,0,0,0,0,0,0,0,0
2427,Pixel Art 327,7,Decoration,1,0.0,0.0,0.0,0,0,,,9,3,0,0,0,0,0,0,0,0,0
2428,Pixel Art 328,7,Decoration,1,0.0,0.0,0.0,0,0,,,9,3,0,0,0,0,0,0,0,0,0
2429,Pixel Art 329,7,Decoration,1,0.0,0.0,0.0,0,0,,,9,3,0,0,0,0,0,0,0,0,0
2430,Pixel Art 330,7,Decoration,1,0.0,0.0,0.0,0,0,,,9,3,0,0,0,0,0,0,0,0,0
2431,Pixel Art 331,7,Decoration,1,0.0,0.0,0.0,0,0,,,9,3,0,0,0,0,0,0,0,0,0
2432,Pixel Art 332,7,Decoration,1,0.0,0.0,0.0,0,0,,,9,3,0,0,0,0,0,0,0,0,0
2433,Pixel Art 333,7,Decoration,1,0.0,0.0,0.0,0,0,,,9,3,0,0,0,0,0,0,0,0,0
2434,Pixel Art 334,7,Decoration,1,0.0,0.0,0.0,0,0,,,9,3,0,0,0,0,0,0,0,0,0
2435,Pixel Art 335,7,Decoration,1,0.0,0.0,0.0,0,0,,,9,3,0,0,0,0,0,0,0,0,0
2436,Pixel Art 336,7,Decoration,1,0.0,0.0,0.0,0,0,,,9,3,0,0,0,0,0,0,0,0,0
2437,Pixel Art 337,7,Decoration,1,0.0,0.0,0.0,0,0,,,9,3,0,0,0,0,0,0,0,0,0
2438,Pixel Art 338,7,Decoration,1,0.0,0.0,0.0,0,0,,,9,3,0,0,0,0,0,0,0,0,0
2439,Pixel Art 339,7,Decoration,1,0.0,0.0,0.0,0,0,,,9,3,0,0,0,0,0,0,0,0,0
2440,Pixel Art 340,7,Decoration,1,0.0,0.0,0.0,0,0,,,9,3,0,0,0,0,0,0,0,0,0
2441,Pixel Art 341,7,Decoration,1,0.0,0.0,0.0,0,0,,,9,3,0,0,0,0,0,0,0,0,0
2442,Pixel Art 342,7,Decoration,1,0.0,0.0,0.0,0,0,,,9,3,0,0,0,0,0,0,0,0,0
2443,Pixel Art 343,7,Decoration,1,0.0,0.0,0.0,0,0,,,9,3,0,0,0,0,0,0,0,0,0
2444,Pixel Art 344,7,Decoration,1,0.0,0.0,0.0,0,0,,,9,3,0,0,0,0,0,0,0,0,0
2445,Pixel Art 345,7,Decoration,1,0.0,0.0,0.0,0,0,,,9,3,0,0,0,0,0,0,0,0,0
2446,Pixel Art 346,7,Decoration,1,0.0,0.0,0.0,0,0,,,9,3,0,0,0,0,0,0,0,0,0
2447,Pixel Art 347,7,Decoration,1,0.0,0.0,0.0,0,0,,,9,3,0,0,0,0,0,0,0,0,0
2448,Pixel Art 348,7,Decoration,1,0.0,0.0,0.0,0,0,,,9,3,0,0,0,0,0,0,0,0,0
2449,Pixel Art 349,7,Decoration,1,0.0,0.0,0.0,0,0,,,9,3,0,0,0,0,0,0,0,0,0
2450,Pixel Art 350,7,Decoration,1,0.0,0.0,0.0,0,0,,,9,3,0,0,0,0,0,0,0,0,0
2451,Pixel Art 351,7,Decoration,1,0.0,0.0,0.0,0,0,,,9,3,0,0,0,0,0,0,0,0,0
2452,Pixel Art 352,7,Decoration,1,0.0,0.0,0.0,0,0,,,9,3,0,0,0,0,0,0,0,0,0
2453,Pixel Art 353,7,Decoration,1,0.0,0.0,0.0,0,0,,,9,3,0,0,0,0,0,0,0,0,0
2454,Pixel Art 354,7,Decoration,1,0.0,0.0,0.0,0,0,,,9,3,0,0,0,0,0,0,0,0,0
2455,Pixel Art 355,7,Decoration,1,0.0,0.0,0.0,0,0,,,9,3,0,0,0,0,0,0,0,0,0
2456,Pixel Art 356,7,Decoration,1,0.0,0.0,0.0,0,0,,,9,3,0,0,0,0,0,0,0,0,0
2457,Pixel Art 357,7,Decoration,1,0.0,0.0,0.0,0,0,,,9,3,0,0,0,0,0,0,0,0,0
2458,Pixel Art 358,7,Decoration,1,0.0,0.0,0.0,0,0,,,9,3,0,0,0,0,0,0,0,0,0
2459,Pixel Art 359,7,Decoration,1,0.0,0.0,0.0,0,0,,,9,3,0,0,0,0,0,0,0,0,0
2460,Pixel Art 360,7,Decoration,1,0.0,0.0,0.0,0,0,,,9,3,0,0,0,0,0,0,0,0,0
2461,Pixel Art 361,7,Decoration,1,0.0,0.0,0.0,0,0,,,9,3,0,0,0,0,0,0,0,0,0
2462,Pixel Art 362,7,Decoration,1,0.0,0.0,0.0,0,0,,,9,3,0,0,0,0,0,0,0,0,0
2463,Pixel Art 363,7,Decoration,1,0.0,0.0,0.0,0,0,,,9,3,0,0,0,0,0,0,0,0,0
2464,Pixel Art 364,7,Decoration,1,0.0,0.0,0.0,0,0,,,9,3,0,0,0,0,0,0,0,0,0
2465,Pixel Art 365,7,Decoration,1,0.0,0.0,0.0,0,0,,,9,3,0,0,0,0,0,0,0,0,0
2466,Pixel Art 366,7,Decoration,1,0.0,0.0,0.0,0,0,,,9,3,0,0,0,0,0,0,0,0,0
2467,Pixel Art 367,7,Decoration,1,0.0,0.0,0.0,0,0,,,9,3,0,0,0,0,0,0,0,0,0
2468,Pixel Art 368,7,Decoration,1,0.0,0.0,0.0,0,0,,,9,3,0,0,0,0,0,0,0,0,0
2469,Pixel Art 369,7,Decoration,1,0.0,0.0,0.0,0,0,,,9,3,0,0,0,0,0,0,0,0,0
2470,Pixel Art 370,7,Decoration,1,0.0,0.0,0.0,0,0,,,9,3,0,0,0,0,0,0,0,0,0
2471,Pixel Art 371,7,Decoration,1,0.0,0.0,0.0,0,0,,,9,3,0,0,0,0,0,0,0,0,0
2472,Pixel Art 372,7,Decoration,1,0.0,0.0,0.0,0,0,,,9,3,0,0,0,0,0,0,0,0,0
2473,Pixel Art 373,7,Decoration,1,0.0,0.0,0.0,0,0,,,9,3,0,0,0,0,0,0,0,0,0
2474,Pixel Art 374,7,Decoration,1,0.0,0.0,0.0,0,0,,,9,3,0,0,0,0,0,0,0,0,0
2475,Pixel Art 375,7,Decoration,1,0.0,0.0,0.0,0,0,,,9,3,0,0,0,0,0,0,0,0,0
2476,Pixel Art 376,7,Decoration,1,0.0,0.0,0.0,0,0,,,9,3,0,0,0,0,0,0,0,0,0
2477,Pixel Art 377,7,Decoration,1,0.0,0.0,0.0,0,0,,,9,3,0,0,0,0,0,0,0,0,0
2478,Pixel Art 378,7,Decoration,1,0.0,0.0,0.0,0,0,,,9,3,0,0,0,0,0,0,0,0,0
2479,Pixel Art 379,7,Decoration,1,0.0,0.0,0.0,0,0,,,9,3,0,0,0,0,0,0,0,0,0
2480,Pixel Art 380,7,Decoration,1,0.0,0.0,0.0,0,0,,,9,3,0,0,0,0,0,0,0,0,0
2481,Pixel Art 381,7,Decoration,1,0.0,0.0,0.0,0,0,,,9,3,0,0,0,0,0,0,0,0,0
2482,Pixel Art 382,7,Decoration,1,0.0,0.0,0.0,0,0,,,9,3,0,0,0,0,0,0,0,0,0
2483,Pixel Art 383,7,Decoration,1,0.0,0.0,0.0,0,0,,,9,3,0,0,0,0,0,0,0,0,0
2484,Pixel Art 384,7,Decoration,1,0.0,0.0,0.0,0,0,,,9,3,0,0,0,0,0,0,0,0,0
2485,Pixel Art 385,7,Decoration,1,0.0,0.0,0.0,0,0,,,9,3,0,0,0,0,0,0,0,0,0
2486,Pixel Art 386,7,Decoration,1,0.0,0.0,0.0,0,0,,,9,3,0,0,0,0,0,0,0,0,0
2487,Pixel Art 387,7,Decoration,1,0.0,0.0,0.0,0,0,,,9,3,0,0,0,0,0,0,0,0,0
2488,Pixel Art 388,7,Decoration,1,0.0,0.0,0.0,0,0,,,9,3,0,0,0,0,0,0,0,0,0
2489,Pixel Art 389,7,Decoration,1,0.0,0.0,0.0,0,0,,,9,3,0,0,0,0,0,0,0,0,0
2490,Pixel Art 390,7,Decoration,1,0.0,0.0,0.0,0,0,,,9,3,0,0,0,0,0,0,0,0,0
2491,Pixel Art 391,7,Decoration,1,0.0,0.0,0.0,0,0,,,9,3,0,0,0,0,0,0,0,0,0
2492,Pixel Art 392,7,Decoration,1,0.0,0.0,0.0,0,0,,,9,3,0,0,0,0,0,0,0,0,0
2493,Pixel Art 393,7,Decoration,1,0.0,0.0,0.0,0,0,,,9,3,0,0,0,0,0,0,0,0,0
2494,Pixel Art 394,7,Decoration,1,0.0,0.0,0.0,0,0,,,9,3,0,0,0,0,0,0,0,0,0
2495,Pixel Art 395,7,Decoration,1,0.0,0.0,0.0,0,0,,,9,3,0,0,0,0,0,0,0,0,0
2496,Pixel Art 396,7,Decoration,1,0.0,0.0,0.0,0,0,,,9,3,0,0,0,0,0,0,0,0,0
2497,Pixel Art 397,7,Decoration,1,0.0,0.0,0.0,0,0,,,9,3,0,0,0,0,0,0,0,0,0
2498,Pixel Art 398,7,Decoration,1,0.0,0.0,0.0,0,0,,,9,3,0,0,0,0,0,0,0,0,0
2499,Pixel Art 399,7,Decoration,1,0.0,0.0,0.0,0,0,,,9,3,0,0,0,0,0,0,0,0,0
2500,Pixel Art 400,7,Decoration,1,0.0,0.0,0.0,0,0,,,9,3,0,0,0,0,0,0,0,0,0
2501,Pixel Art 401,7,Decoration,1,0.0,0.0,0.0,0,0,,,9,3,0,0,0,0,0,0,0,0,0
2502,Pixel Art 402,7,Decoration,1,0.0,0.0,0.0,0,0,,,9,3,0,0,0,0,0,0,0,0,0
2503,Pixel Art 403,7,Decoration,1,0.0,0.0,0.0,0,0,,,9,3,0,0,0,0,0,0,0,0,0
2504,Pixel Art 404,7,Decoration,1,0.0,0.0,0.0,0,0,,,9,3,0,0,0,0,0,0,0,0,0
2505,Pixel Art 405,7,Decoration,1,0.0,0.0,0.0,0,0,,,9,3,0,0,0,0,0,0,0,0,0
2506,Pixel Art 406,7,Decoration,1,0.0,0.0,0.0,0,0,,,9,3,0,0,0,0,0,0,0,0,0
2507,Pixel Art 407,7,Decoration,1,0.0,0.0,0.0,0,0,,,9,3,0,0,0,0,0,0,0,0,0
2508,Pixel Art 408,7,Decoration,1,0.0,0.0,0.0,0,0,,,9,3,0,0,0,0,0,0,0,0,0
2509,Pixel Art 409,7,Decoration,1,0.0,0.0,0.0,0,0,,,9,3,0,0,0,0,0,0,0,0,0
2510,Pixel Art 410,7,Decoration,1,0.0,0.0,0.0,0,0,,,9,3,0,0,0,0,0,0,0,0,0
2511,Pixel Art 411,7,Decoration,1,0.0,0.0,0.0,0,0,,,9,3,0,0,0,0,0,0,0,0,0
2512,Pixel Art 412,7,Decoration,1,0.0,0.0,0.0,0,0,,,9,3,0,0,0,0,0,0,0,0,0
2513,Pixel Art 413,7,Decoration,1,0.0,0.0,0.0,0,0,,,9,3,0,0,0,0,0,0,0,0,0
2514,Pixel Art 414,7,Decoration,1,0.0,0.0,0.0,0,0,,,9,3,0,0,0,0,0,0,0,0,0
2515,Pixel Art 415,7,Decoration,1,0.0,0.0,0.0,0,0,,,9,3,0,0,0,0,0,0,0,0,0
2516,Pixel Art 416,7,Decoration,1,0.0,0.0,0.0,0,0,,,9,3,0,0,0,0,0,0,0,0,0
2517,Pixel Art 417,7,Decoration,1,0.0,0.0,0.0,0,0,,,9,3,0,0,0,0,0,0,0,0,0
2518,Pixel Art 418,7,Decoration,1,0.0,0.0,0.0,0,0,,,9,3,0,0,0,0,0,0,0,0,0
2519,Pixel Art 419,7,Decoration,1,0.0,0.0,0.0,0,0,,,9,3,0,0,0,0,0,0,0,0,0
2520,Pixel Art 420,7,Decoration,1,0.0,0.0,0.0,0,0,,,9,3,0,0,0,0,0,0,0,0,0
2521,Pixel Art 421,7,Decoration,1,0.0,0.0,0.0,0,0,,,9,3,0,0,0,0,0,0,0,0,0
2522,Pixel Art 422,7,Decoration,1,0.0,0.0,0.0,0,0,,,9,3,0,0,0,0,0,0,0,0,0
2523,Pixel Art 423,7,Decoration,1,0.0,0.0,0.0,0,0,,,9,3,0,0,0,0,0,0,0,0,0
2524,Pixel Art 424,7,Decoration,1,0.0,0.0,0.0,0,0,,,9,3,0,0,0,0,0,0,0,0,0
2525,Pixel Art 425,7,Decoration,1,0.0,0.0,0.0,0,0,,,9,3,0,0,0,0,0,0,0,0,0
2526,Pixel Art 426,7,Decoration,1,0.0,0.0,0.0,0,0,,,9,3,0,0,0,0,0,0,0,0,0
2527,Pixel Art 427,7,Decoration,1,0.0,0.0,0.0,0,0,,,9,3,0,0,0,0,0,0,0,0,0
2528,Pixel Art 428,7,Decoration,1,0.0,0.0,0.0,0,0,,,9,3,0,0,0,0,0,0,0,0,0
2529,Pixel Art 429,7,Decoration,1,0.0,0.0,0.0,0,0,,,9,3,0,0,0,0,0,0,0,0,0
2530,Pixel Art 430,7,Decoration,1,0.0,0.0,0.0,0,0,,,9,3,0,0,0,0,0,0,0,0,0
2531,Pixel Art 431,7,Decoration,1,0.0,0.0,0.0,0,0,,,9,3,0,0,0,0,0,0,0,0,0
2532,Pixel Art 432,7,Decoration,1,0.0,0.0,0.0,0,0,,,9,3,0,0,0,0,0,0,0,0,0
2533,Pixel Art 433,7,Decoration,1,0.0,0.0,0.0,0,0,,,9,3,0,0,0,0,0,0,0,0,0
2534,Pixel Art 434,7,Decoration,1,0.0,0.0,0.0,0,0,,,9,3,0,0,0,0,0,0,0,0,0
2535,Pixel Art 435,7,Decoration,1,0.0,0.0,0.0,0,0,,,9,3,0,0,0,0,0,0,0,0,0
2536,Pixel Art 436,7,Decoration,1,0.0,0.0,0.0,0,0,,,9,3,0,0,0,0,0,0,0,0,0
2537,Pixel Art 437,7,Decoration,1,0.0,0.0,0.0,0,0,,,9,3,0,0,0,0,0,0,0,0,0
2538,Tripled Spike Pixel Art,7,Decoration,1,0.0,0.0,0.0,0,0,,,9,3,0,0,0,0,0,0,0,0,0
2539,Pixel Art 439,7,Decoration,1,0.0,0.0,0.0,0,0,,,9,3,0,0,0,0,0,0,0,0,0
2540,Pixel Art 440,7,Decoration,1,0.0,0.0,0.0,0,0,,,9,3,0,0,0,0,0,0,0,0,0
2541,Pixel Art 441,7,Decoration,1,0.0,0.0,0.0,0,0,,,9,3,0,0,0,0,0,0,0,0,0
2542,Pixel Art 442,7,Decoration,1,0.0,0.0,0.0,0,0,,,9,3,0,0,0,0,0,0,0,0,0
2543,Pixel Art 443,7,Decoration,1,0.0,0.0,0.0,0,0,,,9,3,0,0,0,0,0,0,0,0,0
2544,Pixel Art 444,7,Decoration,1,0.0,0.0,0.0,0,0,,,9,3,0,0,0,0,0,0,0,0,0
2545,Pixel Art 445,7,Decoration,1,0.0,0.0,0.0,0,0,,,9,3,0,0,0,0,0,0,0,0,0
2546,Pixel Art 446,7,Decoration,1,0.0,0.0,0.0,0,0,,,9,3,0,0,0,0,0,0,0,0,0
2547,Pixel Art 447,7,Decoration,1,0.0,0.0,0.0,0,0,,,9,3,0,0,0,0,0,0,0,0,0
2548,Pixel Art 448,7,Decoration,1,0.0,0.0,0.0,0,0,,,9,3,0,0,0,0,0,0,0,0,0
2549,Pixel Art 449,7,Decoration,1,0.0,0.0,0.0,0,0,,,9,3,0,0,0,0,0,0,0,0,0
2550,Pixel Art 450,7,Decoration,1,0.0,0.0,0.0,0,0,,,9,3,0,0,0,0,0,0,0,0,0
2551,Pixel Art 451,7,Decoration,1,0.0,0.0,0.0,0,0,,,9,3,0,0,0,0,0,0,0,0,0
2552,Pixel Art 452,7,Decoration,1,0.0,0.0,0.0,0,0,,,9,3,0,0,0,0,0,0,0,0,0
2553,Pixel Art 453,7,Decoration,1,0.0,0.0,0.0,0,0,,,9,3,0,0,0,0,0,0,0,0,0
2554,Pixel Art 454,7,Decoration,1,0.0,0.0,0.0,0,0,,,9,3,0,0,0,0,0,0,0,0,0
2555,Pixel Art 455,7,Decoration,1,0.0,0.0,0.0,0,0,,,9,3,0,0,0,0,0,0,0,0,0
2556,Pixel Art 456,7,Decoration,1,0.0,0.0,0.0,0,0,,,9,3,0,0,0,0,0,0,0,0,0
2557,Pixel Art 455,7,Decoration,1,0.0,0.0,0.0,0,0,,,9,3,0,0,0,0,0,0,0,0,0
2558,Pixel Art 458,7,Decoration,1,0.0,0.0,0.0,0,0,,,9,3,0,0,0,0,0,0,0,0,0
2559,Pixel Art 459,7,Decoration,1,0.0,0.0,0.0,0,0,,,9,3,0,0,0,0,0,0,0,0,0
2560,Pixel Art 460,7,Decoration,1,0.0,0.0,0.0,0,0,,,9,3,0,0,0,0,0,0,0,0,0
2561,Pixel Art 461,7,Decoration,1,0.0,0.0,0.0,0,0,,,9,3,0,0,0,0,0,0,0,0,0
2562,Pixel Art 462,7,Decoration,1,0.0,0.0,0.0,0,0,,,9,3,0,0,0,0,0,0,0,0,0
2563,Pixel Art 463,7,Decoration,1,0.0,0.0,0.0,0,0,,,9,3,0,0,0,0,0,0,0,0,0
2564,Pixel Art 464,7,Decoration,1,0.0,0.0,0.0,0,0,,,9,3,0,0,0,0,0,0,0,0,0
2565,Pixel Art 465,7,Decoration,1,0.0,0.0,0.0,0,0,,,9,3,0,0,0,0,0,0,0,0,0
2566,Pixel Art 466,7,Decoration,1,0.0,0.0,0.0,0,0,,,9,3,0,0,0,0,0,0,0,0,0
2567,Pixel Art 467,7,Decoration,1,0.0,0.0,0.0,0,0,,,9,3,0,0,0,0,0,0,0,0,0
2568,Pixel Art 468,7,Decoration,1,0.0,0.0,0.0,0,0,,,9,3,0,0,0,0,0,0,0,0,0
2569,Pixel Art 1042,7,Decoration,1,0.0,0.0,0.0,0,0,,,9,3,0,0,0,0,0,0,0,0,0
2570,Pixel Art 470,7,Decoration,1,0.0,0.0,0.0,0,0,,,9,3,0,0,0,0,0,0,0,0,0
2571,Pixel Art 471,7,Decoration,1,0.0,0.0,0.0,0,0,,,9,3,0,0,0,0,0,0,0,0,0
2572,Pixel Art 472,7,Decoration,1,0.0,0.0,0.0,0,0,,,9,3,0,0,0,0,0,0,0,0,0
2573,Pixel Art 441,7,Decoration,1,0.0,0.0,0.0,0,0,,,9,3,0,0,0,0,0,0,0,0,0
2574,Pixel Art 474,7,Decoration,1,0.0,0.0,0.0,0,0,,,9,3,0,0,0,0,0,0,0,0,0
2575,Pixel Art 475,7,Decoration,1,0.0,0.0,0.0,0,0,,,9,3,0,0,0,0,0,0,0,0,0
2576,Pixel Art 476,7,Decoration,1,0.0,0.0,0.0,0,0,,,9,3,0,0,0,0,0,0,0,0,0
2577,Pixel Art 477,7,Decoration,1,0.0,0.0,0.0,0,0,,,9,3,0,0,0,0,0,0,0,0,0
2578,Pixel Art 478,7,Decoration,1,0.0,0.0,0.0,0,0,,,9,3,0,0,0,0,0,0,0,0,0
2579,Pixel Art 479,7,Decoration,1,0.0,0.0,0.0,0,0,,,9,3,0,0,0,0,0,0,0,0,0
2580,Pixel Art 480,7,Decoration,1,0.0,0.0,0.0,0,0,,,9,3,0,0,0,0,0,0,0,0,0
2581,Pixel Art 481,7,Decoration,1,0.0,0.0,0.0,0,0,,,9,3,0,0,0,0,0,0,0,0,0
2582,Pixel Art 482,7,Decoration,1,0.0,0.0,0.0,0,0,,,9,3,0,0,0,0,0,0,0,0,0
2583,Pixel Art 483,7,Decoration,1,0.0,0.0,0.0,0,0,,,9,3,0,0,0,0,0,0,0,0,0
2584,Pixel Art 484,7,Decoration,1,0.0,0.0,0.0,0,0,,,9,3,0,0,0,0,0,0,0,0,0
2585,Pixel Art 485,7,Decoration,1,0.0,0.0,0.0,0,0,,,9,3,0,0,0,0,0,0,0,0,0
2586,Pixel Art 486,7,Decoration,1,0.0,0.0,0.0,0,0,,,9,3,0,0,0,0,0,0,0,0,0
2587,Pixel Art 487,7,Decoration,1,0.0,0.0,0.0,0,0,,,9,3,0,0,0,0,0,0,0,0,0
2588,Pixel Art 488,7,Decoration,1,0.0,0.0,0.0,0,0,,,9,3,0,0,0,0,0,0,0,0,0
2589,Pixel Art 489,7,Decoration,1,0.0,0.0,0.0,0,0,,,9,3,0,0,0,0,0,0,0,0,0
2590,Pixel Art 490,7,Decoration,1,0.0,0.0,0.0,0,0,,,9,3,0,0,0,0,0,0,0,0,0
2591,Pixel Art 491,7,Decoration,1,0.0,0.0,0.0,0,0,,,9,3,0,0,0,0,0,0,0,0,0
2592,Pixel Art 492,7,Decoration,1,0.0,0.0,0.0,0,0,,,9,3,0,0,0,0,0,0,0,0,0
2593,Pixel Art 493,7,Decoration,1,0.0,0.0,0.0,0,0,,,9,3,0,0,0,0,0,0,0,0,0
2594,Pixel Art 494,7,Decoration,1,0.0,0.0,0.0,0,0,,,9,3,0,0,0,0,0,0,0,0,0
2595,Pixel Art 495,7,Decoration,1,0.0,0.0,0.0,0,0,,,9,3,0,0,0,0,0,0,0,0,0
2596,Pixel Art 496,7,Decoration,1,0.0,0.0,0.0,0,0,,,9,3,0,0,0,0,0,0,0,0,0
2597,Pixel Art 497,7,Decoration,1,0.0,0.0,0.0,0,0,,,9,3,0,0,0,0,0,0,0,0,0
2598,Tripled Spike Pixel Art 2,7,Decoration,1,0.0,0.0,0.0,0,0,,,9,3,0,0,0,0,0,0,0,0,0
2599,Pixel Art 499,7,Decoration,1,0.0,0.0,0.0,0,0,,,9,3,0,0,0,0,0,0,0,0,0
2600,Pixel Art 500,7,Decoration,1,0.0,0.0,0.0,0,0,,,9,3,0,0,0,0,0,0,0,0,0
2601,Pixel Art 501,7,Decoration,1,0.0,0.0,0.0,0,0,,,9,3,0,0,0,0,0,0,0,0,0
2602,Pixel Art 502,7,Decoration,1,0.0,0.0,0.0,0,0,,,9,3,0,0,0,0,0,0,0,0,0
2603,Pixel Art 503,7,Decoration,1,0.0,0.0,0.0,0,0,,,9,3,0,0,0,0,0,0,0,0,0
2604,Pixel Art 504,7,Decoration,1,0.0,0.0,0.0,0,0,,,9,3,0,0,0,0,0,0,0,0,0
2605,Pixel Art 505,0,Solid,0,0.0,0.0,0.0,0,0,,,0,5,0,0,0,0,0,0,1,0,0
2606,Pixel Art 506,7,Decoration,1,0.0,0.0,0.0,0,0,,,9,3,0,0,0,0,0,0,0,0,0
2607,Pixel Art 507,7,Decoration,1,0.0,0.0,0.0,0,0,,,9,3,0,0,0,0,0,0,0,0,0
2608,Pixel Art 508,7,Decoration,1,0.0,0.0,0.0,0,0,,,9,3,0,0,0,0,0,0,0,0,0
2609,Pixel Art 509,7,Decoration,1,0.0,0.0,0.0,0,0,,,9,3,0,0,0,0,0,0,0,0,0
2610,Pixel Art 510,7,Decoration,1,0.0,0.0,0.0,0,0,,,9,3,0,0,0,0,0,0,0,0,0
2611,Pixel Art 511,7,Decoration,1,0.0,0.0,0.0,0,0,,,9,3,0,0,0,0,0,0,0,0,0
2612,Pixel Art 512,7,Decoration,1,0.0,0.0,0.0,0,0,,,9,3,0,0,0,0,0,0,0,0,0
2613,Pixel Art 513,7,Decoration,1,0.0,0.0,0.0,0,0,,,9,3,0,0,0,0,0,0,0,0,0
2614,Pixel Art 514,7,Decoration,1,0.0,0.0,0.0,0,0,,,9,3,0,0,0,0,0,0,0,0,0
2615,Pixel Art 515,7,Decoration,1,0.0,0.0,0.0,0,0,,,9,3,0,0,0,0,0,0,0,0,0
2616,Pixel Art 516,7,Decoration,1,0.0,0.0,0.0,0,0,,,9,3,0,0,0,0,0,0,0,0,0
2617,Pixel Art 517,7,Decoration,1,0.0,0.0,0.0,0,0,,,9,3,0,0,0,0,0,0,0,0,0
2618,Pixel Art 518,7,Decoration,1,0.0,0.0,0.0,0,0,,,9,3,0,0,0,0,0,0,0,0,0
2619,Spider Web Middle Pixel Art,7,Decoration,1,0.0,0.0,0.0,0,0,,,9,3,0,0,0,0,0,0,0,0,0
2620,Spider Web Corner Pixel Art,7,Decoration,1,0.0,0.0,0.0,0,0,,,9,3,0,0,0,0,0,0,0,0,0
2621,Spider Web Ripped Pixel Art,7,Decoration,1,0.0,0.0,0.0,0,0,,,9,3,0,0,0,0,0,0,0,0,0
2622,Pixel Art 522,7,Decoration,1,0.0,0.0,0.0,0,0,,,9,3,0,0,0,0,0,0,0,0,0
2623,Pixel Art 523,7,Decoration,1,0.0,0.0,0.0,0,0,,,9,3,0,0,0,0,0,0,0,0,0
2624,Pixel Art 524,7,Decoration,1,0.0,0.0,0.0,0,0,,,9,3,0,0,0,0,0,0,0,0,0
2625,Pixel Art 525,7,Decoration,1,0.0,0.0,0.0,0,0,,,9,3,0,0,0,0,0,0,0,0,0
2626,Pixel Art 526,7,Decoration,1,0.0,0.0,0.0,0,0,,,9,3,0,0,0,0,0,0,0,0,0
2627,Pixel Art 527,7,Decoration,1,0.0,0.0,0.0,0,0,,,9,3,0,0,0,0,0,0,0,0,0
2628,Pixel Art 528,7,Decoration,1,0.0,0.0,0.0,0,0,,,9,3,0,0,0,0,0,0,0,0,0
2629,Large Animated Fire Pixel Art,0,Solid,0,0.0,0.0,0.0,0,0,,,0,5,0,0,0,0,0,0,1,0,0
2630,Tiny Animated Fire Pixel Art,0,Solid,0,0.0,0.0,0.0,0,0,,,0,5,0,0,0,0,0,0,1,0,0
2631,Pixel Art 531,7,Decoration,1,0.0,0.0,0.0,0,0,,,9,3,0,0,0,0,0,0,0,0,0
2632,Pixel Art 532,7,Decoration,1,0.0,0.0,0.0,0,0,,,9,3,0,0,0,0,0,0,0,0,0
2633,Pixel Art 533,7,Decoration,1,0.0,0.0,0.0,0,0,,,9,3,0,0,0,0,0,0,0,0,0
2634,Pixel Art 534,7,Decoration,1,0.0,0.0,0.0,0,0,,,9,3,0,0,0,0,0,0,0,0,0
2635,Pixel Art 535,7,Decoration,1,0.0,0.0,0.0,0,0,,,9,3,0,0,0,0,0,0,0,0,0
2636,Pixel Art 536,7,Decoration,1,0.0,0.0,0.0,0,0,,,9,3,0,0,0,0,0,0,0,0,0
2637,Pixel Art 537,7,Decoration,1,0.0,0.0,0.0,0,0,,,9,3,0,0,0,0,0,0,0,0,0
2638,Pixel Art 538,7,Decoration,1,0.0,0.0,0.0,0,0,,,9,3,0,0,0,0,0,0,0,0,0
2639,Pixel Art 539,7,Decoration,1,0.0,0.0,0.0,0,0,,,9,3,0,0,0,0,0,0,0,0,0
2640,Pixel Art 540,7,Decoration,1,0.0,0.0,0.0,0,0,,,9,3,0,0,0,0,0,0,0,0,0
2641,Pixel Art 541,7,Decoration,1,0.0,0.0,0.0,0,0,,,9,3,0,0,0,0,0,0,0,0,0
2642,Pixel Art 542,7,Decoration,1,0.0,0.0,0.0,0,0,,,9,3,0,0,0,0,0,0,0,0,0
2643,Pixel Art 543,7,Decoration,1,0.0,0.0,0.0,0,0,,,9,3,0,0,0,0,0,0,0,0,0
2644,Pixel Art 544,7,Decoration,1,0.0,0.0,0.0,0,0,,,9,3,0,0,0,0,0,0,0,0,0
2645,Pixel Art 545,7,Decoration,1,0.0,0.0,0.0,0,0,,,9,3,0,0,0,0,0,0,0,0,0
2646,Pixel Art 546,7,Decoration,1,0.0,0.0,0.0,0,0,,,9,3,0,0,0,0,0,0,0,0,0
2647,Pixel Art 547,7,Decoration,1,0.0,0.0,0.0,0,0,,,9,3,0,0,0,0,0,0,0,0,0
2648,Pixel Art 548,7,Decoration,1,0.0,0.0,0.0,0,0,,,9,3,0,0,0,0,0,0,0,0,0
2649,Pixel Art 549,7,Decoration,1,0.0,0.0,0.0,0,0,,,9,3,0,0,0,0,0,0,0,0,0
2650,Pixel Art 543,7,Decoration,1,0.0,0.0,0.0,0,0,,,9,3,0,0,0,0,0,0,0,0,0
2651,Pixel Art 551,7,Decoration,1,0.0,0.0,0.0,0,0,,,9,3,0,0,0,0,0,0,0,0,0
2652,Pixel Art 552,7,Decoration,1,0.0,0.0,0.0,0,0,,,9,3,0,0,0,0,0,0,0,0,0
2653,Pixel Art 539,7,Decoration,1,0.0,0.0,0.0,0,0,,,9,3,0,0,0,0,0,0,0,0,0
2654,Pixel Art 554,7,Decoration,1,0.0,0.0,0.0,0,0,,,9,3,0,0,0,0,0,0,0,0,0
2655,Pixel Art 555,7,Decoration,1,0.0,0.0,0.0,0,0,,,9,3,0,0,0,0,0,0,0,0,0
2656,Pixel Art 556,7,Decoration,1,0.0,0.0,0.0,0,0,,,9,3,0,0,0,0,0,0,0,0,0
2657,Pixel Art 557,7,Decoration,1,0.0,0.0,0.0,0,0,,,9,3,0,0,0,0,0,0,0,0,0
2658,Pixel Art 558,7,Decoration,1,0.0,0.0,0.0,0,0,,,9,3,0,0,0,0,0,0,0,0,0
2659,Pixel Art 559,7,Decoration,1,0.0,0.0,0.0,0,0,,,9,3,0,0,0,0,0,0,0,0,0
2660,Pixel Art 560,7,Decoration,1,0.0,0.0,0.0,0,0,,,9,3,0,0,0,0,0,0,0,0,0
2661,Pixel Art 561,7,Decoration,1,0.0,0.0,0.0,0,0,,,9,3,0,0,0,0,0,0,0,0,0
2662,Pixel Art 562,7,Decoration,1,0.0,0.0,0.0,0,0,,,9,3,0,0,0,0,0,0,0,0,0
2663,Pixel Art 563,7,Decoration,1,0.0,0.0,0.0,0,0,,,9,3,0,0,0,0,0,0,0,0,0
2664,Pixel Art 564,7,Decoration,1,0.0,0.0,0.0,0,0,,,9,3,0,0,0,0,0,0,0,0,0
2665,Pixel Art 565,7,Decoration,1,0.0,0.0,0.0,0,0,,,9,3,0,0,0,0,0,0,0,0,0
2666,Pixel Art 566,7,Decoration,1,0.0,0.0,0.0,0,0,,,9,3,0,0,0,0,0,0,0,0,0
2667,Pixel Art 567,7,Decoration,1,0.0,0.0,0.0,0,0,,,9,3,0,0,0,0,0,0,0,0,0
2668,Pixel Art 568,7,Decoration,1,0.0,0.0,0.0,0,0,,,9,3,0,0,0,0,0,0,0,0,0
2669,Pixel Art 569,7,Decoration,1,0.0,0.0,0.0,0,0,,,9,3,0,0,0,0,0,0,0,0,0
2670,Pixel Art 570,7,Decoration,1,0.0,0.0,0.0,0,0,,,9,3,0,0,0,0,0,0,0,0,0
2671,Pixel Art 543,7,Decoration,1,0.0,0.0,0.0,0,0,,,9,3,0,0,0,0,0,0,0,0,0
2672,Pixel Art 572,7,Decoration,1,0.0,0.0,0.0,0,0,,,9,3,0,0,0,0,0,0,0,0,0
2673,Pixel Art 573,7,Decoration,1,0.0,0.0,0.0,0,0,,,9,3,0,0,0,0,0,0,0,0,0
2674,Pixel Art 548,7,Decoration,1,0.0,0.0,0.0,0,0,,,9,3,0,0,0,0,0,0,0,0,0
2675,Pixel Corner 1,7,Decoration,1,0.0,0.0,0.0,0,0,,,9,3,0,0,0,0,0,0,0,0,0
2676,Pixel Art 576,7,Decoration,1,0.0,0.0,0.0,0,0,,,9,3,0,0,0,0,0,0,0,0,0
2677,Pixel Art 543,7,Decoration,1,0.0,0.0,0.0,0,0,,,9,3,0,0,0,0,0,0,0,0,0
2678,Pixel Art 578,7,Decoration,1,0.0,0.0,0.0,0,0,,,9,3,0,0,0,0,0,0,0,0,0
2679,Pixel Art 579,7,Decoration,1,0.0,0.0,0.0,0,0,,,9,3,0,0,0,0,0,0,0,0,0
2680,Pixel Art 580,7,Decoration,1,0.0,0.0,0.0,0,0,,,9,3,0,0,0,0,0,0,0,0,0
2681,Pixel Art 581,7,Decoration,1,0.0,0.0,0.0,0,0,,,9,3,0,0,0,0,0,0,0,0,0
2682,Pixel Art 555,7,Decoration,1,0.0,0.0,0.0,0,0,,,9,3,0,0,0,0,0,0,0,0,0
2683,Pixel Art 583,7,Decoration,1,0.0,0.0,0.0,0,0,,,9,3,0,0,0,0,0,0,0,0,0
2684,Pixel Art 584,7,Decoration,1,0.0,0.0,0.0,0,0,,,9,3,0,0,0,0,0,0,0,0,0
2685,Pixel Art 585,7,Decoration,1,0.0,0.0,0.0,0,0,,,9,3,0,0,0,0,0,0,0,0,0
2686,Pixel Art 586,7,Decoration,1,0.0,0.0,0.0,0,0,,,9,3,0,0,0,0,0,0,0,0,0
2687,Pixel Art 587,7,Decoration,1,0.0,0.0,0.0,0,0,,,9,3,0,0,0,0,0,0,0,0,0
2688,Pixel Art 588,7,Decoration,1,0.0,0.0,0.0,0,0,,,10,3,0,0,0,0,0,0,0,0,0
2689,Pixel Art 589,7,Decoration,1,0.0,0.0,0.0,0,0,,,9,3,0,0,0,0,0,0,0,0,0
2690,Pixel Corner 2,7,Decoration,1,0.0,0.0,0.0,0,0,,,10,3,0,0,0,0,0,0,0,0,0
2691,Pixel Art 591,7,Decoration,1,0.0,0.0,0.0,0,0,,,9,3,0,0,0,0,0,0,0,0,0
2692,Pixel Art 592,7,Decoration,1,0.0,0.0,0.0,0,0,,,10,3,0,0,0,0,0,0,0,0,0
2693,Pixel Art 593,7,Decoration,1,0.0,0.0,0.0,0,0,,,9,3,0,0,0,0,0,0,0,0,0
2694,Pixel Art 594,0,Solid,0,0.0,0.0,0.0,0,0,,,0,5,0,0,0,0,0,0,1,0,0
2695,Pixel Art 1126,7,Decoration,1,0.0,0.0,0.0,0,0,,,9,3,0,0,0,0,0,0,0,0,0
2696,Pixel Art 596,7,Decoration,1,0.0,0.0,0.0,0,0,,,9,3,0,0,0,0,0,0,0,0,0
2697,Pixel Art 596,7,Decoration,1,0.0,0.0,0.0,0,0,,,9,3,0,0,0,0,0,0,0,0,0
2698,Pixel Art 598,7,Decoration,1,0.0,0.0,0.0,0,0,,,9,3,0,0,0,0,0,0,0,0,0
2699,Pixel Art 599,7,Decoration,1,0.0,0.0,0.0,0,0,,,9,3,0,0,0,0,0,0,0,0,0
2700,Pixel Art 600,7,Decoration,1,0.0,0.0,0.0,0,0,,,9,3,0,0,0,0,0,0,0,0,0
2701,,0,Solid,0,0.0,0.0,0.0,0,0,,,0,5,0,0,0,0,0,0,1,0,0
2702,,0,Solid,0,0.0,0.0,0.0,0,0,,,0,5,0,0,0,0,0,0,1,0,0
2703,Bubbly Liquid Block Base 1,7,Decoration,1,0.0,0.0,0.0,0,0,,,-5,1,0,0,0,0,0,0,0,0,0
2704,Bubbly Liquid Block Base 2,7,Decoration,1,0.0,0.0,0.0,0,0,,,-5,1,0,0,0,0,0,0,0,0,0
2705,,0,Solid,0,0.0,0.0,0.0,0,0,,,0,5,0,0,0,0,0,0,1,0,0
2706,,0,Solid,0,0.0,0.0,0.0,0,0,,,0,5,0,0,0,0,0,0,1,0,0
2707,,0,Solid,0,0.0,0.0,0.0,0,0,,,0,5,0,0,0,0,0,0,1,0,0
2708,Bubbly Liquid Block Top Edge Left 1 Dark,7,Decoration,1,0.0,0.0,0.0,0,0,,,-5,1,0,0,0,0,0,0,0,0,0
2709,Bubbly Liquid Block Top Edge Left 1 Outline,7,Decoration,1,0.0,0.0,0.0,0,0,,,-5,1,0,0,0,0,0,0,0,0,0
2710,Bubbly Liquid Block Top Edge Left 1 Light,7,Decoration,1,0.0,0.0,0.0,0,0,,,-5,1,0,0,0,0,0,0,0,0,0
2711,Bubbly Liquid Block Top Edge Left 2 Dark,7,Decoration,1,0.0,0.0,0.0,0,0,,,-5,1,0,0,0,0,0,0,0,0,0
2712,Bubbly Liquid Block Top Edge Left 2 Outline,7,Decoration,1,0.0,0.0,0.0,0,0,,,-5,1,0,0,0,0,0,0,0,0,0
2713,Bubbly Liquid Block Top Edge Left 2 Light,7,Decoration,1,0.0,0.0,0.0,0,0,,,-5,1,0,0,0,0,0,0,0,0,0
2714,Bubbly Liquid Block Top Edge Right 1 Dark,7,Decoration,1,0.0,0.0,0.0,0,0,,,-5,1,0,0,0,0,0,0,0,0,0
2715,Bubbly Liquid Block Top Edge Right 1 Outline,7,Decoration,1,0.0,0.0,0.0,0,0,,,-5,1,0,0,0,0,0,0,0,0,0
2716,Bubbly Liquid Block Top Edge Right 1 Light,7,Decoration,1,0.0,0.0,0.0,0,0,,,-5,1,0,0,0,0,0,0,0,0,0
2717,Bubbly Liquid Block Top Edge Right 2 Dark,7,Decoration,1,0.0,0.0,0.0,0,0,,,-5,1,0,0,0,0,0,0,0,0,0
2718,Bubbly Liquid Block Top Edge Right 2 Outline,7,Decoration,1,0.0,0.0,0.0,0,0,,,-5,1,0,0,0,0,0,0,0,0,0
2719,Bubbly Liquid Block Top Edge Right 2 Light,7,Decoration,1,0.0,0.0,0.0,0,0,,,-5,1,0,0,0,0,0,0,0,0,0
2720,Bubbly Liquid Block Top Edge Left 3 Dark,7,Decoration,1,0.0,0.0,0.0,0,0,,,-5,1,0,0,0,0,0,0,0,0,0
2721,Bubbly Liquid Block Top Edge Left 3 Outline,7,Decoration,1,0.0,0.0,0.0,0,0,,,-5,1,0,0,0,0,0,0,0,0,0
2722,Bubbly Liquid Block Top Edge Left 3 Light,7,Decoration,1,0.0,0.0,0.0,0,0,,,-5,1,0,0,0,0,0,0,0,0,0
2723,Bubbly Liquid Block Top Edge Left 4 Dark,7,Decoration,1,0.0,0.0,0.0,0,0,,,-5,1,0,0,0,0,0,0,0,0,0
2724,Bubbly Liquid Block Top Edge Left 4 Outline,7,Decoration,1,0.0,0.0,0.0,0,0,,,-5,1,0,0,0,0,0,0,0,0,0
2725,Bubbly Liquid Block Top Edge Left 4 Light,7,Decoration,1,0.0,0.0,0.0,0,0,,,-5,1,0,0,0,0,0,0,0,0,0
2726,Bubbly Liquid Block Top Edge Right 3 Dark,7,Decoration,1,0.0,0.0,0.0,0,0,,,-5,1,0,0,0,0,0,0,0,0,0
2727,Bubbly Liquid Block Top Edge Right 3 Outline,7,Decoration,1,0.0,0.0,0.0,0,0,,,-5,1,0,0,0,0,0,0,0,0,0
2728,Bubbly Liquid Block Top Edge Right 3 Light,7,Decoration,1,0.0,0.0,0.0,0,0,,,-5,1,0,0,0,0,0,0,0,0,0
2729,Bubbly Liquid Block Top Edge Right 4 Dark,7,Decoration,1,0.0,0.0,0.0,0,0,,,-5,1,0,0,0,0,0,0,0,0,0
2730,Bubbly Liquid Block Top Edge Right 4 Outline,7,Decoration,1,0.0,0.0,0.0,0,0,,,-5,1,0,0,0,0,0,0,0,0,0
2731,Bubbly Liquid Block Top Edge Right 4 Light,7,Decoration,1,0.0,0.0,0.0,0,0,,,-5,1,0,0,0,0,0,0,0,0,0
2732,Bubbly Liquid Block Right Edge Top 1 Textured,7,Decoration,1,0.0,0.0,0.0,0,0,,,-5,1,0,0,0,0,0,0,0,0,0
2733,Bubbly Liquid Block Right Edge Top 1 Outline,7,Decoration,1,0.0,0.0,0.0,0,0,,,-5,1,0,0,0,0,0,0,0,0,0
2734,Bubbly Liquid Block Right Edge Top 1 Light,7,Decoration,1,0.0,0.0,0.0,0,0,,,-5,1,0,0,0,0,0,0,0,0,0
2735,Bubbly Liquid Block Right Edge Top 2 Textured,7,Decoration,1,0.0,0.0,0.0,0,0,,,-5,1,0,0,0,0,0,0,0,0,0
2736,Bubbly Liquid Block Right Edge Top 2 Outline,7,Decoration,1,0.0,0.0,0.0,0,0,,,-5,1,0,0,0,0,0,0,0,0,0
2737,Bubbly Liquid Block Right Edge Top 2 Light,7,Decoration,1,0.0,0.0,0.0,0,0,,,-5,1,0,0,0,0,0,0,0,0,0
2738,Bubbly Liquid Block Right Edge Bottom 1 Textured,7,Decoration,1,0.0,0.0,0.0,0,0,,,-5,1,0,0,0,0,0,0,0,0,0
2739,Bubbly Liquid Block Right Edge Bottom 1 Outline,7,Decoration,1,0.0,0.0,0.0,0,0,,,-5,1,0,0,0,0,0,0,0,0,0
2740,Bubbly Liquid Block Right Edge Bottom 1 Light,7,Decoration,1,0.0,0.0,0.0,0,0,,,-5,1,0,0,0,0,0,0,0,0,0
2741,Bubbly Liquid Block Right Edge Bottom 2 Textured,7,Decoration,1,0.0,0.0,0.0,0,0,,,-5,1,0,0,0,0,0,0,0,0,0
2742,Bubbly Liquid Block Right Edge Bottom 2 Outline,7,Decoration,1,0.0,0.0,0.0,0,0,,,-5,1,0,0,0,0,0,0,0,0,0
2743,Bubbly Liquid Block Right Edge Bottom 2 Light,7,Decoration,1,0.0,0.0,0.0,0,0,,,-5,1,0,0,0,0,0,0,0,0,0
2744,Bubbly Liquid Block Bottom Edge Right 1 Textured,7,Decoration,1,0.0,0.0,0.0,0,0,,,-5,1,0,0,0,0,0,0,0,0,0
2745,Bubbly Liquid Block Bottom Edge Right 2 Textured,7,Decoration,1,0.0,0.0,0.0,0,0,,,-5,1,0,0,0,0,0,0,0,0,0
2746,Bubbly Liquid Block Bottom Edge Left 1 Textured,7,Decoration,1,0.0,0.0,0.0,0,0,,,-5,1,0,0,0,0,0,0,0,0,0
2747,Bubbly Liquid Block Bottom Edge Left 2 Textured,7,Decoration,1,0.0,0.0,0.0,0,0,,,-5,1,0,0,0,0,0,0,0,0,0
2748,Bubbly Liquid Block Bottom Edge Right 3 Textured,7,Decoration,1,0.0,0.0,0.0,0,0,,,-5,1,0,0,0,0,0,0,0,0,0
2749,Bubbly Liquid Block Bottom Edge Right 4 Textured,7,Decoration,1,0.0,0.0,0.0,0,0,,,-5,1,0,0,0,0,0,0,0,0,0
2750,Bubbly Liquid Block Bottom Edge Left 3 Textured,7,Decoration,1,0.0,0.0,0.0,0,0,,,-5,1,0,0,0,0,0,0,0,0,0
2751,Bubbly Liquid Block Bottom Edge Left 4 Textured,7,Decoration,1,0.0,0.0,0.0,0,0,,,-5,1,0,0,0,0,0,0,0,0,0
2752,Bubbly Liquid Block Left Edge Bottom 1 Textured,7,Decoration,1,0.0,0.0,0.0,0,0,,,-5,1,0,0,0,0,0,0,0,0,0
2753,Bubbly Liquid Block Left Edge Bottom 1 Outline,7,Decoration,1,0.0,0.0,0.0,0,0,,,-5,1,0,0,0,0,0,0,0,0,0
2754,Bubbly Liquid Block Left Edge Bottom 1 Light,7,Decoration,1,0.0,0.0,0.0,0,0,,,-5,1,0,0,0,0,0,0,0,0,0
2755,Bubbly Liquid Block Left Edge Bottom 2 Textured,7,Decoration,1,0.0,0.0,0.0,0,0,,,-5,1,0,0,0,0,0,0,0,0,0
2756,Bubbly Liquid Block Left Edge Bottom 2 Outline,7,Decoration,1,0.0,0.0,0.0,0,0,,,-5,1,0,0,0,0,0,0,0,0,0
2757,Bubbly Liquid Block Left Edge Bottom 2 Light,7,Decoration,1,0.0,0.0,0.0,0,0,,,-5,1,0,0,0,0,0,0,0,0,0
2758,Bubbly Liquid Block Left Edge Top 1 Textured,7,Decoration,1,0.0,0.0,0.0,0,0,,,-5,1,0,0,0,0,0,0,0,0,0
2759,Bubbly Liquid Block Left Edge Top 1 Outline,7,Decoration,1,0.0,0.0,0.0,0,0,,,-5,1,0,0,0,0,0,0,0,0,0
2760,Bubbly Liquid Block Left Edge Top 1 Light,7,Decoration,1,0.0,0.0,0.0,0,0,,,-5,1,0,0,0,0,0,0,0,0,0
2761,Bubbly Liquid Block Left Edge Top 2 Textured,7,Decoration,1,0.0,0.0,0.0,0,0,,,-5,1,0,0,0,0,0,0,0,0,0
2762,Bubbly Liquid Block Left Edge Top 2 Outline,7,Decoration,1,0.0,0.0,0.0,0,0,,,-5,1,0,0,0,0,0,0,0,0,0
2763,Bubbly Liquid Block Left Edge Top 2 Light,7,Decoration,1,0.0,0.0,0.0,0,0,,,-5,1,0,0,0,0,0,0,0,0,0
2764,Bubbly Liquid Block Top Edge Left 1 Textured,7,Decoration,1,0.0,0.0,0.0,0,0,,,-5,1,0,0,0,0,0,0,0,0,0
2765,Bubbly Liquid Block Top Edge Left 2 Textured,7,Decoration,1,0.0,0.0,0.0,0,0,,,-5,1,0,0,0,0,0,0,0,0,0
2766,Bubbly Liquid Block Top Edge Right 1 Textured,7,Decoration,1,0.0,0.0,0.0,0,0,,,-5,1,0,0,0,0,0,0,0,0,0
2767,Bubbly Liquid Block Top Edge Right 2 Textured,7,Decoration,1,0.0,0.0,0.0,0,0,,,-5,1,0,0,0,0,0,0,0,0,0
2768,Bubbly Liquid Block Top Edge Left 3 Textured,7,Decoration,1,0.0,0.0,0.0,0,0,,,-5,1,0,0,0,0,0,0,0,0,0
2769,Bubbly Liquid Block Top Edge Left 4 Textured,7,Decoration,1,0.0,0.0,0.0,0,0,,,-5,1,0,0,0,0,0,0,0,0,0
2770,Bubbly Liquid Block Top Edge Right 3 Textured,7,Decoration,1,0.0,0.0,0.0,0,0,,,-5,1,0,0,0,0,0,0,0,0,0
2771,,0,Solid,0,0.0,0.0,0.0,0,0,,,0,5,0,0,0,0,0,0,1,0,0
2772,,0,Solid,0,0.0,0.0,0.0,0,0,,,0,5,0,0,0,0,0,0,1,0,0
2773,Bubbly Liquid Block Top Edge Right 4 Textured,7,Decoration,1,0.0,0.0,0.0,0,0,,,-5,1,0,0,0,0,0,0,0,0,0
2774,,0,Solid,0,0.0,0.0,0.0,0,0,,,0,5,0,0,0,0,0,0,1,0,0
2775,,0,Solid,0,0.0,0.0,0.0,0,0,,,0,5,0,0,0,0,0,0,1,0,0
2776,Bubbly Liquid Block Right Edge Top 3 Textured,7,Decoration,1,0.0,0.0,0.0,0,0,,,-5,1,0,0,0,0,0,0,0,0,0
2777,Bubbly Liquid Block Right Edge Top 3 Outline,7,Decoration,1,0.0,0.0,0.0,0,0,,,-5,1,0,0,0,0,0,0,0,0,0
2778,Bubbly Liquid Block Right Edge Top 3 Light,7,Decoration,1,0.0,0.0,0.0,0,0,,,-5,1,0,0,0,0,0,0,0,0,0
2779,Bubbly Liquid Block Right Edge Top 4 Textured,7,Decoration,1,0.0,0.0,0.0,0,0,,,-5,1,0,0,0,0,0,0,0,0,0
2780,Bubbly Liquid Block Right Edge Top 4 Outline,7,Decoration,1,0.0,0.0,0.0,0,0,,,-5,1,0,0,0,0,0,0,0,0,0
2781,Bubbly Liquid Block Right Edge Top 4 Light,7,Decoration,1,0.0,0.0,0.0,0,0,,,-5,1,0,0,0,0,0,0,0,0,0
2782,Bubbly Liquid Block Right Edge Bottom 3 Textured,7,Decoration,1,0.0,0.0,0.0,0,0,,,-5,1,0,0,0,0,0,0,0,0,0
2783,Bubbly Liquid Block Right Edge Bottom 3 Outline,7,Decoration,1,0.0,0.0,0.0,0,0,,,-5,1,0,0,0,0,0,0,0,0,0
2784,Bubbly Liquid Block Right Edge Bottom 3 Light,7,Decoration,1,0.0,0.0,0.0,0,0,,,-5,1,0,0,0,0,0,0,0,0,0
2785,Bubbly Liquid Block Right Edge Bottom 4 Textured,7,Decoration,1,0.0,0.0,0.0,0,0,,,-5,1,0,0,0,0,0,0,0,0,0
2786,Bubbly Liquid Block Right Edge Bottom 4 Outline,7,Decoration,1,0.0,0.0,0.0,0,0,,,-5,1,0,0,0,0,0,0,0,0,0
2787,Bubbly Liquid Block Right Edge Bottom 4 Light,7,Decoration,1,0.0,0.0,0.0,0,0,,,-5,1,0,0,0,0,0,0,0,0,0
2788,Bubbly Liquid Block Bottom Edge Right 1 Dark,7,Decoration,1,0.0,0.0,0.0,0,0,,,-5,1,0,0,0,0,0,0,0,0,0
2789,Bubbly Liquid Block Bottom Edge Right 2 Dark,7,Decoration,1,0.0,0.0,0.0,0,0,,,-5,1,0,0,0,0,0,0,0,0,0
2790,Bubbly Liquid Block Bottom Edge Left 1 Dark,7,Decoration,1,0.0,0.0,0.0,0,0,,,-5,1,0,0,0,0,0,0,0,0,0
2791,Bubbly Liquid Block Bottom Edge Left 2 Dark,7,Decoration,1,0.0,0.0,0.0,0,0,,,-5,1,0,0,0,0,0,0,0,0,0
2792,Bubbly Liquid Block Bottom Edge Right 3 Dark,7,Decoration,1,0.0,0.0,0.0,0,0,,,-5,1,0,0,0,0,0,0,0,0,0
2793,Bubbly Liquid Block Bottom Edge Right 4 Dark,7,Decoration,1,0.0,0.0,0.0,0,0,,,-5,1,0,0,0,0,0,0,0,0,0
2794,Bubbly Liquid Block Bottom Edge Left 3 Dark,7,Decoration,1,0.0,0.0,0.0,0,0,,,-5,1,0,0,0,0,0,0,0,0,0
2795,Bubbly Liquid Block Bottom Edge Left 4 Dark,7,Decoration,1,0.0,0.0,0.0,0,0,,,-5,1,0,0,0,0,0,0,0,0,0
2796,Bubbly Liquid Block Left Edge Bottom 3 Textured,7,Decoration,1,0.0,0.0,0.0,0,0,,,-5,1,0,0,0,0,0,0,0,0,0
2797,Bubbly Liquid Block Left Edge Bottom 3 Outline,7,Decoration,1,0.0,0.0,0.0,0,0,,,-5,1,0,0,0,0,0,0,0,0,0
2798,Bubbly Liquid Block Left Edge Bottom 3 Light,7,Decoration,1,0.0,0.0,0.0,0,0,,,-5,1,0,0,0,0,0,0,0,0,0
2799,Bubbly Liquid Block Left Edge Bottom 4 Textured,7,Decoration,1,0.0,0.0,0.0,0,0,,,-5,1,0,0,0,0,0,0,0,0,0
2800,Bubbly Liquid Block Left Edge Bottom 4 Outline,7,Decoration,1,0.0,0.0,0.0,0,0,,,-5,1,0,0,0,0,0,0,0,0,0
2801,Bubbly Liquid Block Left Edge Bottom 4 Light,7,Decoration,1,0.0,0.0,0.0,0,0,,,-5,1,0,0,0,0,0,0,0,0,0
2802,Bubbly Liquid Block Left Edge Top 3 Textured,7,Decoration,1,0.0,0.0,0.0,0,0,,,-5,1,0,0,0,0,0,0,0,0,0
2803,Bubbly Liquid Block Left Edge Top 3 Outline,7,Decoration,1,0.0,0.0,0.0,0,0,,,-5,1,0,0,0,0,0,0,0,0,0
2804,Bubbly Liquid Block Left Edge Top 3 Light,7,Decoration,1,0.0,0.0,0.0,0,0,,,-5,1,0,0,0,0,0,0,0,0,0
2805,Bubbly Liquid Block Left Edge Top 4 Textured,7,Decoration,1,0.0,0.0,0.0,0,0,,,-5,1,0,0,0,0,0,0,0,0,0
2806,Bubbly Liquid Block Left Edge Top 4 Outline,7,Decoration,1,0.0,0.0,0.0,0,0,,,-5,1,0,0,0,0,0,0,0,0,0
2807,Bubbly Liquid Block Left Edge Top 4 Light,7,Decoration,1,0.0,0.0,0.0,0,0,,,-5,1,0,0,0,0,0,0,0,0,0
2808,,7,Decoration,1,0.0,0.0,0.0,0,0,,,-5,1,0,0,0,0,0,0,0,0,0
2809,,7,Decoration,1,0.0,0.0,0.0,0,0,,,-5,1,0,0,0,0,0,0,0,0,0
2810,,7,Decoration,1,0.0,0.0,0.0,0,0,,,-5,1,0,0,0,0,0,0,0,0,0
2811,,7,Decoration,1,0.0,0.0,0.0,0,0,,,-5,1,0,0,0,0,0,0,0,0,0
2812,,7,Decoration,1,0.0,0.0,0.0,0,0,,,-5,1,0,0,0,0,0,0,0,0,0
2813,,7,Decoration,1,0.0,0.0,0.0,0,0,,,-5,1,0,0,0,0,0,0,0,0,0
2814,,7,Decoration,1,0.0,0.0,0.0,0,0,,,-5,1,0,0,0,0,0,0,0,0,0
2815,,7,Decoration,1,0.0,0.0,0.0,0,0,,,-5,1,0,0,0,0,0,0,0,0,0
2816,,7,Decoration,1,0.0,0.0,0.0,0,0,,,-5,1,0,0,0,0,0,0,0,0,0
2817,,7,Decoration,1,0.0,0.0,0.0,0,0,,,-5,1,0,0,0,0,0,0,0,0,0
2818,,7,Decoration,1,0.0,0.0,0.0,0,0,,,-5,1,0,0,0,0,0,0,0,0,0
2819,,7,Decoration,1,0.0,0.0,0.0,0,0,,,-5,1,0,0,0,0,0,0,0,0,0
2820,,7,Decoration,1,0.0,0.0,0.0,0,0,,,-5,1,0,0,0,0,0,0,0,0,0
2821,,7,Decoration,1,0.0,0.0,0.0,0,0,,,-5,1,0,0,0,0,0,0,0,0,0
2822,,7,Decoration,1,0.0,0.0,0.0,0,0,,,-5,1,0,0,0,0,0,0,0,0,0
2823,,7,Decoration,1,0.0,0.0,0.0,0,0,,,-5,1,0,0,0,0,0,0,0,0,0
2824,,7,Decoration,1,0.0,0.0,0.0,0,0,,,-5,1,0,0,0,0,0,0,0,0,0
2825,,7,Decoration,1,0.0,0.0,0.0,0,0,,,-5,1,0,0,0,0,0,0,0,0,0
2826,,7,Decoration,1,0.0,0.0,0.0,0,0,,,-5,1,0,0,0,0,0,0,0,0,0
2827,,7,Decoration,1,0.0,0.0,0.0,0,0,,,-5,1,0,0,0,0,0,0,0,0,0
2828,,7,Decoration,1,0.0,0.0,0.0,0,0,,,-5,1,0,0,0,0,0,0,0,0,0
2829,,7,Decoration,1,0.0,0.0,0.0,0,0,,,-5,1,0,0,0,0,0,0,0,0,0
2830,,7,Decoration,1,0.0,0.0,0.0,0,0,,,-5,1,0,0,0,0,0,0,0,0,0
2831,,7,Decoration,1,0.0,0.0,0.0,0,0,,,-5,1,0,0,0,0,0,0,0,0,0
2832,,7,Decoration,1,0.0,0.0,0.0,0,0,,,-5,1,0,0,0,0,0,0,0,0,0
2833,,7,Decoration,1,0.0,0.0,0.0,0,0,,,-5,1,0,0,0,0,0,0,0,0,0
2834,,7,Decoration,1,0.0,0.0,0.0,0,0,,,-5,1,0,0,0,0,0,0,0,0,0
2835,,7,Decoration,1,0.0,0.0,0.0,0,0,,,-5,1,0,0,0,0,0,0,0,0,0
2836,,7,Decoration,1,0.0,0.0,0.0,0,0,,,-5,1,0,0,0,0,0,0,0,0,0
2837,,7,Decoration,1,0.0,0.0,0.0,0,0,,,-5,1,0,0,0,0,0,0,0,0,0
2838,Brick Piece Left Corner,7,Decoration,1,0.0,0.0,0.0,0,0,,,-5,1,0,0,0,0,0,0,0,0,0
2839,Brick Piece Left Seam,7,Decoration,1,0.0,0.0,0.0,0,0,,,-5,1,0,0,0,0,0,0,0,0,0
2840,Brick Piece Right Seam,7,Decoration,1,0.0,0.0,0.0,0,0,,,-5,1,0,0,0,0,0,0,0,0,0
2841,Brick Piece Right Corner,7,Decoration,1,0.0,0.0,0.0,0,0,,,-5,1,0,0,0,0,0,0,0,0,0
2842,Brick Piece Left Rounded Top Corner,7,Decoration,1,0.0,0.0,0.0,0,0,,,-5,1,0,0,0,0,0,0,0,0,0
2843,Brick Piece Left Seam Rounded Top Corner,7,Decoration,1,0.0,0.0,0.0,0,0,,,-5,1,0,0,0,0,0,0,0,0,0
2844,Brick Piece Right Seam Rounded Top Corner,7,Decoration,1,0.0,0.0,0.0,0,0,,,-5,1,0,0,0,0,0,0,0,0,0
2845,Brick Piece Right Rounded Top Corner,7,Decoration,1,0.0,0.0,0.0,0,0,,,-5,1,0,0,0,0,0,0,0,0,0
2846,Brick Piece Left Corner Rounded Bottom Corner,7,Decoration,1,0.0,0.0,0.0,0,0,,,-5,1,0,0,0,0,0,0,0,0,0
2847,Brick Piece Left Seam Rounded Bottom Corner,7,Decoration,1,0.0,0.0,0.0,0,0,,,-5,1,0,0,0,0,0,0,0,0,0
2848,Brick Piece Right Seam Rounded Bottom Corner,7,Decoration,1,0.0,0.0,0.0,0,0,,,-5,1,0,0,0,0,0,0,0,0,0
2849,Brick Piece Right Corner Rounded Bottom Corner,7,Decoration,1,0.0,0.0,0.0,0,0,,,-5,1,0,0,0,0,0,0,0,0,0
2850,Small Shaded Block Base,7,Decoration,1,0.0,0.0,0.0,0,0,,,-5,1,0,0,0,0,0,0,0,0,0
2851,Small Shaded Block Base Rounded Corner,7,Decoration,1,0.0,0.0,0.0,0,0,,,-5,1,0,0,0,0,0,0,0,0,0
2852,Small Shaded Block Top Left Outer Corner Shading,7,Decoration,1,0.0,0.0,0.0,0,0,,,-2,1,0,0,0,0,0,0,0,0,0
2853,Small Shaded Block Top Shading,7,Decoration,1,0.0,0.0,0.0,0,0,,,-2,1,0,0,0,0,0,0,0,0,0
2854,Small Shaded Block Left Shading,7,Decoration,1,0.0,0.0,0.0,0,0,,,-2,1,0,0,0,0,0,0,0,0,0
2855,Small Shaded Block Bottom Left Outer Corner Shading 1,7,Decoration,1,0.0,0.0,0.0,0,0,,,-2,1,0,0,0,0,0,0,0,0,0
2856,Small Shaded Block Bottom Shading 1,7,Decoration,1,0.0,0.0,0.0,0,0,,,-2,1,0,0,0,0,0,0,0,0,0
2857,Small Shaded Block Top Left Outer Corner Outline,7,Decoration,1,0.0,0.0,0.0,0,0,,,-2,1,0,0,0,0,0,0,0,0,0
2858,Small Shaded Block Top Outline,7,Decoration,1,0.0,0.0,0.0,0,0,,,-2,1,0,0,0,0,0,0,0,0,0
2859,Small Shaded Block Bottom Left Outer Corner Shading 2,7,Decoration,1,0.0,0.0,0.0,0,0,,,-2,1,0,0,0,0,0,0,0,0,0
2860,Small Shaded Block Bottom Shading 2,7,Decoration,1,0.0,0.0,0.0,0,0,,,-2,1,0,0,0,0,0,0,0,0,0
2861,Small Shaded Block Top Right Inner Corner Shading 1,7,Decoration,1,0.0,0.0,0.0,0,0,,,-2,1,0,0,0,0,0,0,0,0,0
2862,Small Shaded Block Top Right Inner Corner Shading 2,7,Decoration,1,0.0,0.0,0.0,0,0,,,-2,1,0,0,0,0,0,0,0,0,0
2863,Small Shaded Block Bottom Left Inner Corner Shading,7,Decoration,1,0.0,0.0,0.0,0,0,,,-2,1,0,0,0,0,0,0,0,0,0
2864,Wide Flame Animation,0,Solid,0,0.0,0.0,0.0,0,0,,,0,5,0,0,0,0,0,0,1,0,0
2865,Flame Animation,0,Solid,0,0.0,0.0,0.0,0,0,,,0,5,0,0,0,0,0,0,1,0,0
2866,Gravity Flip Modifier,40,Special,1,0.0,0.0,0.0,0,0,,,0,5,0,0,1,0,0,0,0,0,0
2867,Explosion Animation,0,Solid,0,0.0,0.0,0.0,0,0,,,0,5,0,0,0,0,0,0,1,0,0
2868,Small Explosion Animation,0,Solid,0,0.0,0.0,0.0,0,0,,,0,5,0,0,0,0,0,0,1,0,0
2869,Tall Explosion Animation,0,Solid,0,0.0,0.0,0.0,0,0,,,0,5,0,0,0,0,0,0,1,0,0
2870,Simple Explosion Animation,0,Solid,0,0.0,0.0,0.0,0,0,,,0,5,0,0,0,0,0,0,1,0,0
2871,Tall Explosion 2 Animation,0,Solid,0,0.0,0.0,0.0,0,0,,,0,5,0,0,0,0,0,0,1,0,0
2872,Explosive Burst Animation,0,Solid,0,0.0,0.0,0.0,0,0,,,0,5,0,0,0,0,0,0,1,0,0
2873,Fireball Animation,0,Solid,0,0.0,0.0,0.0,0,0,,,0,5,0,0,0,0,0,0,1,0,0
2874,Small Fireball Animation,0,Solid,0,0.0,0.0,0.0,0,0,,,0,5,0,0,0,0,0,0,1,0,0
2875,Shooting Star Animation,0,Solid,0,0.0,0.0,0.0,0,0,,,0,5,0,0,0,0,0,0,1,0,0
2876,Swoosh Animation,0,Solid,0,0.0,0.0,0.0,0,0,,,0,5,0,0,0,0,0,0,1,0,0
2877,Center Explosion Animation,0,Solid,0,0.0,0.0,0.0,0,0,,,0,5,0,0,0,0,0,0,1,0,0
2878,Slither Animation,0,Solid,0,0.0,0.0,0.0,0,0,,,0,5,0,0,0,0,0,0,1,0,0
2879,Fireball 2 Animation,0,Solid,0,0.0,0.0,0.0,0,0,,,0,5,0,0,0,0,0,0,1,0,0
2880,Swoosh 2 Animation,0,Solid,0,0.0,0.0,0.0,0,0,,,0,5,0,0,0,0,0,0,1,0,0
2881,Smoking Animation,0,Solid,0,0.0,0.0,0.0,0,0,,,0,5,0,0,0,0,0,0,1,0,0
2882,Electric Burst Animation,0,Solid,0,0.0,0.0,0.0,0,0,,,0,5,0,0,0,0,0,0,1,0,0
2883,Electric Burst 2 Animation,0,Solid,0,0.0,0.0,0.0,0,0,,,0,5,0,0,0,0,0,0,1,0,0
2884,Electricity Animation,0,Solid,0,0.0,0.0,0.0,0,0,,,0,5,0,0,0,0,0,0,1,0,0
2885,Electric Burst 3 Animation,0,Solid,0,0.0,0.0,0.0,0,0,,,0,5,0,0,0,0,0,0,1,0,0
2886,Electric Burst 4 Animation,0,Solid,0,0.0,0.0,0.0,0,0,,,0,5,0,0,0,0,0,0,1,0,0
2887,Electric Burst 5 Animation,0,Solid,0,0.0,0.0,0.0,0,0,,,0,5,0,0,0,0,0,0,1,0,0
2888,Electricity 2 Animation,0,Solid,0,0.0,0.0,0.0,0,0,,,0,5,0,0,0,0,0,0,1,0,0
2889,Electricity 3 Animation,0,Solid,0,0.0,0.0,0.0,0,0,,,0,5,0,0,0,0,0,0,1,0,0
2890,Electricity Wobble Animation,0,Solid,0,0.0,0.0,0.0,0,0,,,0,5,0,0,0,0,0,0,1,0,0
2891,Electricity Stable Animation,0,Solid,0,0.0,0.0,0.0,0,0,,,0,5,0,0,0,0,0,0,1,0,0
2892,Electricity Circle Animation,0,Solid,0,0.0,0.0,0.0,0,0,,,0,5,0,0,0,0,0,0,1,0,0
2893,Electricity Square Animation,0,Solid,0,0.0,0.0,0.0,0,0,,,0,5,0,0,0,0,0,0,1,0,0
2894,Laser Wobble Animation,0,Solid,0,0.0,0.0,0.0,0,0,,,0,5,0,0,0,0,0,0,1,0,0
2895,Smart Template Square,7,Decoration,1,0.0,0.0,0.0,0,0,,,-5,1,0,0,0,0,0,0,0,0,0
2896,Smart Template Slope,7,Decoration,1,0.0,0.0,0.0,0,0,,,-5,1,0,0,0,0,0,0,0,0,0
2897,Smart Template Wide Slope,7,Decoration,1,0.0,0.0,0.0,0,0,,,-5,1,0,0,0,0,0,0,0,0,0
2898,,0,Solid,0,0.0,0.0,0.0,0,0,,,0,5,0,0,0,0,0,0,1,0,0
2899,Options Trigger,20,Modifier,1,30.0,30.0,0.0,0,0,,,0,5,1,0,0,0,0,0,0,0,0
2900,Gameplay Rotation Trigger,20,Modifier,1,30.0,30.0,0.0,0,0,,,0,5,1,0,0,0,0,0,0,0,0
2901,Gameplay Offset Camera Trigger,20,Modifier,1,30.0,30.0,0.0,0,0,,,0,5,1,0,0,0,0,0,0,0,0
2902,Unlinked Blue Teleport Portal,28,TeleportPortal,1,25.0,0.0,0.0,0,0,,,10,5,1,1,0,0,0,0,0,0,0
2903,Gradient Trigger,20,Modifier,1,30.0,30.0,0.0,0,0,,,0,5,1,0,0,0,0,0,0,0,0
2904,Shader Trigger,20,Modifier,1,30.0,30.0,0.0,0,0,,,0,5,1,0,0,0,0,0,0,0,0
2905,Shock Wave Shader Trigger,20,Modifier,1,30.0,30.0,0.0,0,0,,,0,5,1,0,0,0,0,0,0,0,0
2906,,0,Solid,0,0.0,0.0,0.0,0,0,,,0,5,0,0,0,0,0,0,1,0,0
2907,Shock Line Shader Trigger,20,Modifier,1,30.0,30.0,0.0,0,0,,,0,5,1,0,0,0,0,0,0,0,0
2908,,0,Solid,0,0.0,0.0,0.0,0,0,,,0,5,0,0,0,0,0,0,1,0,0
2909,Glitch Shader Trigger,20,Modifier,1,30.0,30.0,0.0,0,0,,,0,5,1,0,0,0,0,0,0,0,0
2910,Chromatic Aberration Shader Trigger,20,Modifier,1,30.0,30.0,0.0,0,0,,,0,5,1,0,0,0,0,0,0,0,0
2911,Chromatic Glitch Shader Trigger,20,Modifier,1,30.0,30.0,0.0,0,0,,,0,5,1,0,0,0,0,0,0,0,0
2912,Pixelate Shader Trigger,20,Modifier,1,30.0,30.0,0.0,0,0,,,0,5,1,0,0,0,0,0,0,0,0
2913,Lens Circle Shader Trigger,20,Modifier,1,30.0,30.0,0.0,0,0,,,0,5,1,0,0,0,0,0,0,0,0
2914,Radial Blur Shader Trigger,20,Modifier,1,30.0,30.0,0.0,0,0,,,0,5,1,0,0,0,0,0,0,0,0
2915,Motion Blur Shader Trigger,20,Modifier,1,30.0,30.0,0.0,0,0,,,0,5,1,0,0,0,0,0,0,0,0
2916,Bulge Shader Trigger,20,Modifier,1,30.0,30.0,0.0,0,0,,,0,5,1,0,0,0,0,0,0,0,0
2917,Pinch Shader Trigger,20,Modifier,1,30.0,30.0,0.0,0,0,,,0,5,1,0,0,0,0,0,0,0,0
2918,,0,Solid,0,0.0,0.0,0.0,0,0,,,0,5,0,0,0,0,0,0,1,0,0
2919,Grayscale Shader Trigger,20,Modifier,1,30.0,30.0,0.0,0,0,,,0,5,1,0,0,0,0,0,0,0,0
2920,Sepia Shader Trigger,20,Modifier,1,30.0,30.0,0.0,0,0,,,0,5,1,0,0,0,0,0,0,0,0
2921,Invert Color Trigger,20,Modifier,1,30.0,30.0,0.0,0,0,,,0,5,1,0,0,0,0,0,0,0,0
2922,Hue Shader Trigger,20,Modifier,1,30.0,30.0,0.0,0,0,,,0,5,1,0,0,0,0,0,0,0,0
2923,Edit Color Shader Trigger,20,Modifier,1,30.0,30.0,0.0,0,0,,,0,5,1,0,0,0,0,0,0,0,0
2924,Split Screen Shader Trigger,20,Modifier,1,30.0,30.0,0.0,0,0,,,0,5,1,0,0,0,0,0,0,0,0
2925,Mode Camera Trigger,20,Modifier,1,30.0,30.0,0.0,0,0,,,0,5,1,0,0,0,0,0,0,0,0
2926,Green Gravity Portal,42,GravityTogglePortal,1,0.0,0.0,0.0,0,0,,,10,5,1,1,0,0,0,0,0,0,0
2927,Bubbly Liquid Block Bottom Edge Right 1 Outline,7,Decoration,1,0.0,0.0,0.0,0,0,,,-5,1,0,0,0,0,0,0,0,0,0
2928,Bubbly Liquid Block Bottom Edge Right 1 Light,7,Decoration,1,0.0,0.0,0.0,0,0,,,-5,1,0,0,0,0,0,0,0,0,0
2929,Bubbly Liquid Block Bottom Edge Right 2 Outline,7,Decoration,1,0.0,0.0,0.0,0,0,,,-5,1,0,0,0,0,0,0,0,0,0
2930,Bubbly Liquid Block Bottom Edge Right 2 Light,7,Decoration,1,0.0,0.0,0.0,0,0,,,-5,1,0,0,0,0,0,0,0,0,0
2931,Bubbly Liquid Block Bottom Edge Left 1 Outline,7,Decoration,1,0.0,0.0,0.0,0,0,,,-5,1,0,0,0,0,0,0,0,0,0
2932,Bubbly Liquid Block Bottom Edge Left 1 Light,7,Decoration,1,0.0,0.0,0.0,0,0,,,-5,1,0,0,0,0,0,0,0,0,0
2933,Bubbly Liquid Block Bottom Edge Left 2 Outline,7,Decoration,1,0.0,0.0,0.0,0,0,,,-5,1,0,0,0,0,0,0,0,0,0
2934,Bubbly Liquid Block Bottom Edge Left 2 Light,7,Decoration,1,0.0,0.0,0.0,0,0,,,-5,1,0,0,0,0,0,0,0,0,0
2935,Bubbly Liquid Block Bottom Edge Right 3 Outline,7,Decoration,1,0.0,0.0,0.0,0,0,,,-5,1,0,0,0,0,0,0,0,0,0
2936,Bubbly Liquid Block Bottom Edge Right 3 Light,7,Decoration,1,0.0,0.0,0.0,0,0,,,-5,1,0,0,0,0,0,0,0,0,0
2937,Bubbly Liquid Block Bottom Edge Right 4 Outline,7,Decoration,1,0.0,0.0,0.0,0,0,,,-5,1,0,0,0,0,0,0,0,0,0
2938,Bubbly Liquid Block Bottom Edge Right 4 Light,7,Decoration,1,0.0,0.0,0.0,0,0,,,-5,1,0,0,0,0,0,0,0,0,0
2939,Bubbly Liquid Block Bottom Edge Left 3 Outline,7,Decoration,1,0.0,0.0,0.0,0,0,,,-5,1,0,0,0,0,0,0,0,0,0
2940,Bubbly Liquid Block Bottom Edge Left 3 Light,7,Decoration,1,0.0,0.0,0.0,0,0,,,-5,1,0,0,0,0,0,0,0,0,0
2941,Bubbly Liquid Block Bottom Edge Left 4 Outline,7,Decoration,1,0.0,0.0,0.0,0,0,,,-5,1,0,0,0,0,0,0,0,0,0
2942,Bubbly Liquid Block Bottom Edge Left 4 Light,7,Decoration,1,0.0,0.0,0.0,0,0,,,-5,1,0,0,0,0,0,0,0,0,0
2943,Shiny Block Base,7,Decoration,1,0.0,0.0,0.0,0,0,,,-5,-1,0,0,0,0,0,0,0,0,0
2944,Shiny Block Base Vertical Halves,7,Decoration,1,0.0,0.0,0.0,0,0,,,-5,-1,0,0,0,0,0,0,0,0,0
2945,Shiny Block Base Checkered,7,Decoration,1,0.0,0.0,0.0,0,0,,,-5,-1,0,0,0,0,0,0,0,0,0
2946,Shiny Block Base One Quarter,7,Decoration,1,0.0,0.0,0.0,0,0,,,-5,-1,0,0,0,0,0,0,0,0,0
2947,Shiny Block Base Diagonal Quarters,7,Decoration,1,0.0,0.0,0.0,0,0,,,-5,-1,0,0,0,0,0,0,0,0,0
2948,Shiny Block Base Diagonal Halves,7,Decoration,1,0.0,0.0,0.0,0,0,,,-5,-1,0,0,0,0,0,0,0,0,0
2949,Shiny Block Base One Diagonal Quarter,7,Decoration,1,0.0,0.0,0.0,0,0,,,-5,-1,0,0,0,0,0,0,0,0,0
2950,Shiny Block Base Gradient Halves,7,Decoration,1,0.0,0.0,0.0,0,0,,,-5,-1,0,0,0,0,0,0,0,0,0
2951,Shiny Block Base Gradient Quarters,7,Decoration,1,0.0,0.0,0.0,0,0,,,-5,-1,0,0,0,0,0,0,0,0,0
2952,Small Shiny Block Base,7,Decoration,1,0.0,0.0,0.0,0,0,,,-5,-1,0,0,0,0,0,0,0,0,0
2953,Small Shiny Block Base Vertical Halves,7,Decoration,1,0.0,0.0,0.0,0,0,,,-5,-1,0,0,0,0,0,0,0,0,0
2954,Small Shiny Block Base Checkered,7,Decoration,1,0.0,0.0,0.0,0,0,,,-5,-1,0,0,0,0,0,0,0,0,0
2955,Small Shiny Block Base One Quarter,7,Decoration,1,0.0,0.0,0.0,0,0,,,-5,-1,0,0,0,0,0,0,0,0,0
2956,Small Shiny Block Base Diagonal Quarters,7,Decoration,1,0.0,0.0,0.0,0,0,,,-5,-1,0,0,0,0,0,0,0,0,0
2957,Small Shiny Block Base Diagonal Halves,7,Decoration,1,0.0,0.0,0.0,0,0,,,-5,-1,0,0,0,0,0,0,0,0,0
2958,Small Shiny Block Base One Diagonal Quarter,7,Decoration,1,0.0,0.0,0.0,0,0,,,-5,-1,0,0,0,0,0,0,0,0,0
2959,Small Shiny Block Base Gradient Halves,7,Decoration,1,0.0,0.0,0.0,0,0,,,-5,-1,0,0,0,0,0,0,0,0,0
2960,Small Shiny Block Base Gradient Quarters,7,Decoration,1,0.0,0.0,0.0,0,0,,,-5,-1,0,0,0,0,0,0,0,0,0
2961,Shiny Block Overlay Round Top Sheen,7,Decoration,1,0.0,0.0,0.0,0,0,,,0,1,0,0,0,0,0,0,0,0,0
2962,Shiny Block Overlay Diagonal Striped Sheen,7,Decoration,1,0.0,0.0,0.0,0,0,,,0,1,0,0,0,0,0,0,0,0,0
2963,Shiny Block Overlay Circular Sheen,7,Decoration,1,0.0,0.0,0.0,0,0,,,0,1,0,0,0,0,0,0,0,0,0
2964,Shiny Block Overlay Triangular Top Sheen,7,Decoration,1,0.0,0.0,0.0,0,0,,,0,1,0,0,0,0,0,0,0,0,0
2965,Shiny Block Overlay Inner Straight Line,7,Decoration,1,0.0,0.0,0.0,0,0,,,0,1,0,0,0,0,0,0,0,0,0
2966,Shiny Block Overlay Inner Sloped Line,7,Decoration,1,0.0,0.0,0.0,0,0,,,0,1,0,0,0,0,0,0,0,0,0
2967,Shiny Block Overlay Inner Wide Sloped Lines,7,Decoration,1,0.0,0.0,0.0,0,0,,,0,1,0,0,0,0,0,0,0,0,0
2968,Small Shiny Block Overlay Round Top Sheen,7,Decoration,1,0.0,0.0,0.0,0,0,,,0,1,0,0,0,0,0,0,0,0,0
2969,Small Shiny Block Overlay Diagonal Striped Sheen,7,Decoration,1,0.0,0.0,0.0,0,0,,,0,1,0,0,0,0,0,0,0,0,0
2970,Small Shiny Block Overlay Circular Sheen,7,Decoration,1,0.0,0.0,0.0,0,0,,,0,1,0,0,0,0,0,0,0,0,0
2971,Small Shiny Block Overlay Triangular Top Sheen,7,Decoration,1,0.0,0.0,0.0,0,0,,,0,1,0,0,0,0,0,0,0,0,0
2972,Small Shiny Block Overlay Inner Straight Line,7,Decoration,1,0.0,0.0,0.0,0,0,,,0,1,0,0,0,0,0,0,0,0,0
2973,Shiny Block Outline,7,Decoration,1,0.0,0.0,0.0,0,0,,,5,1,0,0,0,0,0,0,0,0,0
2974,Shiny Block Outline with Bottom Diagonal One Quarter,7,Decoration,1,0.0,0.0,0.0,0,0,,,5,1,0,0,0,0,0,0,0,0,0
2975,Shiny Block Outline with No Countershading,7,Decoration,1,0.0,0.0,0.0,0,0,,,5,1,0,0,0,0,0,0,0,0,0
2976,Shiny Block Outline with Heavy Countershading,7,Decoration,1,0.0,0.0,0.0,0,0,,,5,1,0,0,0,0,0,0,0,0,0
2977,Shiny Block Outline Slope,7,Decoration,1,0.0,0.0,0.0,0,0,,,5,1,0,0,0,0,0,0,0,0,0
2978,Shiny Block Outline Slope with No Countershading,7,Decoration,1,0.0,0.0,0.0,0,0,,,5,1,0,0,0,0,0,0,0,0,0
2979,Shiny Block Outline Slope with Heavy Countershading,7,Decoration,1,0.0,0.0,0.0,0,0,,,5,1,0,0,0,0,0,0,0,0,0
2980,Shiny Block Outline Wide Slope,7,Decoration,1,0.0,0.0,0.0,0,0,,,5,1,0,0,0,0,0,0,0,0,0
2981,Shiny Block Outline Wide Slope with No Countershading,7,Decoration,1,0.0,0.0,0.0,0,0,,,5,1,0,0,0,0,0,0,0,0,0
2982,Shiny Block Outline Wide Slope with Heavy Countershading,7,Decoration,1,0.0,0.0,0.0,0,0,,,5,1,0,0,0,0,0,0,0,0,0
2983,Small Shiny Block Outline,7,Decoration,1,0.0,0.0,0.0,0,0,,,5,1,0,0,0,0,0,0,0,0,0
2984,Small Shiny Block Outline with Bottom Diagonal One Quarter,7,Decoration,1,0.0,0.0,0.0,0,0,,,5,1,0,0,0,0,0,0,0,0,0
2985,Small Shiny Block Outline with No Countershading,7,Decoration,1,0.0,0.0,0.0,0,0,,,5,1,0,0,0,0,0,0,0,0,0
2986,Small Shiny Block Outline with Heavy Countershading,7,Decoration,1,0.0,0.0,0.0,0,0,,,5,1,0,0,0,0,0,0,0,0,0
2987,Grass Overlay 1,7,Decoration,1,0.0,0.0,0.0,0,0,,,5,1,0,0,0,0,0,0,0,0,0
2988,Grass Overlay 2,7,Decoration,1,0.0,0.0,0.0,0,0,,,5,1,0,0,0,0,0,0,0,0,0
2989,Grass Overlay 3,7,Decoration,1,0.0,0.0,0.0,0,0,,,5,1,0,0,0,0,0,0,0,0,0
2990,Grass Overlay 4,7,Decoration,1,0.0,0.0,0.0,0,0,,,5,1,0,0,0,0,0,0,0,0,0
2991,Grass Overlay Large Decal,7,Decoration,1,0.0,0.0,0.0,0,0,,,5,1,0,0,0,0,0,0,0,0,0
2992,Grass Overlay Small Decal,7,Decoration,1,0.0,0.0,0.0,0,0,,,5,1,0,0,0,0,0,0,0,0,0
2993,Grass Overlay Edge,7,Decoration,1,0.0,0.0,0.0,0,0,,,5,1,0,0,0,0,0,0,0,0,0
2994,Grass Overlay Slope,7,Decoration,1,0.0,0.0,0.0,0,0,,,5,1,0,0,0,0,0,0,0,0,0
2995,Grass Overlay Slope Connector,7,Decoration,1,0.0,0.0,0.0,0,0,,,5,1,0,0,0,0,0,0,0,0,0
2996,Grass Overlay Wide Slope,7,Decoration,1,0.0,0.0,0.0,0,0,,,5,1,0,0,0,0,0,0,0,0,0
2997,Grass Overlay Wide Slope Connector 1,7,Decoration,1,0.0,0.0,0.0,0,0,,,5,1,0,0,0,0,0,0,0,0,0
2998,Grass Overlay Wide Slope Connector 2,7,Decoration,1,0.0,0.0,0.0,0,0,,,5,1,0,0,0,0,0,0,0,0,0
2999,Edit Middleground Trigger,20,Modifier,1,30.0,30.0,0.0,0,0,,,0,5,1,0,0,0,0,0,0,0,0
3000,Circle Wave Animation,0,Solid,0,0.0,0.0,0.0,0,0,,,0,5,0,0,0,0,0,0,1,0,0
3001,Sharp Wave Animation,0,Solid,0,0.0,0.0,0.0,0,0,,,0,5,0,0,0,0,0,0,1,0,0
3002,Inverse Circle Wave Animation,0,Solid,0,0.0,0.0,0.0,0,0,,,0,5,0,0,0,0,0,0,1,0,0
3003,,0,Solid,0,0.0,0.0,0.0,0,0,,,0,5,0,0,0,0,0,0,1,0,0
3004,Spider Orb,43,SpiderOrb,1,30.0,30.0,0.0,0,0,1.2,1.2,12,3,0,1,0,0,0,0,0,0,0
3005,Spider Pad,44,SpiderPad,1,0.0,0.0,0.0,0,0,,,12,3,0,1,0,0,0,0,0,0,0
3006,Area Move Trigger,0,Solid,0,30.0,30.0,0.0,0,0,,,0,5,1,0,0,0,0,0,1,0,0
3007,Area Rotate Trigger,0,Solid,0,30.0,30.0,0.0,0,0,,,0,5,1,0,0,0,0,0,1,0,0
3008,Area Scale Trigger,0,Solid,0,30.0,30.0,0.0,0,0,,,0,5,1,0,0,0,0,0,1,0,0
3009,Area Fade Trigger,0,Solid,0,30.0,30.0,0.0,0,0,,,0,5,1,0,0,0,0,0,1,0,0
3010,Area Tint Trigger,0,Solid,0,30.0,30.0,0.0,0,0,,,0,5,1,0,0,0,0,0,1,0,0
3011,Edit Area Move Trigger,0,Solid,0,30.0,30.0,0.0,0,0,,,0,5,1,0,0,0,0,0,1,0,0
3012,Edit Area Rotate Trigger,0,Solid,0,30.0,30.0,0.0,0,0,,,0,5,1,0,0,0,0,0,1,0,0
3013,Edit Area Scale Trigger,0,Solid,0,30.0,30.0,0.0,0,0,,,0,5,1,0,0,0,0,0,1,0,0
3014,Edit Area Fade Trigger,0,Solid,0,30.0,30.0,0.0,0,0,,,0,5,1,0,0,0,0,0,1,0,0
3015,Edit Area Tint Trigger,0,Solid,0,30.0,30.0,0.0,0,0,,,0,5,1,0,0,0,0,0,1,0,0
3016,Advanced Follow Trigger,20,Modifier,1,30.0,30.0,0.0,0,0,,,0,5,1,0,0,0,0,0,0,0,0
3017,Enter Move Trigger,20,Modifier,1,30.0,30.0,0.0,0,0,,,0,5,1,0,0,0,0,0,0,0,0
3018,Enter Rotate Trigger,20,Modifier,1,30.0,30.0,0.0,0,0,,,0,5,1,0,0,0,0,0,0,0,0
3019,Enter Scale Trigger,20,Modifier,1,30.0,30.0,0.0,0,0,,,0,5,1,0,0,0,0,0,0,0,0
3020,Enter Fade Trigger,20,Modifier,1,30.0,30.0,0.0,0,0,,,0,5,1,0,0,0,0,0,0,0,0
3021,Enter Tint Trigger,20,Modifier,1,30.0,30.0,0.0,0,0,,,0,5,1,0,0,0,0,0,0,0,0
3022,Teleport Trigger,20,Modifier,1,30.0,30.0,0.0,0,0,,,0,5,1,0,0,0,0,0,0,0,0
3023,Enter Stop Trigger,20,Modifier,1,30.0,30.0,0.0,0,0,,,0,5,1,0,0,0,0,0,0,0,0
3024,Area Stop Trigger,20,Modifier,1,30.0,30.0,0.0,0,0,,,0,5,1,0,0,0,0,0,0,0,0
3025,,0,Solid,0,0.0,0.0,0.0,0,0,,,0,5,0,0,0,0,0,0,1,0,0
3026,,0,Solid,0,0.0,0.0,0.0,0,0,,,0,5,0,0,0,0,0,0,1,0,0
3027,Teleport Orb,46,TeleportOrb,1,30.0,30.0,0.0,0,0,1.2,1.2,12,3,0,1,0,0,0,0,0,0,0
3028,,0,Solid,0,0.0,0.0,0.0,0,0,,,0,5,0,0,0,0,0,0,1,0,0
3029,Change Background Trigger,20,Modifier,1,30.0,30.0,0.0,0,0,,,0,5,1,0,0,0,0,0,0,0,0
3030,Change Ground Trigger,20,Modifier,1,30.0,30.0,0.0,0,0,,,0,5,1,0,0,0,0,0,0,0,0
3031,Change Middleground Trigger,20,Modifier,1,30.0,30.0,0.0,0,0,,,0,5,1,0,0,0,0,0,0,0,0
3032,Keyframe Point,7,Decoration,1,0.0,0.0,0.0,0,0,,,0,5,1,0,0,0,0,0,0,0,0
3033,Keyframe Animation Trigger,20,Modifier,1,30.0,30.0,0.0,0,0,,,0,5,1,0,0,0,0,0,0,0,0
3034,Full Spike Base,2,Hazard,1,0.0,0.0,0.0,0,0,0.2,0.4,5,1,0,0,0,0,0,0,1,0,0
3035,Four-Ninths Spike Base,2,Hazard,1,0.0,0.0,0.0,0,0,0.2,0.4,5,1,0,0,0,0,0,0,1,0,0
3036,One-Quarter Spike Base,2,Hazard,1,0.0,0.0,0.0,0,0,0.2,0.4,5,1,0,0,0,0,0,0,1,0,0
3037,One-Ninth Spike Base,2,Hazard,1,0.0,0.0,0.0,0,0,0.2,0.4,5,1,0,0,0,0,0,0,1,0,0
3038,Full Spike Half Filler,7,Decoration,1,0.0,0.0,0.0,0,0,,,6,1,0,0,0,0,0,0,0,0,0
3039,Four-Ninths Spike Half Filler,7,Decoration,1,0.0,0.0,0.0,0,0,,,6,1,0,0,0,0,0,0,0,0,0
3040,One-Quarter Spike Half Filler,7,Decoration,1,0.0,0.0,0.0,0,0,,,6,1,0,0,0,0,0,0,0,0,0
3041,One-Ninth Spike Half Filler,7,Decoration,1,0.0,0.0,0.0,0,0,,,6,1,0,0,0,0,0,0,0,0,0
3042,Full Spike Gradient Filler,7,Decoration,1,0.0,0.0,0.0,0,0,,,8,1,0,0,0,0,0,0,0,0,0
3043,Four-Ninths Spike Gradient Filler,7,Decoration,1,0.0,0.0,0.0,0,0,,,8,1,0,0,0,0,0,0,0,0,0
3044,One-Quarter Spike Gradient Filler,7,Decoration,1,0.0,0.0,0.0,0,0,,,8,1,0,0,0,0,0,0,0,0,0
3045,One-Ninth Spike Gradient Filler,7,Decoration,1,0.0,0.0,0.0,0,0,,,8,1,0,0,0,0,0,0,0,0,0
3046,Full Spike Gradient Outline,7,Decoration,1,0.0,0.0,0.0,0,0,,,8,1,0,0,0,0,0,0,0,0,0
3047,Four-Ninths Spike Gradient Outline,7,Decoration,1,0.0,0.0,0.0,0,0,,,8,1,0,0,0,0,0,0,0,0,0
3048,One-Quarter Spike Gradient Outline,7,Decoration,1,0.0,0.0,0.0,0,0,,,8,1,0,0,0,0,0,0,0,0,0
3049,One-Ninth Spike Gradient Outline,7,Decoration,1,0.0,0.0,0.0,0,0,,,8,1,0,0,0,0,0,0,0,0,0
3050,Thin Shaded Chain Link 1 Base,7,Decoration,1,0.0,0.0,0.0,0,0,,,5,1,0,0,0,0,0,0,0,0,0
3051,Thin Shaded Chain Link 1 Overlay,7,Decoration,1,0.0,0.0,0.0,0,0,,,6,1,0,0,0,0,0,0,0,0,0
3052,Thin Shaded Chain Link 2 Base,7,Decoration,1,0.0,0.0,0.0,0,0,,,7,1,0,0,0,0,0,0,0,0,0
3053,Thin Shaded Chain Link 2 Overlay,7,Decoration,1,0.0,0.0,0.0,0,0,,,8,1,0,0,0,0,0,0,0,0,0
3054,Thin Shaded Pipe Horizontal,7,Decoration,1,0.0,0.0,0.0,0,0,,,5,1,0,0,0,0,0,0,0,0,0
3055,Thin Shaded Pipe Horizontal Rounded End,7,Decoration,1,0.0,0.0,0.0,0,0,,,5,1,0,0,0,0,0,0,0,0,0
3056,Thin Shaded Pipe Horizontal Square End,7,Decoration,1,0.0,0.0,0.0,0,0,,,5,1,0,0,0,0,0,0,0,0,0
3057,Thin Shaded Pipe Horizontal Quarter-Circle End 1,7,Decoration,1,0.0,0.0,0.0,0,0,,,5,1,0,0,0,0,0,0,0,0,0
3058,Thin Shaded Pipe Horizontal Quarter-Circle End 2,7,Decoration,1,0.0,0.0,0.0,0,0,,,5,1,0,0,0,0,0,0,0,0,0
3059,Thin Shaded Pipe Horizontal Triangular End 1,7,Decoration,1,0.0,0.0,0.0,0,0,,,5,1,0,0,0,0,0,0,0,0,0
3060,Thin Shaded Pipe Horizontal Triangular End 2,7,Decoration,1,0.0,0.0,0.0,0,0,,,5,1,0,0,0,0,0,0,0,0,0
3061,Thin Shaded Pipe Square,7,Decoration,1,0.0,0.0,0.0,0,0,,,5,1,0,0,0,0,0,0,0,0,0
3062,Thin Shaded Pipe Up-Left,7,Decoration,1,0.0,0.0,0.0,0,0,,,5,1,0,0,0,0,0,0,0,0,0
3063,Thin Shaded Pipe Up-Left-Right,7,Decoration,1,0.0,0.0,0.0,0,0,,,5,1,0,0,0,0,0,0,0,0,0
3064,Thin Shaded Pipe Left-Right-Down,7,Decoration,1,0.0,0.0,0.0,0,0,,,5,1,0,0,0,0,0,0,0,0,0
3065,Thin Shaded Pipe Up-Left-Right-Down,7,Decoration,1,0.0,0.0,0.0,0,0,,,5,1,0,0,0,0,0,0,0,0,0
3066,Thin Shaded Pipe Up-Left-Down,7,Decoration,1,0.0,0.0,0.0,0,0,,,5,1,0,0,0,0,0,0,0,0,0
3067,Thin Shaded Pipe Horizontal Overlay,7,Decoration,1,0.0,0.0,0.0,0,0,,,6,1,0,0,0,0,0,0,0,0,0
3068,Thin Shaded Pipe Horizontal Rounded End Overlay,7,Decoration,1,0.0,0.0,0.0,0,0,,,6,1,0,0,0,0,0,0,0,0,0
3069,Thin Shaded Pipe Horizontal Square End Overlay,7,Decoration,1,0.0,0.0,0.0,0,0,,,6,1,0,0,0,0,0,0,0,0,0
3070,Thin Shaded Pipe Horizontal Quarter-Circle End 1 Overlay,7,Decoration,1,0.0,0.0,0.0,0,0,,,6,1,0,0,0,0,0,0,0,0,0
3071,Thin Shaded Pipe Horizontal Quarter-Circle End 2 Overlay,7,Decoration,1,0.0,0.0,0.0,0,0,,,6,1,0,0,0,0,0,0,0,0,0
3072,Thin Shaded Pipe Horizontal Triangular End 1 Overlay,7,Decoration,1,0.0,0.0,0.0,0,0,,,6,1,0,0,0,0,0,0,0,0,0
3073,Thin Shaded Pipe Horizontal Triangular End 2 Overlay,7,Decoration,1,0.0,0.0,0.0,0,0,,,6,1,0,0,0,0,0,0,0,0,0
3074,Thin Shaded Pipe Square Overlay,7,Decoration,1,0.0,0.0,0.0,0,0,,,6,1,0,0,0,0,0,0,0,0,0
3075,Thin Shaded Pipe Up-Left Overlay,7,Decoration,1,0.0,0.0,0.0,0,0,,,6,1,0,0,0,0,0,0,0,0,0
3076,Thin Shaded Pipe Up-Left-Right Overlay,7,Decoration,1,0.0,0.0,0.0,0,0,,,6,1,0,0,0,0,0,0,0,0,0
3077,Thin Shaded Pipe Left-Right-Down Overlay,7,Decoration,1,0.0,0.0,0.0,0,0,,,6,1,0,0,0,0,0,0,0,0,0
3078,Thin Shaded Pipe Up-Left-Right-Down Overlay,7,Decoration,1,0.0,0.0,0.0,0,0,,,6,1,0,0,0,0,0,0,0,0,0
3079,Thin Shaded Pipe Up-Left-Down Overlay,7,Decoration,1,0.0,0.0,0.0,0,0,,,6,1,0,0,0,0,0,0,0,0,0
3080,Small Outlined Dot,7,Decoration,1,0.0,0.0,0.0,0,0,,,8,1,0,0,0,0,0,0,0,0,0
3081,Small Outlined Rounded Line,7,Decoration,1,0.0,0.0,0.0,0,0,,,8,1,0,0,0,0,0,0,0,0,0
3082,Small Outlined Square,7,Decoration,1,0.0,0.0,0.0,0,0,,,8,1,0,0,0,0,0,0,0,0,0
3083,Small Outlined Squared Line,7,Decoration,1,0.0,0.0,0.0,0,0,,,8,1,0,0,0,0,0,0,0,0,0
3084,Small Outlined Triangle,7,Decoration,1,0.0,0.0,0.0,0,0,,,8,1,0,0,0,0,0,0,0,0,0
3085,Small Outlined Semicircle,7,Decoration,1,0.0,0.0,0.0,0,0,,,8,1,0,0,0,0,0,0,0,0,0
3086,Crystal 1 Base,7,Decoration,1,0.0,0.0,0.0,0,0,,,8,1,0,0,0,0,0,0,0,0,0
3087,Crystal 1 Outline,7,Decoration,1,0.0,0.0,0.0,0,0,,,8,1,0,0,0,0,0,0,0,0,0
3088,Crystal 2 Base,7,Decoration,1,0.0,0.0,0.0,0,0,,,8,1,0,0,0,0,0,0,0,0,0
3089,Crystal 2 Outline,7,Decoration,1,0.0,0.0,0.0,0,0,,,8,1,0,0,0,0,0,0,0,0,0
3090,Thin Shaded Pipe Left-Down,7,Decoration,1,0.0,0.0,0.0,0,0,,,5,1,0,0,0,0,0,0,0,0,0
3091,Thin Shaded Pipe Left-Down Overlay,7,Decoration,1,0.0,0.0,0.0,0,0,,,6,1,0,0,0,0,0,0,0,0,0
3092,1/1 Block Pixel,7,Decoration,1,0.0,0.0,0.0,0,0,,,9,3,0,0,0,0,0,0,0,0,0
3093,1/4 Block Pixel,7,Decoration,1,0.0,0.0,0.0,0,0,,,9,3,0,0,0,0,0,0,0,0,0
3094,1/9 Block Pixel,7,Decoration,1,0.0,0.0,0.0,0,0,,,9,3,0,0,0,0,0,0,0,0,0
3095,1/16 Block Pixel,7,Decoration,1,0.0,0.0,0.0,0,0,,,9,3,0,0,0,0,0,0,0,0,0
3096,1/25 Block Pixel,7,Decoration,1,0.0,0.0,0.0,0,0,,,9,3,0,0,0,0,0,0,0,0,0
3097,1/36 Block Pixel,7,Decoration,1,0.0,0.0,0.0,0,0,,,9,3,0,0,0,0,0,0,0,0,0
3098,,0,Solid,0,0.0,0.0,0.0,0,0,,,0,5,0,0,0,0,0,0,1,0,0
3099,,0,Solid,0,0.0,0.0,0.0,0,0,,,0,5,0,0,0,0,0,0,1,0,0
3100,,0,Solid,0,0.0,0.0,0.0,0,0,,,0,5,0,0,0,0,0,0,1,0,0
3101,Pixel Art 601,7,Decoration,1,0.0,0.0,0.0,0,0,,,9,3,0,0,0,0,0,0,0,0,0
3102,Pixel Art 602,7,Decoration,1,0.0,0.0,0.0,0,0,,,9,3,0,0,0,0,0,0,0,0,0
3103,Pixel Art 603,7,Decoration,1,0.0,0.0,0.0,0,0,,,9,3,0,0,0,0,0,0,0,0,0
3104,Pixel Art 604,7,Decoration,1,0.0,0.0,0.0,0,0,,,9,3,0,0,0,0,0,0,0,0,0
3105,Pixel Art 605,7,Decoration,1,0.0,0.0,0.0,0,0,,,9,3,0,0,0,0,0,0,0,0,0
3106,Pixel Art 606,7,Decoration,1,0.0,0.0,0.0,0,0,,,9,3,0,0,0,0,0,0,0,0,0
3107,Pixel Art 607,7,Decoration,1,0.0,0.0,0.0,0,0,,,9,3,0,0,0,0,0,0,0,0,0
3108,Pixel Art 608,7,Decoration,1,0.0,0.0,0.0,0,0,,,9,3,0,0,0,0,0,0,0,0,0
3109,Pixel Art 609,7,Decoration,1,0.0,0.0,0.0,0,0,,,9,3,0,0,0,0,0,0,0,0,0
3110,Pixel Art 610,7,Decoration,1,0.0,0.0,0.0,0,0,,,9,3,0,0,0,0,0,0,0,0,0
3111,Pixel Art 611,7,Decoration,1,0.0,0.0,0.0,0,0,,,9,3,0,0,0,0,0,0,0,0,0
3112,Pixel Art 612,7,Decoration,1,0.0,0.0,0.0,0,0,,,9,3,0,0,0,0,0,0,0,0,0
3113,Pixel Art 613,7,Decoration,1,0.0,0.0,0.0,0,0,,,9,3,0,0,0,0,0,0,0,0,0
3114,Pixel Art 614,7,Decoration,1,0.0,0.0,0.0,0,0,,,9,3,0,0,0,0,0,0,0,0,0
3115,Pixel Art 615,7,Decoration,1,0.0,0.0,0.0,0,0,,,9,3,0,0,0,0,0,0,0,0,0
3116,Pixel Art 616,7,Decoration,1,0.0,0.0,0.0,0,0,,,9,3,0,0,0,0,0,0,0,0,0
3117,Pixel Art 617,7,Decoration,1,0.0,0.0,0.0,0,0,,,9,3,0,0,0,0,0,0,0,0,0
3118,Pixel Art 618,7,Decoration,1,0.0,0.0,0.0,0,0,,,9,3,0,0,0,0,0,0,0,0,0
3119,Pixel Art 619,0,Solid,0,0.0,0.0,0.0,0,0,,,0,5,0,0,0,0,0,0,1,0,0
3120,Pixel Art 620,0,Solid,0,0.0,0.0,0.0,0,0,,,0,5,0,0,0,0,0,0,1,0,0
3121,Pixel Art 621,0,Solid,0,0.0,0.0,0.0,0,0,,,0,5,0,0,0,0,0,0,1,0,0
3122,Pixel Art 622,7,Decoration,1,0.0,0.0,0.0,0,0,,,9,3,0,0,0,0,0,0,0,0,0
3123,Pixel Art 623,7,Decoration,1,0.0,0.0,0.0,0,0,,,9,3,0,0,0,0,0,0,0,0,0
3124,Pixel Art 624,7,Decoration,1,0.0,0.0,0.0,0,0,,,9,3,0,0,0,0,0,0,0,0,0
3125,Pixel Art 625,7,Decoration,1,0.0,0.0,0.0,0,0,,,9,3,0,0,0,0,0,0,0,0,0
3126,Pixel Art 626,7,Decoration,1,0.0,0.0,0.0,0,0,,,9,3,0,0,0,0,0,0,0,0,0
3127,Pixel Art 627,7,Decoration,1,0.0,0.0,0.0,0,0,,,9,3,0,0,0,0,0,0,0,0,0
3128,Pixel Art 628,7,Decoration,1,0.0,0.0,0.0,0,0,,,9,3,0,0,0,0,0,0,0,0,0
3129,Pixel Art 629,7,Decoration,1,0.0,0.0,0.0,0,0,,,9,3,0,0,0,0,0,0,0,0,0
3130,Pixel Art 630,7,Decoration,1,0.0,0.0,0.0,0,0,,,9,3,0,0,0,0,0,0,0,0,0
3131,Pixel Art 631,7,Decoration,1,0.0,0.0,0.0,0,0,,,9,3,0,0,0,0,0,0,0,0,0
3132,Pixel Art 632,7,Decoration,1,0.0,0.0,0.0,0,0,,,9,3,0,0,0,0,0,0,0,0,0
3133,Pixel Art 633,7,Decoration,1,0.0,0.0,0.0,0,0,,,9,3,0,0,0,0,0,0,0,0,0
3134,Pixel Art 634,7,Decoration,1,0.0,0.0,0.0,0,0,,,9,3,0,0,0,0,0,0,0,0,0
3135,Jungle Vines Pixel Art,7,Decoration,1,0.0,0.0,0.0,0,0,,,9,3,0,0,0,0,0,0,0,0,0
3136,Jungle Vines Pixel Art,7,Decoration,1,0.0,0.0,0.0,0,0,,,9,3,0,0,0,0,0,0,0,0,0
3137,Jungle Vines Pixel Art,7,Decoration,1,0.0,0.0,0.0,0,0,,,9,3,0,0,0,0,0,0,0,0,0
3138,Pixel Art 638,7,Decoration,1,0.0,0.0,0.0,0,0,,,9,3,0,0,0,0,0,0,0,0,0
3139,Pixel Art 639,7,Decoration,1,0.0,0.0,0.0,0,0,,,9,3,0,0,0,0,0,0,0,0,0
3140,Pixel Art 640,7,Decoration,1,0.0,0.0,0.0,0,0,,,9,3,0,0,0,0,0,0,0,0,0
3141,Pixel Art 641,7,Decoration,1,0.0,0.0,0.0,0,0,,,9,3,0,0,0,0,0,0,0,0,0
3142,Pixel Art 642,7,Decoration,1,0.0,0.0,0.0,0,0,,,9,3,0,0,0,0,0,0,0,0,0
3143,Pixel Art 643,7,Decoration,1,0.0,0.0,0.0,0,0,,,9,3,0,0,0,0,0,0,0,0,0
3144,Pixel Art 644,7,Decoration,1,0.0,0.0,0.0,0,0,,,9,3,0,0,0,0,0,0,0,0,0
3145,Pixel Art 645,7,Decoration,1,0.0,0.0,0.0,0,0,,,9,3,0,0,0,0,0,0,0,0,0
3146,Pixel Art 646,7,Decoration,1,0.0,0.0,0.0,0,0,,,9,3,0,0,0,0,0,0,0,0,0
3147,Pixel Art 647,7,Decoration,1,0.0,0.0,0.0,0,0,,,9,3,0,0,0,0,0,0,0,0,0
3148,Pixel Art 648,7,Decoration,1,0.0,0.0,0.0,0,0,,,9,3,0,0,0,0,0,0,0,0,0
3149,Pixel Art 649,7,Decoration,1,0.0,0.0,0.0,0,0,,,9,3,0,0,0,0,0,0,0,0,0
3150,Pixel Art 650,7,Decoration,1,0.0,0.0,0.0,0,0,,,9,3,0,0,0,0,0,0,0,0,0
3151,Pixel Art 651,7,Decoration,1,0.0,0.0,0.0,0,0,,,9,3,0,0,0,0,0,0,0,0,0
3152,Pixel Art 652,7,Decoration,1,0.0,0.0,0.0,0,0,,,9,3,0,0,0,0,0,0,0,0,0
3153,Pixel Art 653,7,Decoration,1,0.0,0.0,0.0,0,0,,,9,3,0,0,0,0,0,0,0,0,0
3154,Pixel Art 654,7,Decoration,1,0.0,0.0,0.0,0,0,,,9,3,0,0,0,0,0,0,0,0,0
3155,Pixel Art 655,7,Decoration,1,0.0,0.0,0.0,0,0,,,9,3,0,0,0,0,0,0,0,0,0
3156,Pixel Art 656,7,Decoration,1,0.0,0.0,0.0,0,0,,,9,3,0,0,0,0,0,0,0,0,0
3157,Pixel Art 657,7,Decoration,1,0.0,0.0,0.0,0,0,,,9,3,0,0,0,0,0,0,0,0,0
3158,Pixel Art 658,7,Decoration,1,0.0,0.0,0.0,0,0,,,9,3,0,0,0,0,0,0,0,0,0
3159,Pixel Art 659,7,Decoration,1,0.0,0.0,0.0,0,0,,,9,3,0,0,0,0,0,0,0,0,0
3160,Pixel Art 660,7,Decoration,1,0.0,0.0,0.0,0,0,,,9,3,0,0,0,0,0,0,0,0,0
3161,Pixel Art 661,7,Decoration,1,0.0,0.0,0.0,0,0,,,9,3,0,0,0,0,0,0,0,0,0
3162,Pixel Art 662,7,Decoration,1,0.0,0.0,0.0,0,0,,,9,3,0,0,0,0,0,0,0,0,0
3163,Pixel Art 663,7,Decoration,1,0.0,0.0,0.0,0,0,,,9,3,0,0,0,0,0,0,0,0,0
3164,Pixel Art 664,7,Decoration,1,0.0,0.0,0.0,0,0,,,9,3,0,0,0,0,0,0,0,0,0
3165,Pixel Art 665,7,Decoration,1,0.0,0.0,0.0,0,0,,,9,3,0,0,0,0,0,0,0,0,0
3166,Pixel Art 666,7,Decoration,1,0.0,0.0,0.0,0,0,,,9,3,0,0,0,0,0,0,0,0,0
3167,Pixel Art 667,7,Decoration,1,0.0,0.0,0.0,0,0,,,9,3,0,0,0,0,0,0,0,0,0
3168,Pixel Art 668,7,Decoration,1,0.0,0.0,0.0,0,0,,,9,3,0,0,0,0,0,0,0,0,0
3169,Pixel Art 669,7,Decoration,1,0.0,0.0,0.0,0,0,,,9,3,0,0,0,0,0,0,0,0,0
3170,Pixel Art 670,7,Decoration,1,0.0,0.0,0.0,0,0,,,9,3,0,0,0,0,0,0,0,0,0
3171,Pixel Art 671,7,Decoration,1,0.0,0.0,0.0,0,0,,,9,3,0,0,0,0,0,0,0,0,0
3172,Pixel Art 672,7,Decoration,1,0.0,0.0,0.0,0,0,,,9,3,0,0,0,0,0,0,0,0,0
3173,Pixel Art 673,7,Decoration,1,0.0,0.0,0.0,0,0,,,9,3,0,0,0,0,0,0,0,0,0
3174,Pixel Art 674,7,Decoration,1,0.0,0.0,0.0,0,0,,,9,3,0,0,0,0,0,0,0,0,0
3175,Pixel Art 675,7,Decoration,1,0.0,0.0,0.0,0,0,,,9,3,0,0,0,0,0,0,0,0,0
3176,Pixel Art 676,7,Decoration,1,0.0,0.0,0.0,0,0,,,9,3,0,0,0,0,0,0,0,0,0
3177,Pixel Art 677,7,Decoration,1,0.0,0.0,0.0,0,0,,,9,3,0,0,0,0,0,0,0,0,0
3178,Pixel Art 678,7,Decoration,1,0.0,0.0,0.0,0,0,,,9,3,0,0,0,0,0,0,0,0,0
3179,Pixel Art 679,7,Decoration,1,0.0,0.0,0.0,0,0,,,9,3,0,0,0,0,0,0,0,0,0
3180,Pixel Art 680,7,Decoration,1,0.0,0.0,0.0,0,0,,,9,3,0,0,0,0,0,0,0,0,0
3181,Pixel Art 681,7,Decoration,1,0.0,0.0,0.0,0,0,,,9,3,0,0,0,0,0,0,0,0,0
3182,Pixel Art 682,7,Decoration,1,0.0,0.0,0.0,0,0,,,9,3,0,0,0,0,0,0,0,0,0
3183,Pixel Art 683,7,Decoration,1,0.0,0.0,0.0,0,0,,,9,3,0,0,0,0,0,0,0,0,0
3184,Pixel Art 684,7,Decoration,1,0.0,0.0,0.0,0,0,,,9,3,0,0,0,0,0,0,0,0,0
3185,Pixel Art 685,7,Decoration,1,0.0,0.0,0.0,0,0,,,9,3,0,0,0,0,0,0,0,0,0
3186,Pixel Art 686,7,Decoration,1,0.0,0.0,0.0,0,0,,,9,3,0,0,0,0,0,0,0,0,0
3187,Pixel Art 687,7,Decoration,1,0.0,0.0,0.0,0,0,,,9,3,0,0,0,0,0,0,0,0,0
3188,Pixel Art 688,7,Decoration,1,0.0,0.0,0.0,0,0,,,9,3,0,0,0,0,0,0,0,0,0
3189,Pixel Art 689,7,Decoration,1,0.0,0.0,0.0,0,0,,,9,3,0,0,0,0,0,0,0,0,0
3190,Pixel Art 690,7,Decoration,1,0.0,0.0,0.0,0,0,,,9,3,0,0,0,0,0,0,0,0,0
3191,Pixel Art 691,7,Decoration,1,0.0,0.0,0.0,0,0,,,9,3,0,0,0,0,0,0,0,0,0
3192,Pixel Art 692,7,Decoration,1,0.0,0.0,0.0,0,0,,,9,3,0,0,0,0,0,0,0,0,0
3193,Pixel Art 693,7,Decoration,1,0.0,0.0,0.0,0,0,,,9,3,0,0,0,0,0,0,0,0,0
3194,Pixel Art 694,7,Decoration,1,0.0,0.0,0.0,0,0,,,9,3,0,0,0,0,0,0,0,0,0
3195,Pixel Art 695,7,Decoration,1,0.0,0.0,0.0,0,0,,,9,3,0,0,0,0,0,0,0,0,0
3196,Pixel Art 696,7,Decoration,1,0.0,0.0,0.0,0,0,,,9,3,0,0,0,0,0,0,0,0,0
3197,Pixel Art 697,7,Decoration,1,0.0,0.0,0.0,0,0,,,9,3,0,0,0,0,0,0,0,0,0
3198,Pixel Art 698,7,Decoration,1,0.0,0.0,0.0,0,0,,,9,3,0,0,0,0,0,0,0,0,0
3199,Pixel Art 699,7,Decoration,1,0.0,0.0,0.0,0,0,,,9,3,0,0,0,0,0,0,0,0,0
3200,Pixel Art 700,7,Decoration,1,0.0,0.0,0.0,0,0,,,9,3,0,0,0,0,0,0,0,0,0
3201,Pixel Art 701,7,Decoration,1,0.0,0.0,0.0,0,0,,,9,3,0,0,0,0,0,0,0,0,0
3202,Pixel Art 702,7,Decoration,1,0.0,0.0,0.0,0,0,,,9,3,0,0,0,0,0,0,0,0,0
3203,Pixel Art 703,7,Decoration,1,0.0,0.0,0.0,0,0,,,9,3,0,0,0,0,0,0,0,0,0
3204,Pixel Art 704,7,Decoration,1,0.0,0.0,0.0,0,0,,,9,3,0,0,0,0,0,0,0,0,0
3205,Pixel Art 705,7,Decoration,1,0.0,0.0,0.0,0,0,,,9,3,0,0,0,0,0,0,0,0,0
3206,Pixel Art 706,7,Decoration,1,0.0,0.0,0.0,0,0,,,9,3,0,0,0,0,0,0,0,0,0
3207,Pixel Art 707,7,Decoration,1,0.0,0.0,0.0,0,0,,,9,3,0,0,0,0,0,0,0,0,0
3208,Pixel Art 708,7,Decoration,1,0.0,0.0,0.0,0,0,,,9,3,0,0,0,0,0,0,0,0,0
3209,Pixel Art 709,7,Decoration,1,0.0,0.0,0.0,0,0,,,9,3,0,0,0,0,0,0,0,0,0
3210,Pixel Art 710,7,Decoration,1,0.0,0.0,0.0,0,0,,,9,3,0,0,0,0,0,0,0,0,0
3211,Pixel Art 711,7,Decoration,1,0.0,0.0,0.0,0,0,,,9,3,0,0,0,0,0,0,0,0,0
3212,Pixel Art 712,7,Decoration,1,0.0,0.0,0.0,0,0,,,9,3,0,0,0,0,0,0,0,0,0
3213,Pixel Art 713,7,Decoration,1,0.0,0.0,0.0,0,0,,,9,3,0,0,0,0,0,0,0,0,0
3214,Pixel Art 714,7,Decoration,1,0.0,0.0,0.0,0,0,,,9,3,0,0,0,0,0,0,0,0,0
3215,Pixel Art 715,7,Decoration,1,0.0,0.0,0.0,0,0,,,9,3,0,0,0,0,0,0,0,0,0
3216,Pixel Art 716,7,Decoration,1,0.0,0.0,0.0,0,0,,,9,3,0,0,0,0,0,0,0,0,0
3217,Pixel Art 717,7,Decoration,1,0.0,0.0,0.0,0,0,,,9,3,0,0,0,0,0,0,0,0,0
3218,Pixel Art 718,7,Decoration,1,0.0,0.0,0.0,0,0,,,9,3,0,0,0,0,0,0,0,0,0
3219,Pixel Art 719,0,Solid,0,0.0,0.0,0.0,0,0,,,0,5,0,0,0,0,0,0,1,0,0
3220,Pixel Art 720,7,Decoration,1,0.0,0.0,0.0,0,0,,,9,3,0,0,0,0,0,0,0,0,0
3221,Pixel Art 721,7,Decoration,1,0.0,0.0,0.0,0,0,,,9,3,0,0,0,0,0,0,0,0,0
3222,Pixel Art 722,7,Decoration,1,0.0,0.0,0.0,0,0,,,9,3,0,0,0,0,0,0,0,0,0
3223,Pixel Art 723,7,Decoration,1,0.0,0.0,0.0,0,0,,,9,3,0,0,0,0,0,0,0,0,0
3224,Pixel Art 724,7,Decoration,1,0.0,0.0,0.0,0,0,,,9,3,0,0,0,0,0,0,0,0,0
3225,Pixel Art 725,7,Decoration,1,0.0,0.0,0.0,0,0,,,9,3,0,0,0,0,0,0,0,0,0
3226,Pixel Art 726,7,Decoration,1,0.0,0.0,0.0,0,0,,,9,3,0,0,0,0,0,0,0,0,0
3227,Pixel Art 727,7,Decoration,1,0.0,0.0,0.0,0,0,,,9,3,0,0,0,0,0,0,0,0,0
3228,Pixel Art 728,7,Decoration,1,0.0,0.0,0.0,0,0,,,9,3,0,0,0,0,0,0,0,0,0
3229,Pixel Art 729,7,Decoration,1,0.0,0.0,0.0,0,0,,,9,3,0,0,0,0,0,0,0,0,0
3230,Pixel Art 730,7,Decoration,1,0.0,0.0,0.0,0,0,,,9,3,0,0,0,0,0,0,0,0,0
3231,Pixel Art 731,7,Decoration,1,0.0,0.0,0.0,0,0,,,9,3,0,0,0,0,0,0,0,0,0
3232,Pixel Art 732,7,Decoration,1,0.0,0.0,0.0,0,0,,,9,3,0,0,0,0,0,0,0,0,0
3233,Pixel Art 732,7,Decoration,1,0.0,0.0,0.0,0,0,,,9,3,0,0,0,0,0,0,0,0,0
3234,Pixel Art 734,7,Decoration,1,0.0,0.0,0.0,0,0,,,9,3,0,0,0,0,0,0,0,0,0
3235,Pixel Art 735,7,Decoration,1,0.0,0.0,0.0,0,0,,,9,3,0,0,0,0,0,0,0,0,0
3236,Pixel Art 736,7,Decoration,1,0.0,0.0,0.0,0,0,,,9,3,0,0,0,0,0,0,0,0,0
3237,Pixel Art 737,7,Decoration,1,0.0,0.0,0.0,0,0,,,9,3,0,0,0,0,0,0,0,0,0
3238,Pixel Art 738,7,Decoration,1,0.0,0.0,0.0,0,0,,,9,3,0,0,0,0,0,0,0,0,0
3239,Pixel Art 739,7,Decoration,1,0.0,0.0,0.0,0,0,,,9,3,0,0,0,0,0,0,0,0,0
3240,Pixel Art 740,7,Decoration,1,0.0,0.0,0.0,0,0,,,9,3,0,0,0,0,0,0,0,0,0
3241,Pixel Art 741,7,Decoration,1,0.0,0.0,0.0,0,0,,,9,3,0,0,0,0,0,0,0,0,0
3242,Pixel Art 742,7,Decoration,1,0.0,0.0,0.0,0,0,,,9,3,0,0,0,0,0,0,0,0,0
3243,Pixel Art 743,7,Decoration,1,0.0,0.0,0.0,0,0,,,9,3,0,0,0,0,0,0,0,0,0
3244,Pixel Art 744,7,Decoration,1,0.0,0.0,0.0,0,0,,,9,3,0,0,0,0,0,0,0,0,0
3245,Pixel Art 745,7,Decoration,1,0.0,0.0,0.0,0,0,,,9,3,0,0,0,0,0,0,0,0,0
3246,Pixel Art 746,7,Decoration,1,0.0,0.0,0.0,0,0,,,9,3,0,0,0,0,0,0,0,0,0
3247,Pixel Art 747,7,Decoration,1,0.0,0.0,0.0,0,0,,,9,3,0,0,0,0,0,0,0,0,0
3248,Pixel Art 748,7,Decoration,1,0.0,0.0,0.0,0,0,,,9,3,0,0,0,0,0,0,0,0,0
3249,Pixel Art 749,7,Decoration,1,0.0,0.0,0.0,0,0,,,9,3,0,0,0,0,0,0,0,0,0
3250,Pixel Art 750,7,Decoration,1,0.0,0.0,0.0,0,0,,,9,3,0,0,0,0,0,0,0,0,0
3251,Pixel Art 751,7,Decoration,1,0.0,0.0,0.0,0,0,,,9,3,0,0,0,0,0,0,0,0,0
3252,Pixel Art 752,7,Decoration,1,0.0,0.0,0.0,0,0,,,9,3,0,0,0,0,0,0,0,0,0
3253,Pixel Art 753,7,Decoration,1,0.0,0.0,0.0,0,0,,,9,3,0,0,0,0,0,0,0,0,0
3254,Pixel Art 754,7,Decoration,1,0.0,0.0,0.0,0,0,,,9,3,0,0,0,0,0,0,0,0,0
3255,Pixel Art 755,7,Decoration,1,0.0,0.0,0.0,0,0,,,9,3,0,0,0,0,0,0,0,0,0
3256,Pixel Art 756,7,Decoration,1,0.0,0.0,0.0,0,0,,,9,3,0,0,0,0,0,0,0,0,0
3257,Pixel Art 757,7,Decoration,1,0.0,0.0,0.0,0,0,,,9,3,0,0,0,0,0,0,0,0,0
3258,Pixel Art 1139,7,Decoration,1,0.0,0.0,0.0,0,0,,,9,3,0,0,0,0,0,0,0,0,0
3259,Pixel Art 1139,7,Decoration,1,0.0,0.0,0.0,0,0,,,9,3,0,0,0,0,0,0,0,0,0
3260,Pixel Art 760,7,Decoration,1,0.0,0.0,0.0,0,0,,,9,3,0,0,0,0,0,0,0,0,0
3261,Pixel Art 124,7,Decoration,1,0.0,0.0,0.0,0,0,,,9,3,0,0,0,0,0,0,0,0,0
3262,Pixel Art 124,7,Decoration,1,0.0,0.0,0.0,0,0,,,9,3,0,0,0,0,0,0,0,0,0
3263,Pixel Art 763,7,Decoration,1,0.0,0.0,0.0,0,0,,,9,3,0,0,0,0,0,0,0,0,0
3264,Pixel Art 764,7,Decoration,1,0.0,0.0,0.0,0,0,,,9,3,0,0,0,0,0,0,0,0,0
3265,Pixel Art 765,7,Decoration,1,0.0,0.0,0.0,0,0,,,9,3,0,0,0,0,0,0,0,0,0
3266,Pixel Art 766,7,Decoration,1,0.0,0.0,0.0,0,0,,,9,3,0,0,0,0,0,0,0,0,0
3267,Pixel Art 767,7,Decoration,1,0.0,0.0,0.0,0,0,,,9,3,0,0,0,0,0,0,0,0,0
3268,Pixel Art 124,7,Decoration,1,0.0,0.0,0.0,0,0,,,9,3,0,0,0,0,0,0,0,0,0
3269,Pixel Art 124,7,Decoration,1,0.0,0.0,0.0,0,0,,,9,3,0,0,0,0,0,0,0,0,0
3270,Pixel Art 770,7,Decoration,1,0.0,0.0,0.0,0,0,,,9,3,0,0,0,0,0,0,0,0,0
3271,Pixel Art 124,7,Decoration,1,0.0,0.0,0.0,0,0,,,9,3,0,0,0,0,0,0,0,0,0
3272,Pixel Art 770,7,Decoration,1,0.0,0.0,0.0,0,0,,,9,3,0,0,0,0,0,0,0,0,0
3273,Pixel Art 773,7,Decoration,1,0.0,0.0,0.0,0,0,,,9,3,0,0,0,0,0,0,0,0,0
3274,Pixel Art 774,7,Decoration,1,0.0,0.0,0.0,0,0,,,9,3,0,0,0,0,0,0,0,0,0
3275,Pixel Art 775,7,Decoration,1,0.0,0.0,0.0,0,0,,,9,3,0,0,0,0,0,0,0,0,0
3276,Pixel Art 776,7,Decoration,1,0.0,0.0,0.0,0,0,,,9,3,0,0,0,0,0,0,0,0,0
3277,Pixel Art 777,7,Decoration,1,0.0,0.0,0.0,0,0,,,9,3,0,0,0,0,0,0,0,0,0
3278,Pixel Art 778,7,Decoration,1,0.0,0.0,0.0,0,0,,,9,3,0,0,0,0,0,0,0,0,0
3279,Pixel Art 779,7,Decoration,1,0.0,0.0,0.0,0,0,,,9,3,0,0,0,0,0,0,0,0,0
3280,Pixel Art 780,7,Decoration,1,0.0,0.0,0.0,0,0,,,9,3,0,0,0,0,0,0,0,0,0
3281,Pixel Art 781,7,Decoration,1,0.0,0.0,0.0,0,0,,,9,3,0,0,0,0,0,0,0,0,0
3282,Pixel Art 782,7,Decoration,1,0.0,0.0,0.0,0,0,,,9,3,0,0,0,0,0,0,0,0,0
3283,Pixel Art 783,7,Decoration,1,0.0,0.0,0.0,0,0,,,9,3,0,0,0,0,0,0,0,0,0
3284,Pixel Art 784,7,Decoration,1,0.0,0.0,0.0,0,0,,,9,3,0,0,0,0,0,0,0,0,0
3285,Pixel Art 785,7,Decoration,1,0.0,0.0,0.0,0,0,,,9,3,0,0,0,0,0,0,0,0,0
3286,Pixel Art 786,7,Decoration,1,0.0,0.0,0.0,0,0,,,9,3,0,0,0,0,0,0,0,0,0
3287,Pixel Art 787,7,Decoration,1,0.0,0.0,0.0,0,0,,,9,3,0,0,0,0,0,0,0,0,0
3288,Pixel Art 788,7,Decoration,1,0.0,0.0,0.0,0,0,,,9,3,0,0,0,0,0,0,0,0,0
3289,Pixel Art 789,7,Decoration,1,0.0,0.0,0.0,0,0,,,9,3,0,0,0,0,0,0,0,0,0
3290,Pixel Art 790,7,Decoration,1,0.0,0.0,0.0,0,0,,,9,3,0,0,0,0,0,0,0,0,0
3291,Pixel Art 790,7,Decoration,1,0.0,0.0,0.0,0,0,,,9,3,0,0,0,0,0,0,0,0,0
3292,Pixel Art 792,7,Decoration,1,0.0,0.0,0.0,0,0,,,9,3,0,0,0,0,0,0,0,0,0
3293,Pixel Art 793,7,Decoration,1,0.0,0.0,0.0,0,0,,,9,3,0,0,0,0,0,0,0,0,0
3294,Pixel Art 794,7,Decoration,1,0.0,0.0,0.0,0,0,,,9,3,0,0,0,0,0,0,0,0,0
3295,Pixel Art 795,7,Decoration,1,0.0,0.0,0.0,0,0,,,9,3,0,0,0,0,0,0,0,0,0
3296,Pixel Art 796,7,Decoration,1,0.0,0.0,0.0,0,0,,,9,3,0,0,0,0,0,0,0,0,0
3297,Pixel Art 797,7,Decoration,1,0.0,0.0,0.0,0,0,,,9,3,0,0,0,0,0,0,0,0,0
3298,Pixel Art 798,7,Decoration,1,0.0,0.0,0.0,0,0,,,9,3,0,0,0,0,0,0,0,0,0
3299,Pixel Art 799,7,Decoration,1,0.0,0.0,0.0,0,0,,,9,3,0,0,0,0,0,0,0,0,0
3300,Pixel Art 800,7,Decoration,1,0.0,0.0,0.0,0,0,,,9,3,0,0,0,0,0,0,0,0,0
3301,Pixel Art 801,7,Decoration,1,0.0,0.0,0.0,0,0,,,9,3,0,0,0,0,0,0,0,0,0
3302,Pixel Art 802,7,Decoration,1,0.0,0.0,0.0,0,0,,,9,3,0,0,0,0,0,0,0,0,0
3303,Tiny Animated Fire Pixel Art,0,Solid,0,0.0,0.0,0.0,0,0,,,0,5,0,0,0,0,0,0,1,0,0
3304,Tiny Animated Fire Pixel Art,0,Solid,0,0.0,0.0,0.0,0,0,,,0,5,0,0,0,0,0,0,1,0,0
3305,Pixel Art 805,7,Decoration,1,0.0,0.0,0.0,0,0,,,9,3,0,0,0,0,0,0,0,0,0
3306,Pixel Art 806,7,Decoration,1,0.0,0.0,0.0,0,0,,,9,3,0,0,0,0,0,0,0,0,0
3307,Pixel Art 806,7,Decoration,1,0.0,0.0,0.0,0,0,,,9,3,0,0,0,0,0,0,0,0,0
3308,Pixel Art 808,7,Decoration,1,0.0,0.0,0.0,0,0,,,9,3,0,0,0,0,0,0,0,0,0
3309,Pixel Art 809,7,Decoration,1,0.0,0.0,0.0,0,0,,,9,3,0,0,0,0,0,0,0,0,0
3310,Pixel Art 810,7,Decoration,1,0.0,0.0,0.0,0,0,,,9,3,0,0,0,0,0,0,0,0,0
3311,Pixel Art 811,7,Decoration,1,0.0,0.0,0.0,0,0,,,9,3,0,0,0,0,0,0,0,0,0
3312,Pixel Art 812,7,Decoration,1,0.0,0.0,0.0,0,0,,,9,3,0,0,0,0,0,0,0,0,0
3313,Pixel Art 813,7,Decoration,1,0.0,0.0,0.0,0,0,,,9,3,0,0,0,0,0,0,0,0,0
3314,Pixel Art 814,7,Decoration,1,0.0,0.0,0.0,0,0,,,9,3,0,0,0,0,0,0,0,0,0
3315,Pixel Art 815,7,Decoration,1,0.0,0.0,0.0,0,0,,,9,3,0,0,0,0,0,0,0,0,0
3316,Pixel Art 816,7,Decoration,1,0.0,0.0,0.0,0,0,,,9,3,0,0,0,0,0,0,0,0,0
3317,Pixel Art 817,7,Decoration,1,0.0,0.0,0.0,0,0,,,9,3,0,0,0,0,0,0,0,0,0
3318,Pixel Art 818,7,Decoration,1,0.0,0.0,0.0,0,0,,,9,3,0,0,0,0,0,0,0,0,0
3319,Pixel Art 819,7,Decoration,1,0.0,0.0,0.0,0,0,,,9,3,0,0,0,0,0,0,0,0,0
3320,Pixel Art 820,7,Decoration,1,0.0,0.0,0.0,0,0,,,9,3,0,0,0,0,0,0,0,0,0
3321,Pixel Art 821,7,Decoration,1,0.0,0.0,0.0,0,0,,,9,3,0,0,0,0,0,0,0,0,0
3322,Pixel Art 822,7,Decoration,1,0.0,0.0,0.0,0,0,,,9,3,0,0,0,0,0,0,0,0,0
3323,Pixel Art 823,7,Decoration,1,0.0,0.0,0.0,0,0,,,9,3,0,0,0,0,0,0,0,0,0
3324,Pixel Art 824,7,Decoration,1,0.0,0.0,0.0,0,0,,,9,3,0,0,0,0,0,0,0,0,0
3325,Pixel Art 825,7,Decoration,1,0.0,0.0,0.0,0,0,,,9,3,0,0,0,0,0,0,0,0,0
3326,Pixel Art 826,7,Decoration,1,0.0,0.0,0.0,0,0,,,9,3,0,0,0,0,0,0,0,0,0
3327,Pixel Art 827,7,Decoration,1,0.0,0.0,0.0,0,0,,,9,3,0,0,0,0,0,0,0,0,0
3328,Pixel Art 828,7,Decoration,1,0.0,0.0,0.0,0,0,,,9,3,0,0,0,0,0,0,0,0,0
3329,Pixel Art 829,7,Decoration,1,0.0,0.0,0.0,0,0,,,9,3,0,0,0,0,0,0,0,0,0
3330,Pixel Art 830,7,Decoration,1,0.0,0.0,0.0,0,0,,,9,3,0,0,0,0,0,0,0,0,0
3331,Pixel Art 831,7,Decoration,1,0.0,0.0,0.0,0,0,,,9,3,0,0,0,0,0,0,0,0,0
3332,Pixel Art 832,7,Decoration,1,0.0,0.0,0.0,0,0,,,9,3,0,0,0,0,0,0,0,0,0
3333,Pixel Art 833,7,Decoration,1,0.0,0.0,0.0,0,0,,,9,3,0,0,0,0,0,0,0,0,0
3334,Pixel Art 834,7,Decoration,1,0.0,0.0,0.0,0,0,,,9,3,0,0,0,0,0,0,0,0,0
3335,Pixel Art 835,7,Decoration,1,0.0,0.0,0.0,0,0,,,9,3,0,0,0,0,0,0,0,0,0
3336,Pixel Art 836,7,Decoration,1,0.0,0.0,0.0,0,0,,,9,3,0,0,0,0,0,0,0,0,0
3337,Pixel Art 837,7,Decoration,1,0.0,0.0,0.0,0,0,,,9,3,0,0,0,0,0,0,0,0,0
3338,Pixel Art 838,7,Decoration,1,0.0,0.0,0.0,0,0,,,9,3,0,0,0,0,0,0,0,0,0
3339,Pixel Art 839,7,Decoration,1,0.0,0.0,0.0,0,0,,,9,3,0,0,0,0,0,0,0,0,0
3340,Pixel Art 840,7,Decoration,1,0.0,0.0,0.0,0,0,,,9,3,0,0,0,0,0,0,0,0,0
3341,Pixel Art 841,7,Decoration,1,0.0,0.0,0.0,0,0,,,9,3,0,0,0,0,0,0,0,0,0
3342,Pixel Art 842,7,Decoration,1,0.0,0.0,0.0,0,0,,,9,3,0,0,0,0,0,0,0,0,0
3343,Pixel Art 843,7,Decoration,1,0.0,0.0,0.0,0,0,,,9,3,0,0,0,0,0,0,0,0,0
3344,Pixel Art 844,7,Decoration,1,0.0,0.0,0.0,0,0,,,9,3,0,0,0,0,0,0,0,0,0
3345,Pixel Art 1139,7,Decoration,1,0.0,0.0,0.0,0,0,,,9,3,0,0,0,0,0,0,0,0,0
3346,Pixel Art 846,7,Decoration,1,0.0,0.0,0.0,0,0,,,9,3,0,0,0,0,0,0,0,0,0
3347,Pixel Art 847,7,Decoration,1,0.0,0.0,0.0,0,0,,,9,3,0,0,0,0,0,0,0,0,0
3348,Pixel Art 848,7,Decoration,1,0.0,0.0,0.0,0,0,,,9,3,0,0,0,0,0,0,0,0,0
3349,Pixel Art 849,7,Decoration,1,0.0,0.0,0.0,0,0,,,9,3,0,0,0,0,0,0,0,0,0
3350,Pixel Art 850,7,Decoration,1,0.0,0.0,0.0,0,0,,,9,3,0,0,0,0,0,0,0,0,0
3351,Pixel Art 851,7,Decoration,1,0.0,0.0,0.0,0,0,,,9,3,0,0,0,0,0,0,0,0,0
3352,Pixel Art 852,7,Decoration,1,0.0,0.0,0.0,0,0,,,9,3,0,0,0,0,0,0,0,0,0
3353,Pixel Art 853,7,Decoration,1,0.0,0.0,0.0,0,0,,,9,3,0,0,0,0,0,0,0,0,0
3354,Pixel Art 854,7,Decoration,1,0.0,0.0,0.0,0,0,,,9,3,0,0,0,0,0,0,0,0,0
3355,Pixel Art Line,7,Decoration,1,0.0,0.0,0.0,0,0,,,9,3,0,0,0,0,0,0,0,0,0
3356,Pixel Art 856,7,Decoration,1,0.0,0.0,0.0,0,0,,,9,3,0,0,0,0,0,0,0,0,0
3357,Pixel Art 857,7,Decoration,1,0.0,0.0,0.0,0,0,,,9,3,0,0,0,0,0,0,0,0,0
3358,Pixel Art 858,7,Decoration,1,0.0,0.0,0.0,0,0,,,9,3,0,0,0,0,0,0,0,0,0
3359,Pixel Art 859,7,Decoration,1,0.0,0.0,0.0,0,0,,,9,3,0,0,0,0,0,0,0,0,0
3360,Pixel Art 860,7,Decoration,1,0.0,0.0,0.0,0,0,,,9,3,0,0,0,0,0,0,0,0,0
3361,Pixel Art 861,7,Decoration,1,0.0,0.0,0.0,0,0,,,9,3,0,0,0,0,0,0,0,0,0
3362,Pixel Art 862,7,Decoration,1,0.0,0.0,0.0,0,0,,,9,3,0,0,0,0,0,0,0,0,0
3363,Pixel Art 863,7,Decoration,1,0.0,0.0,0.0,0,0,,,9,3,0,0,0,0,0,0,0,0,0
3364,Pixel Art 1139,7,Decoration,1,0.0,0.0,0.0,0,0,,,9,3,0,0,0,0,0,0,0,0,0
3365,Pixel Art 865,7,Decoration,1,0.0,0.0,0.0,0,0,,,9,3,0,0,0,0,0,0,0,0,0
3366,Pixel Art 866,7,Decoration,1,0.0,0.0,0.0,0,0,,,9,3,0,0,0,0,0,0,0,0,0
3367,Pixel Art 867,7,Decoration,1,0.0,0.0,0.0,0,0,,,9,3,0,0,0,0,0,0,0,0,0
3368,Pixel Art 868,7,Decoration,1,0.0,0.0,0.0,0,0,,,9,3,0,0,0,0,0,0,0,0,0
3369,Pixel Art 869,7,Decoration,1,0.0,0.0,0.0,0,0,,,9,3,0,0,0,0,0,0,0,0,0
3370,Pixel Art 869,7,Decoration,1,0.0,0.0,0.0,0,0,,,9,3,0,0,0,0,0,0,0,0,0
3371,Pixel Art 871,7,Decoration,1,0.0,0.0,0.0,0,0,,,9,3,0,0,0,0,0,0,0,0,0
3372,Pixel Art 872,7,Decoration,1,0.0,0.0,0.0,0,0,,,9,3,0,0,0,0,0,0,0,0,0
3373,Pixel Art 873,7,Decoration,1,0.0,0.0,0.0,0,0,,,9,3,0,0,0,0,0,0,0,0,0
3374,Pixel Art 874,7,Decoration,1,0.0,0.0,0.0,0,0,,,9,3,0,0,0,0,0,0,0,0,0
3375,Pixel Art 875,7,Decoration,1,0.0,0.0,0.0,0,0,,,9,3,0,0,0,0,0,0,0,0,0
3376,Pixel Art 876,7,Decoration,1,0.0,0.0,0.0,0,0,,,9,3,0,0,0,0,0,0,0,0,0
3377,Pixel Art 877,7,Decoration,1,0.0,0.0,0.0,0,0,,,9,3,0,0,0,0,0,0,0,0,0
3378,Pixel Art 878,7,Decoration,1,0.0,0.0,0.0,0,0,,,9,3,0,0,0,0,0,0,0,0,0
3379,Pixel Art 879,7,Decoration,1,0.0,0.0,0.0,0,0,,,9,3,0,0,0,0,0,0,0,0,0
3380,Pixel Art 880,7,Decoration,1,0.0,0.0,0.0,0,0,,,9,3,0,0,0,0,0,0,0,0,0
3381,Small Banner Pixel Art,7,Decoration,1,0.0,0.0,0.0,0,0,,,9,3,0,0,0,0,0,0,0,0,0
3382,Small Banner Pixel Art,7,Decoration,1,0.0,0.0,0.0,0,0,,,9,3,0,0,0,0,0,0,0,0,0
3383,Large Banner Pixel Art,7,Decoration,1,0.0,0.0,0.0,0,0,,,9,3,0,0,0,0,0,0,0,0,0
3384,Large Banner Pixel Art,7,Decoration,1,0.0,0.0,0.0,0,0,,,9,3,0,0,0,0,0,0,0,0,0
3385,Pixel Art 885,7,Decoration,1,0.0,0.0,0.0,0,0,,,9,3,0,0,0,0,0,0,0,0,0
3386,Pixel Art 886,7,Decoration,1,0.0,0.0,0.0,0,0,,,9,3,0,0,0,0,0,0,0,0,0
3387,Pixel Art 887,7,Decoration,1,0.0,0.0,0.0,0,0,,,9,3,0,0,0,0,0,0,0,0,0
3388,Pixel Art 888,7,Decoration,1,0.0,0.0,0.0,0,0,,,9,3,0,0,0,0,0,0,0,0,0
3389,Pixel Art 889,7,Decoration,1,0.0,0.0,0.0,0,0,,,9,3,0,0,0,0,0,0,0,0,0
3390,Pixel Art 890,7,Decoration,1,0.0,0.0,0.0,0,0,,,9,3,0,0,0,0,0,0,0,0,0
3391,Pixel Art 891,7,Decoration,1,0.0,0.0,0.0,0,0,,,9,3,0,0,0,0,0,0,0,0,0
3392,Pixel Art 892,7,Decoration,1,0.0,0.0,0.0,0,0,,,9,3,0,0,0,0,0,0,0,0,0
3393,Pixel Art 893,7,Decoration,1,0.0,0.0,0.0,0,0,,,9,3,0,0,0,0,0,0,0,0,0
3394,Pixel Art 894,7,Decoration,1,0.0,0.0,0.0,0,0,,,9,3,0,0,0,0,0,0,0,0,0
3395,Pixel Art 895,7,Decoration,1,0.0,0.0,0.0,0,0,,,9,3,0,0,0,0,0,0,0,0,0
3396,Pixel Art 896,7,Decoration,1,0.0,0.0,0.0,0,0,,,9,3,0,0,0,0,0,0,0,0,0
3397,Pixel Art 897,7,Decoration,1,0.0,0.0,0.0,0,0,,,9,3,0,0,0,0,0,0,0,0,0
3398,Pixel Art 898,7,Decoration,1,0.0,0.0,0.0,0,0,,,10,3,0,0,0,0,0,0,0,0,0
3399,Pixel Art Line 2,7,Decoration,1,0.0,0.0,0.0,0,0,,,10,3,0,0,0,0,0,0,0,0,0
3400,Pixel Art Line 3,7,Decoration,1,0.0,0.0,0.0,0,0,,,10,3,0,0,0,0,0,0,0,0,0
3401,Pixel Art 901,7,Decoration,1,0.0,0.0,0.0,0,0,,,10,3,0,0,0,0,0,0,0,0,0
3402,Pixel Art 902,7,Decoration,1,0.0,0.0,0.0,0,0,,,9,3,0,0,0,0,0,0,0,0,0
3403,Pixel Art 903,7,Decoration,1,0.0,0.0,0.0,0,0,,,9,3,0,0,0,0,0,0,0,0,0
3404,Pixel Art 904,7,Decoration,1,0.0,0.0,0.0,0,0,,,9,3,0,0,0,0,0,0,0,0,0
3405,Pixel Art 905,7,Decoration,1,0.0,0.0,0.0,0,0,,,9,3,0,0,0,0,0,0,0,0,0
3406,Pixel Art 906,7,Decoration,1,0.0,0.0,0.0,0,0,,,9,3,0,0,0,0,0,0,0,0,0
3407,Pixel Art 907,7,Decoration,1,0.0,0.0,0.0,0,0,,,9,3,0,0,0,0,0,0,0,0,0
3408,Pixel Art 908,7,Decoration,1,0.0,0.0,0.0,0,0,,,9,3,0,0,0,0,0,0,0,0,0
3409,Pixel Art 909,7,Decoration,1,0.0,0.0,0.0,0,0,,,9,3,0,0,0,0,0,0,0,0,0
3410,Pixel Art 910,7,Decoration,1,0.0,0.0,0.0,0,0,,,9,3,0,0,0,0,0,0,0,0,0
3411,Pixel Art 911,7,Decoration,1,0.0,0.0,0.0,0,0,,,9,3,0,0,0,0,0,0,0,0,0
3412,Pixel Art 912,7,Decoration,1,0.0,0.0,0.0,0,0,,,9,3,0,0,0,0,0,0,0,0,0
3413,Pixel Art 913,7,Decoration,1,0.0,0.0,0.0,0,0,,,9,3,0,0,0,0,0,0,0,0,0
3414,Pixel Art 914,7,Decoration,1,0.0,0.0,0.0,0,0,,,9,3,0,0,0,0,0,0,0,0,0
3415,Pixel Art 915,7,Decoration,1,0.0,0.0,0.0,0,0,,,9,3,0,0,0,0,0,0,0,0,0
3416,Pixel Art 916,7,Decoration,1,0.0,0.0,0.0,0,0,,,9,3,0,0,0,0,0,0,0,0,0
3417,Pixel Art 917,7,Decoration,1,0.0,0.0,0.0,0,0,,,9,3,0,0,0,0,0,0,0,0,0
3418,Pixel Art 918,7,Decoration,1,0.0,0.0,0.0,0,0,,,9,3,0,0,0,0,0,0,0,0,0
3419,Pixel Art 919,7,Decoration,1,0.0,0.0,0.0,0,0,,,9,3,0,0,0,0,0,0,0,0,0
3420,Pixel Art 920,7,Decoration,1,0.0,0.0,0.0,0,0,,,9,3,0,0,0,0,0,0,0,0,0
3421,Pixel Art 921,7,Decoration,1,0.0,0.0,0.0,0,0,,,9,3,0,0,0,0,0,0,0,0,0
3422,Pixel Art 922,7,Decoration,1,0.0,0.0,0.0,0,0,,,9,3,0,0,0,0,0,0,0,0,0
3423,Hanging Wire Pixel Art,7,Decoration,1,0.0,0.0,0.0,0,0,,,9,3,0,0,0,0,0,0,0,0,0
3424,Hanging Wire Pixel Art,7,Decoration,1,0.0,0.0,0.0,0,0,,,9,3,0,0,0,0,0,0,0,0,0
3425,Hanging Wire Pixel Art,7,Decoration,1,0.0,0.0,0.0,0,0,,,9,3,0,0,0,0,0,0,0,0,0
3426,Hanging Wire Pixel Art,7,Decoration,1,0.0,0.0,0.0,0,0,,,9,3,0,0,0,0,0,0,0,0,0
3427,Hanging Wire Pixel Art,7,Decoration,1,0.0,0.0,0.0,0,0,,,9,3,0,0,0,0,0,0,0,0,0
3428,Pixel Art 928,7,Decoration,1,0.0,0.0,0.0,0,0,,,9,3,0,0,0,0,0,0,0,0,0
3429,Pixel Art 929,7,Decoration,1,0.0,0.0,0.0,0,0,,,9,3,0,0,0,0,0,0,0,0,0
3430,Pixel Art 930,7,Decoration,1,0.0,0.0,0.0,0,0,,,9,3,0,0,0,0,0,0,0,0,0
3431,Pixel Art 931,7,Decoration,1,0.0,0.0,0.0,0,0,,,9,3,0,0,0,0,0,0,0,0,0
3432,Pixel Art 932,7,Decoration,1,0.0,0.0,0.0,0,0,,,9,3,0,0,0,0,0,0,0,0,0
3433,Pixel Art 933,7,Decoration,1,0.0,0.0,0.0,0,0,,,9,3,0,0,0,0,0,0,0,0,0
3434,Pixel Art 934,7,Decoration,1,0.0,0.0,0.0,0,0,,,9,3,0,0,0,0,0,0,0,0,0
3435,Pixel Art 935,7,Decoration,1,0.0,0.0,0.0,0,0,,,9,3,0,0,0,0,0,0,0,0,0
3436,Pixel Art 936,7,Decoration,1,0.0,0.0,0.0,0,0,,,9,3,0,0,0,0,0,0,0,0,0
3437,Pixel Art 937,7,Decoration,1,0.0,0.0,0.0,0,0,,,9,3,0,0,0,0,0,0,0,0,0
3438,Pixel Art 938,7,Decoration,1,0.0,0.0,0.0,0,0,,,9,3,0,0,0,0,0,0,0,0,0
3439,Pixel Art 939,7,Decoration,1,0.0,0.0,0.0,0,0,,,9,3,0,0,0,0,0,0,0,0,0
3440,Pixel Art 940,7,Decoration,1,0.0,0.0,0.0,0,0,,,9,3,0,0,0,0,0,0,0,0,0
3441,Pixel Art 941,7,Decoration,1,0.0,0.0,0.0,0,0,,,9,3,0,0,0,0,0,0,0,0,0
3442,Pixel Art 942,7,Decoration,1,0.0,0.0,0.0,0,0,,,9,3,0,0,0,0,0,0,0,0,0
3443,Pixel Art 943,7,Decoration,1,0.0,0.0,0.0,0,0,,,9,3,0,0,0,0,0,0,0,0,0
3444,Pixel Art 944,7,Decoration,1,0.0,0.0,0.0,0,0,,,9,3,0,0,0,0,0,0,0,0,0
3445,Pixel Art 945,7,Decoration,1,0.0,0.0,0.0,0,0,,,9,3,0,0,0,0,0,0,0,0,0
3446,Pixel Art 946,7,Decoration,1,0.0,0.0,0.0,0,0,,,9,3,0,0,0,0,0,0,0,0,0
3447,Pixel Art 947,7,Decoration,1,0.0,0.0,0.0,0,0,,,9,3,0,0,0,0,0,0,0,0,0
3448,Pixel Art 948,7,Decoration,1,0.0,0.0,0.0,0,0,,,9,3,0,0,0,0,0,0,0,0,0
3449,Pixel Art 949,7,Decoration,1,0.0,0.0,0.0,0,0,,,9,3,0,0,0,0,0,0,0,0,0
3450,Pixel Art 950,7,Decoration,1,0.0,0.0,0.0,0,0,,,9,3,0,0,0,0,0,0,0,0,0
3451,Pixel Art 951,7,Decoration,1,0.0,0.0,0.0,0,0,,,9,3,0,0,0,0,0,0,0,0,0
3452,Pixel Art 952,7,Decoration,1,0.0,0.0,0.0,0,0,,,9,3,0,0,0,0,0,0,0,0,0
3453,Pixel Art 953,7,Decoration,1,0.0,0.0,0.0,0,0,,,9,3,0,0,0,0,0,0,0,0,0
3454,Pixel Art 954,7,Decoration,1,0.0,0.0,0.0,0,0,,,9,3,0,0,0,0,0,0,0,0,0
3455,Pixel Art 955,7,Decoration,1,0.0,0.0,0.0,0,0,,,9,3,0,0,0,0,0,0,0,0,0
3456,Pixel Art 956,7,Decoration,1,0.0,0.0,0.0,0,0,,,9,3,0,0,0,0,0,0,0,0,0
3457,Pixel Art 957,7,Decoration,1,0.0,0.0,0.0,0,0,,,9,3,0,0,0,0,0,0,0,0,0
3458,Pixel Art 958,7,Decoration,1,0.0,0.0,0.0,0,0,,,9,3,0,0,0,0,0,0,0,0,0
3459,Pixel Art 959,7,Decoration,1,0.0,0.0,0.0,0,0,,,9,3,0,0,0,0,0,0,0,0,0
3460,Pixel Art 960,7,Decoration,1,0.0,0.0,0.0,0,0,,,9,3,0,0,0,0,0,0,0,0,0
3461,Pixel Art 961,7,Decoration,1,0.0,0.0,0.0,0,0,,,9,3,0,0,0,0,0,0,0,0,0
3462,Pixel Art 962,7,Decoration,1,0.0,0.0,0.0,0,0,,,9,3,0,0,0,0,0,0,0,0,0
3463,Pixel Art 963,7,Decoration,1,0.0,0.0,0.0,0,0,,,9,3,0,0,0,0,0,0,0,0,0
3464,Pixel Art 964,7,Decoration,1,0.0,0.0,0.0,0,0,,,9,3,0,0,0,0,0,0,0,0,0
3465,Pixel Art 965,7,Decoration,1,0.0,0.0,0.0,0,0,,,9,3,0,0,0,0,0,0,0,0,0
3466,Pixel Art 966,7,Decoration,1,0.0,0.0,0.0,0,0,,,9,3,0,0,0,0,0,0,0,0,0
3467,Pixel Art 967,7,Decoration,1,0.0,0.0,0.0,0,0,,,9,3,0,0,0,0,0,0,0,0,0
3468,Pixel Art 968,7,Decoration,1,0.0,0.0,0.0,0,0,,,9,3,0,0,0,0,0,0,0,0,0
3469,Pixel Art 969,7,Decoration,1,0.0,0.0,0.0,0,0,,,9,3,0,0,0,0,0,0,0,0,0
3470,Pixel Art 970,7,Decoration,1,0.0,0.0,0.0,0,0,,,9,3,0,0,0,0,0,0,0,0,0
3471,Pixel Art 971,7,Decoration,1,0.0,0.0,0.0,0,0,,,9,3,0,0,0,0,0,0,0,0,0
3472,Pixel Art 972,7,Decoration,1,0.0,0.0,0.0,0,0,,,9,3,0,0,0,0,0,0,0,0,0
3473,Pixel Art 973,7,Decoration,1,0.0,0.0,0.0,0,0,,,9,3,0,0,0,0,0,0,0,0,0
3474,Pixel Art 974,7,Decoration,1,0.0,0.0,0.0,0,0,,,9,3,0,0,0,0,0,0,0,0,0
3475,Pixel Art 975,7,Decoration,1,0.0,0.0,0.0,0,0,,,9,3,0,0,0,0,0,0,0,0,0
3476,Small Flower Pixel Art,7,Decoration,1,0.0,0.0,0.0,0,0,,,9,3,0,0,0,0,0,0,0,0,0
3477,Medium Flower Pixel Art,7,Decoration,1,0.0,0.0,0.0,0,0,,,9,3,0,0,0,0,0,0,0,0,0
3478,Large Flower Pixel Art,7,Decoration,1,0.0,0.0,0.0,0,0,,,9,3,0,0,0,0,0,0,0,0,0
3479,Pixel Art 979,7,Decoration,1,0.0,0.0,0.0,0,0,,,9,3,0,0,0,0,0,0,0,0,0
3480,Pixel Art 980,7,Decoration,1,0.0,0.0,0.0,0,0,,,9,3,0,0,0,0,0,0,0,0,0
3481,Pixel Art 981,7,Decoration,1,0.0,0.0,0.0,0,0,,,9,3,0,0,0,0,0,0,0,0,0
3482,Small Animated Fire Pixel Art,0,Solid,0,0.0,0.0,0.0,0,0,,,0,5,0,0,0,0,0,0,1,0,0
3483,Medium Animated Fire Pixel Art,0,Solid,0,0.0,0.0,0.0,0,0,,,0,5,0,0,0,0,0,0,1,0,0
3484,Large Animated Fire Pixel Art,0,Solid,0,0.0,0.0,0.0,0,0,,,0,5,0,0,0,0,0,0,1,0,0
3485,Pixel Art 985,7,Decoration,1,0.0,0.0,0.0,0,0,,,9,3,0,0,0,0,0,0,0,0,0
3486,Pixel Art 986,7,Decoration,1,0.0,0.0,0.0,0,0,,,9,3,0,0,0,0,0,0,0,0,0
3487,Pixel Art 987,7,Decoration,1,0.0,0.0,0.0,0,0,,,9,3,0,0,0,0,0,0,0,0,0
3488,Pixel Art 988,7,Decoration,1,0.0,0.0,0.0,0,0,,,9,3,0,0,0,0,0,0,0,0,0
3489,Pixel Art 989,7,Decoration,1,0.0,0.0,0.0,0,0,,,9,3,0,0,0,0,0,0,0,0,0
3490,Pixel Art 990,7,Decoration,1,0.0,0.0,0.0,0,0,,,9,3,0,0,0,0,0,0,0,0,0
3491,Pixel Art 991,7,Decoration,1,0.0,0.0,0.0,0,0,,,9,3,0,0,0,0,0,0,0,0,0
3492,Pixel Art 992,0,Solid,0,0.0,0.0,0.0,0,0,,,0,5,0,0,0,0,0,0,1,0,0
3493,Pixel Art 993,0,Solid,0,0.0,0.0,0.0,0,0,,,0,5,0,0,0,0,0,0,1,0,0
3494,Pixel Art 994,7,Decoration,1,0.0,0.0,0.0,0,0,,,9,3,0,0,0,0,0,0,0,0,0
3495,Pixel Art 995,7,Decoration,1,0.0,0.0,0.0,0,0,,,9,3,0,0,0,0,0,0,0,0,0
3496,Pixel Art 996,7,Decoration,1,0.0,0.0,0.0,0,0,,,9,3,0,0,0,0,0,0,0,0,0
3497,Pixel Art 997,7,Decoration,1,0.0,0.0,0.0,0,0,,,9,3,0,0,0,0,0,0,0,0,0
3498,Pixel Art 998,7,Decoration,1,0.0,0.0,0.0,0,0,,,9,3,0,0,0,0,0,0,0,0,0
3499,Pixel Art 999,7,Decoration,1,0.0,0.0,0.0,0,0,,,9,3,0,0,0,0,0,0,0,0,0
3500,Pixel Art 1000,7,Decoration,1,0.0,0.0,0.0,0,0,,,9,3,0,0,0,0,0,0,0,0,0
3501,Pixel Art 1001,7,Decoration,1,0.0,0.0,0.0,0,0,,,9,3,0,0,0,0,0,0,0,0,0
3502,Pixel Art 1002,7,Decoration,1,0.0,0.0,0.0,0,0,,,9,3,0,0,0,0,0,0,0,0,0
3503,Pixel Art 1003,7,Decoration,1,0.0,0.0,0.0,0,0,,,9,3,0,0,0,0,0,0,0,0,0
3504,Pixel Art 1004,7,Decoration,1,0.0,0.0,0.0,0,0,,,9,3,0,0,0,0,0,0,0,0,0
3505,Pixel Art 1005,7,Decoration,1,0.0,0.0,0.0,0,0,,,9,3,0,0,0,0,0,0,0,0,0
3506,Pixel Art 1006,7,Decoration,1,0.0,0.0,0.0,0,0,,,9,3,0,0,0,0,0,0,0,0,0
3507,Pixel Art 1007,7,Decoration,1,0.0,0.0,0.0,0,0,,,9,3,0,0,0,0,0,0,0,0,0
3508,Pixel Art 1008,7,Decoration,1,0.0,0.0,0.0,0,0,,,9,3,0,0,0,0,0,0,0,0,0
3509,Pixel Art 1009,7,Decoration,1,0.0,0.0,0.0,0,0,,,9,3,0,0,0,0,0,0,0,0,0
3510,Pixel Art 1010,7,Decoration,1,0.0,0.0,0.0,0,0,,,9,3,0,0,0,0,0,0,0,0,0
3511,Pixel Art 1011,7,Decoration,1,0.0,0.0,0.0,0,0,,,9,3,0,0,0,0,0,0,0,0,0
3512,Pixel Art 1012,7,Decoration,1,0.0,0.0,0.0,0,0,,,9,3,0,0,0,0,0,0,0,0,0
3513,Pixel Art 1013,7,Decoration,1,0.0,0.0,0.0,0,0,,,9,3,0,0,0,0,0,0,0,0,0
3514,Pixel Art 1014,7,Decoration,1,0.0,0.0,0.0,0,0,,,9,3,0,0,0,0,0,0,0,0,0
3515,Pixel Art 1015,7,Decoration,1,0.0,0.0,0.0,0,0,,,9,3,0,0,0,0,0,0,0,0,0
3516,Pixel Art 1016,7,Decoration,1,0.0,0.0,0.0,0,0,,,9,3,0,0,0,0,0,0,0,0,0
3517,Pixel Art 1017,7,Decoration,1,0.0,0.0,0.0,0,0,,,9,3,0,0,0,0,0,0,0,0,0
3518,Pixel Art 1018,7,Decoration,1,0.0,0.0,0.0,0,0,,,9,3,0,0,0,0,0,0,0,0,0
3519,Pixel Art 1019,7,Decoration,1,0.0,0.0,0.0,0,0,,,9,3,0,0,0,0,0,0,0,0,0
3520,Pixel Art 1020,7,Decoration,1,0.0,0.0,0.0,0,0,,,9,3,0,0,0,0,0,0,0,0,0
3521,Pixel Art 1021,7,Decoration,1,0.0,0.0,0.0,0,0,,,9,3,0,0,0,0,0,0,0,0,0
3522,Pixel Art 1022,7,Decoration,1,0.0,0.0,0.0,0,0,,,9,3,0,0,0,0,0,0,0,0,0
3523,Pixel Art 1023,7,Decoration,1,0.0,0.0,0.0,0,0,,,9,3,0,0,0,0,0,0,0,0,0
3524,Pixel Art 1024,7,Decoration,1,0.0,0.0,0.0,0,0,,,9,3,0,0,0,0,0,0,0,0,0
3525,Pixel Art 1025,7,Decoration,1,0.0,0.0,0.0,0,0,,,9,3,0,0,0,0,0,0,0,0,0
3526,Pixel Art 1026,7,Decoration,1,0.0,0.0,0.0,0,0,,,9,3,0,0,0,0,0,0,0,0,0
3527,Pixel Art 1027,7,Decoration,1,0.0,0.0,0.0,0,0,,,9,3,0,0,0,0,0,0,0,0,0
3528,Pixel Art 1028,7,Decoration,1,0.0,0.0,0.0,0,0,,,9,3,0,0,0,0,0,0,0,0,0
3529,Pixel Art 1029,7,Decoration,1,0.0,0.0,0.0,0,0,,,9,3,0,0,0,0,0,0,0,0,0
3530,Pixel Art 1030,7,Decoration,1,0.0,0.0,0.0,0,0,,,9,3,0,0,0,0,0,0,0,0,0
3531,Pixel Art 1031,7,Decoration,1,0.0,0.0,0.0,0,0,,,9,3,0,0,0,0,0,0,0,0,0
3532,Pixel Art 1032,7,Decoration,1,0.0,0.0,0.0,0,0,,,9,3,0,0,0,0,0,0,0,0,0
3533,Pixel Art 1033,7,Decoration,1,0.0,0.0,0.0,0,0,,,9,3,0,0,0,0,0,0,0,0,0
3534,Pixel Art 1034,7,Decoration,1,0.0,0.0,0.0,0,0,,,9,3,0,0,0,0,0,0,0,0,0
3535,Pixel Art 1035,7,Decoration,1,0.0,0.0,0.0,0,0,,,9,3,0,0,0,0,0,0,0,0,0
3536,Pixel Art 1036,7,Decoration,1,0.0,0.0,0.0,0,0,,,9,3,0,0,0,0,0,0,0,0,0
3537,Pixel Art 1037,7,Decoration,1,0.0,0.0,0.0,0,0,,,9,3,0,0,0,0,0,0,0,0,0
3538,Pixel Art 1038,7,Decoration,1,0.0,0.0,0.0,0,0,,,9,3,0,0,0,0,0,0,0,0,0
3539,Pixel Art 1039,7,Decoration,1,0.0,0.0,0.0,0,0,,,9,3,0,0,0,0,0,0,0,0,0
3540,Pixel Art 1040,7,Decoration,1,0.0,0.0,0.0,0,0,,,10,3,0,0,0,0,0,0,0,0,0
3541,Pixel Art 1041,7,Decoration,1,0.0,0.0,0.0,0,0,,,10,3,0,0,0,0,0,0,0,0,0
3542,Pixel Art 1042,7,Decoration,1,0.0,0.0,0.0,0,0,,,11,3,0,0,0,0,0,0,0,0,0
3543,Pixel Art 1043,7,Decoration,1,0.0,0.0,0.0,0,0,,,11,3,0,0,0,0,0,0,0,0,0
3544,Pixel Art 1044,7,Decoration,1,0.0,0.0,0.0,0,0,,,9,3,0,0,0,0,0,0,0,0,0
3545,Pixel Art 1045,7,Decoration,1,0.0,0.0,0.0,0,0,,,9,3,0,0,0,0,0,0,0,0,0
3546,Pixel Art 1046,7,Decoration,1,0.0,0.0,0.0,0,0,,,9,3,0,0,0,0,0,0,0,0,0
3547,Pixel Art 1047,7,Decoration,1,0.0,0.0,0.0,0,0,,,9,3,0,0,0,0,0,0,0,0,0
3548,Pixel Art 1048,7,Decoration,1,0.0,0.0,0.0,0,0,,,9,3,0,0,0,0,0,0,0,0,0
3549,Pixel Art 1049,7,Decoration,1,0.0,0.0,0.0,0,0,,,9,3,0,0,0,0,0,0,0,0,0
3550,Pixel Art 1050,7,Decoration,1,0.0,0.0,0.0,0,0,,,9,3,0,0,0,0,0,0,0,0,0
3551,Pixel Art 1051,7,Decoration,1,0.0,0.0,0.0,0,0,,,9,3,0,0,0,0,0,0,0,0,0
3552,Pixel Art 1052,7,Decoration,1,0.0,0.0,0.0,0,0,,,9,3,0,0,0,0,0,0,0,0,0
3553,Pixel Art 1053,7,Decoration,1,0.0,0.0,0.0,0,0,,,9,3,0,0,0,0,0,0,0,0,0
3554,Pixel Art 1054,7,Decoration,1,0.0,0.0,0.0,0,0,,,9,3,0,0,0,0,0,0,0,0,0
3555,Pixel Art 1055,7,Decoration,1,0.0,0.0,0.0,0,0,,,9,3,0,0,0,0,0,0,0,0,0
3556,Pixel Art 1056,7,Decoration,1,0.0,0.0,0.0,0,0,,,9,3,0,0,0,0,0,0,0,0,0
3557,Pixel Art 1057,7,Decoration,1,0.0,0.0,0.0,0,0,,,9,3,0,0,0,0,0,0,0,0,0
3558,Pixel Art 1058,7,Decoration,1,0.0,0.0,0.0,0,0,,,9,3,0,0,0,0,0,0,0,0,0
3559,Pixel Art 1059,7,Decoration,1,0.0,0.0,0.0,0,0,,,9,3,0,0,0,0,0,0,0,0,0
3560,Pixel Art 1060,7,Decoration,1,0.0,0.0,0.0,0,0,,,9,3,0,0,0,0,0,0,0,0,0
3561,Pixel Art 1061,7,Decoration,1,0.0,0.0,0.0,0,0,,,9,3,0,0,0,0,0,0,0,0,0
3562,Pixel Art 1062,7,Decoration,1,0.0,0.0,0.0,0,0,,,9,3,0,0,0,0,0,0,0,0,0
3563,Pixel Art 1063,7,Decoration,1,0.0,0.0,0.0,0,0,,,9,3,0,0,0,0,0,0,0,0,0
3564,Pixel Art 1064,7,Decoration,1,0.0,0.0,0.0,0,0,,,9,3,0,0,0,0,0,0,0,0,0
3565,Pixel Art 1065,7,Decoration,1,0.0,0.0,0.0,0,0,,,9,3,0,0,0,0,0,0,0,0,0
3566,Pixel Art 1066,7,Decoration,1,0.0,0.0,0.0,0,0,,,9,3,0,0,0,0,0,0,0,0,0
3567,Pixel Art 1067,7,Decoration,1,0.0,0.0,0.0,0,0,,,9,3,0,0,0,0,0,0,0,0,0
3568,Pixel Art 1068,7,Decoration,1,0.0,0.0,0.0,0,0,,,9,3,0,0,0,0,0,0,0,0,0
3569,Pixel Art 1069,7,Decoration,1,0.0,0.0,0.0,0,0,,,9,3,0,0,0,0,0,0,0,0,0
3570,Pixel Art 1070,7,Decoration,1,0.0,0.0,0.0,0,0,,,9,3,0,0,0,0,0,0,0,0,0
3571,Pixel Art 1071,7,Decoration,1,0.0,0.0,0.0,0,0,,,9,3,0,0,0,0,0,0,0,0,0
3572,Pixel Art 1072,7,Decoration,1,0.0,0.0,0.0,0,0,,,9,3,0,0,0,0,0,0,0,0,0
3573,Pixel Art 1073,7,Decoration,1,0.0,0.0,0.0,0,0,,,9,3,0,0,0,0,0,0,0,0,0
3574,Pixel Art 1074,7,Decoration,1,0.0,0.0,0.0,0,0,,,9,3,0,0,0,0,0,0,0,0,0
3575,Pixel Art 1075,7,Decoration,1,0.0,0.0,0.0,0,0,,,9,3,0,0,0,0,0,0,0,0,0
3576,Pixel Art 1076,7,Decoration,1,0.0,0.0,0.0,0,0,,,9,3,0,0,0,0,0,0,0,0,0
3577,Pixel Art 1077,7,Decoration,1,0.0,0.0,0.0,0,0,,,9,3,0,0,0,0,0,0,0,0,0
3578,Pixel Art 1078,7,Decoration,1,0.0,0.0,0.0,0,0,,,9,3,0,0,0,0,0,0,0,0,0
3579,Pixel Art 1079,7,Decoration,1,0.0,0.0,0.0,0,0,,,9,3,0,0,0,0,0,0,0,0,0
3580,Pixel Art 1080,7,Decoration,1,0.0,0.0,0.0,0,0,,,9,3,0,0,0,0,0,0,0,0,0
3581,Pixel Art 1081,7,Decoration,1,0.0,0.0,0.0,0,0,,,9,3,0,0,0,0,0,0,0,0,0
3582,Pixel Art 1082,7,Decoration,1,0.0,0.0,0.0,0,0,,,9,3,0,0,0,0,0,0,0,0,0
3583,Pixel Art 1083,7,Decoration,1,0.0,0.0,0.0,0,0,,,9,3,0,0,0,0,0,0,0,0,0
3584,Pixel Art 1084,7,Decoration,1,0.0,0.0,0.0,0,0,,,9,3,0,0,0,0,0,0,0,0,0
3585,Pixel Art 1085,7,Decoration,1,0.0,0.0,0.0,0,0,,,9,3,0,0,0,0,0,0,0,0,0
3586,Pixel Art 1086,7,Decoration,1,0.0,0.0,0.0,0,0,,,9,3,0,0,0,0,0,0,0,0,0
3587,Pixel Art 1087,7,Decoration,1,0.0,0.0,0.0,0,0,,,9,3,0,0,0,0,0,0,0,0,0
3588,Pixel Art 1088,7,Decoration,1,0.0,0.0,0.0,0,0,,,9,3,0,0,0,0,0,0,0,0,0
3589,Pixel Art 1089,7,Decoration,1,0.0,0.0,0.0,0,0,,,9,3,0,0,0,0,0,0,0,0,0
3590,Pixel Art 1090,7,Decoration,1,0.0,0.0,0.0,0,0,,,9,3,0,0,0,0,0,0,0,0,0
3591,Pixel Art 1091,7,Decoration,1,0.0,0.0,0.0,0,0,,,9,3,0,0,0,0,0,0,0,0,0
3592,Pixel Art 1092,7,Decoration,1,0.0,0.0,0.0,0,0,,,9,3,0,0,0,0,0,0,0,0,0
3593,Pixel Art 1093,7,Decoration,1,0.0,0.0,0.0,0,0,,,9,3,0,0,0,0,0,0,0,0,0
3594,Pixel Art 1094,7,Decoration,1,0.0,0.0,0.0,0,0,,,9,3,0,0,0,0,0,0,0,0,0
3595,Pixel Art 1095,7,Decoration,1,0.0,0.0,0.0,0,0,,,9,3,0,0,0,0,0,0,0,0,0
3596,Pixel Art 1096,7,Decoration,1,0.0,0.0,0.0,0,0,,,9,3,0,0,0,0,0,0,0,0,0
3597,Pixel Art 1097,7,Decoration,1,0.0,0.0,0.0,0,0,,,9,3,0,0,0,0,0,0,0,0,0
3598,Pixel Art 1098,7,Decoration,1,0.0,0.0,0.0,0,0,,,9,3,0,0,0,0,0,0,0,0,0
3599,Pixel Art 1099,7,Decoration,1,0.0,0.0,0.0,0,0,,,9,3,0,0,0,0,0,0,0,0,0
3600,End Trigger,20,Modifier,1,30.0,30.0,0.0,0,0,,,0,5,1,0,0,0,0,0,0,0,0
3601,Clock Collectable,30,Collectible,1,25.0,20.0,0.0,0,0,,,9,5,0,0,0,0,0,0,0,0,0
3602,SFX Trigger,20,Modifier,1,30.0,30.0,0.0,0,0,,,0,5,1,0,0,0,0,0,0,0,0
3603,Edit SFX Trigger,20,Modifier,1,30.0,30.0,0.0,0,0,,,0,5,1,0,0,0,0,0,0,0,0
3604,Event Trigger,20,Modifier,1,30.0,30.0,0.0,0,0,,,0,5,1,0,0,0,0,0,0,0,0
3605,Edit Song Trigger,20,Modifier,1,30.0,30.0,0.0,0,0,,,0,5,1,0,0,0,0,0,0,0,0
3606,Background Speed Trigger,20,Modifier,1,30.0,30.0,0.0,0,0,,,0,5,1,0,0,0,0,0,0,0,0
3607,Sequence Trigger,20,Modifier,1,30.0,30.0,0.0,0,0,,,0,5,1,0,0,0,0,0,0,0,0
3608,Spawn Particle Trigger,20,Modifier,1,30.0,30.0,0.0,0,0,,,0,5,1,0,0,0,0,0,0,0,0
3609,Instant Collision Trigger,20,Modifier,1,30.0,30.0,0.0,0,0,,,0,5,1,0,0,0,0,0,0,0,0
3610,Damage Square,2,Hazard,1,0.0,0.0,0.0,0,0,,,10,5,0,0,1,0,0,0,1,0,0
3611,Damage Circle,2,Hazard,1,0.0,0.0,15.0,0,0,,,10,5,0,0,1,0,0,0,1,0,0
3612,Middleground Speed Trigger,20,Modifier,1,30.0,30.0,0.0,0,0,,,0,5,1,0,0,0,0,0,0,0,0
3613,UI Trigger,20,Modifier,1,30.0,30.0,0.0,0,0,,,0,5,1,0,0,0,0,0,0,0,0
3614,Time Trigger,20,Modifier,1,30.0,30.0,0.0,0,0,,,0,5,1,0,0,0,0,0,0,0,0
3615,Time Event Trigger,20,Modifier,1,30.0,30.0,0.0,0,0,,,0,5,1,0,0,0,0,0,0,0,0
3616,,0,Solid,0,0.0,0.0,0.0,0,0,,,0,5,0,0,0,0,0,0,1,0,0
3617,Time Control Trigger,20,Modifier,1,30.0,30.0,0.0,0,0,,,0,5,1,0,0,0,0,0,0,0,0
3618,Reset Trigger,20,Modifier,1,30.0,30.0,0.0,0,0,,,0,5,1,0,0,0,0,0,0,0,0
3619,Item Edit Trigger,20,Modifier,1,30.0,30.0,0.0,0,0,,,0,5,1,0,0,0,0,0,0,0,0
3620,Item Compare Trigger,20,Modifier,1,30.0,30.0,0.0,0,0,,,0,5,1,0,0,0,0,0,0,0,0
3621,Circle,7,Decoration,1,0.0,0.0,0.0,0,0,,,-5,3,0,0,0,0,0,0,0,0,0
3622,Hollow Circle,7,Decoration,1,0.0,0.0,0.0,0,0,,,-5,3,0,0,0,0,0,0,0,0,0
3623,Heart,7,Decoration,1,0.0,0.0,0.0,0,0,,,-5,3,0,0,0,0,0,0,0,0,0
3624,Diamond,7,Decoration,1,0.0,0.0,0.0,0,0,,,-5,3,0,0,0,0,0,0,0,0,0
3625,Star,7,Decoration,1,0.0,0.0,0.0,0,0,,,-5,3,0,0,0,0,0,0,0,0,0
3626,Music Notes,7,Decoration,1,0.0,0.0,0.0,0,0,,,-5,3,0,0,0,0,0,0,0,0,0
3627,Square,7,Decoration,1,0.0,0.0,0.0,0,0,,,-5,3,0,0,0,0,0,0,0,0,0
3628,Triangle,7,Decoration,1,0.0,0.0,0.0,0,0,,,-5,3,0,0,0,0,0,0,0,0,0
3629,Hexagon,7,Decoration,1,0.0,0.0,0.0,0,0,,,-5,3,0,0,0,0,0,0,0,0,0
3630,Large Arrow 1,7,Decoration,1,0.0,0.0,0.0,0,0,,,-5,3,0,0,0,0,0,0,0,0,0
3631,Large Arrow 2,7,Decoration,1,0.0,0.0,0.0,0,0,,,-5,3,0,0,0,0,0,0,0,0,0
3632,Large Arrow 3,7,Decoration,1,0.0,0.0,0.0,0,0,,,-5,3,0,0,0,0,0,0,0,0,0
3633,Large Exclamation Point,7,Decoration,1,0.0,0.0,0.0,0,0,,,-5,3,0,0,0,0,0,0,0,0,0
3634,Large Question Mark,7,Decoration,1,0.0,0.0,0.0,0,0,,,-5,3,0,0,0,0,0,0,0,0,0
3635,Large Cross,7,Decoration,1,0.0,0.0,0.0,0,0,,,-5,3,0,0,0,0,0,0,0,0,0
3636,Large Hollow Circle,7,Decoration,1,0.0,0.0,0.0,0,0,,,-5,3,0,0,0,0,0,0,0,0,0
3637,Large Circle,7,Decoration,1,0.0,0.0,0.0,0,0,,,-5,3,0,0,0,0,0,0,0,0,0
3638,Large Square,7,Decoration,1,0.0,0.0,0.0,0,0,,,-5,3,0,0,0,0,0,0,0,0,0
3639,Large Hollow Square,7,Decoration,1,0.0,0.0,0.0,0,0,,,-5,3,0,0,0,0,0,0,0,0,0
3640,Collision State Block,20,Modifier,1,30.0,30.0,0.0,0,0,,,0,5,1,0,0,0,0,0,0,0,0
3641,Persistent Item Setup Trigger,20,Modifier,1,30.0,30.0,0.0,0,0,,,0,5,1,0,0,0,0,0,0,0,0
3642,BPM Trigger,20,Modifier,1,30.0,30.0,0.0,0,0,,,0,5,1,0,0,0,0,0,0,0,0
3643,Player Touch Toggle Block,36,CustomRing,1,30.0,30.0,0.0,0,0,,,0,5,1,0,0,0,0,0,0,0,0
3644,,0,Solid,0,0.0,0.0,0.0,0,0,,,0,5,0,0,0,0,0,0,1,0,0
3645,Force Circle,40,Special,1,0.0,0.0,15.0,0,0,,,0,5,0,0,1,0,0,0,0,0,0
3646,Settings Icon,7,Decoration,1,0.0,0.0,0.0,0,0,,,9,3,0,0,0,0,0,0,0,0,0
3647,Download Icon,7,Decoration,1,0.0,0.0,0.0,0,0,,,9,3,0,0,0,0,0,0,0,0,0
3648,Music Icon,7,Decoration,1,0.0,0.0,0.0,0,0,,,9,3,0,0,0,0,0,0,0,0,0
3649,Disable Icon,7,Decoration,1,0.0,0.0,0.0,0,0,,,9,3,0,0,0,0,0,0,0,0,0
3650,Retry Icon,7,Decoration,1,0.0,0.0,0.0,0,0,,,9,3,0,0,0,0,0,0,0,0,0
3651,Demon Decal Icon,7,Decoration,1,0.0,0.0,0.0,0,0,,,9,3,0,0,0,0,0,0,0,0,0
3652,Comment Icon,7,Decoration,1,0.0,0.0,0.0,0,0,,,9,3,0,0,0,0,0,0,0,0,0
3653,Message Icon,7,Decoration,1,0.0,0.0,0.0,0,0,,,9,3,0,0,0,0,0,0,0,0,0
3654,Moon Icon,7,Decoration,1,0.0,0.0,0.0,0,0,,,9,3,0,0,0,0,0,0,0,0,0
3655,Object Control Trigger,20,Modifier,1,30.0,30.0,0.0,0,0,,,0,5,1,0,0,0,0,0,0,0,0
3656,Very Thin Triangle Particle,7,Decoration,1,0.0,0.0,0.0,0,0,,,9,3,0,0,0,0,0,0,0,0,0
3657,Thin Triangle Particle,7,Decoration,1,0.0,0.0,0.0,0,0,,,9,3,0,0,0,0,0,0,0,0,0
3658,Very Thin Gradient Triangle Particle,7,Decoration,1,0.0,0.0,0.0,0,0,,,9,3,0,0,0,0,0,0,0,0,0
3659,Thin Gradient Triangle Particle,7,Decoration,1,0.0,0.0,0.0,0,0,,,9,3,0,0,0,0,0,0,0,0,0
3660,Edit Advanced Follow Trigger,20,Modifier,1,30.0,30.0,0.0,0,0,,,0,5,1,0,0,0,0,0,0,0,0
3661,Re-Target Advanced Follow Trigger,20,Modifier,1,30.0,30.0,0.0,0,0,,,0,5,1,0,0,0,0,0,0,0,0
3662,Link Visible Trigger,20,Modifier,1,30.0,30.0,0.0,0,0,,,0,5,1,0,0,0,0,0,0,0,0
3663,,0,Solid,0,0.0,0.0,0.0,0,0,,,0,5,0,0,0,0,0,0,1,0,0
3664,,0,Solid,0,0.0,0.0,0.0,0,0,,,0,5,0,0,0,0,0,0,1,0,0
3665,,0,Solid,0,0.0,0.0,0.0,0,0,,,0,5,0,0,0,0,0,0,1,0,0
3666,,0,Solid,0,0.0,0.0,0.0,0,0,,,0,5,0,0,0,0,0,0,1,0,0
3667,,0,Solid,0,0.0,0.0,0.0,0,0,,,0,5,0,0,0,0,0,0,1,0,0
3668,,0,Solid,0,0.0,0.0,0.0,0,0,,,0,5,0,0,0,0,0,0,1,0,0
3669,,0,Solid,0,0.0,0.0,0.0,0,0,,,0,5,0,0,0,0,0,0,1,0,0
3670,,0,Solid,0,0.0,0.0,0.0,0,0,,,0,5,0,0,0,0,0,0,1,0,0
3671,,0,Solid,0,0.0,0.0,0.0,0,0,,,0,5,0,0,0,0,0,0,1,0,0
3672,,0,Solid,0,0.0,0.0,0.0,0,0,,,0,5,0,0,0,0,0,0,1,0,0
3673,,0,Solid,0,0.0,0.0,0.0,0,0,,,0,5,0,0,0,0,0,0,1,0,0
3674,,0,Solid,0,0.0,0.0,0.0,0,0,,,0,5,0,0,0,0,0,0,1,0,0
3675,,0,Solid,0,0.0,0.0,0.0,0,0,,,0,5,0,0,0,0,0,0,1,0,0
3676,,0,Solid,0,0.0,0.0,0.0,0,0,,,0,5,0,0,0,0,0,0,1,0,0
3677,,0,Solid,0,0.0,0.0,0.0,0,0,,,0,5,0,0,0,0,0,0,1,0,0
3678,,0,Solid,0,0.0,0.0,0.0,0,0,,,0,5,0,0,0,0,0,0,1,0,0
3679,,0,Solid,0,0.0,0.0,0.0,0,0,,,0,5,0,0,0,0,0,0,1,0,0
3680,,0,Solid,0,0.0,0.0,0.0,0,0,,,0,5,0,0,0,0,0,0,1,0,0
3681,,0,Solid,0,0.0,0.0,0.0,0,0,,,0,5,0,0,0,0,0,0,1,0,0
3682,,0,Solid,0,0.0,0.0,0.0,0,0,,,0,5,0,0,0,0,0,0,1,0,0
3683,,0,Solid,0,0.0,0.0,0.0,0,0,,,0,5,0,0,0,0,0,0,1,0,0
3684,,0,Solid,0,0.0,0.0,0.0,0,0,,,0,5,0,0,0,0,0,0,1,0,0
3685,,0,Solid,0,0.0,0.0,0.0,0,0,,,0,5,0,0,0,0,0,0,1,0,0
3686,,0,Solid,0,0.0,0.0,0.0,0,0,,,0,5,0,0,0,0,0,0,1,0,0
3687,,0,Solid,0,0.0,0.0,0.0,0,0,,,0,5,0,0,0,0,0,0,1,0,0
3688,,0,Solid,0,0.0,0.0,0.0,0,0,,,0,5,0,0,0,0,0,0,1,0,0
3689,,0,Solid,0,0.0,0.0,0.0,0,0,,,0,5,0,0,0,0,0,0,1,0,0
3690,,0,Solid,0,0.0,0.0,0.0,0,0,,,0,5,0,0,0,0,0,0,1,0,0
3691,,0,Solid,0,0.0,0.0,0.0,0,0,,,0,5,0,0,0,0,0,0,1,0,0
3692,,0,Solid,0,0.0,0.0,0.0,0,0,,,0,5,0,0,0,0,0,0,1,0,0
3693,,0,Solid,0,0.0,0.0,0.0,0,0,,,0,5,0,0,0,0,0,0,1,0,0
3694,,0,Solid,0,0.0,0.0,0.0,0,0,,,0,5,0,0,0,0,0,0,1,0,0
3695,,0,Solid,0,0.0,0.0,0.0,0,0,,,0,5,0,0,0,0,0,0,1,0,0
3696,,0,Solid,0,0.0,0.0,0.0,0,0,,,0,5,0,0,0,0,0,0,1,0,0
3697,,0,Solid,0,0.0,0.0,0.0,0,0,,,0,5,0,0,0,0,0,0,1,0,0
3698,,0,Solid,0,0.0,0.0,0.0,0,0,,,0,5,0,0,0,0,0,0,1,0,0
3699,,0,Solid,0,0.0,0.0,0.0,0,0,,,0,5,0,0,0,0,0,0,1,0,0
3700,Pixel Art 1100,7,Decoration,1,0.0,0.0,0.0,0,0,,,9,3,0,0,0,0,0,0,0,0,0
3701,Pixel Art 1101,7,Decoration,1,0.0,0.0,0.0,0,0,,,9,3,0,0,0,0,0,0,0,0,0
3702,Pixel Art 1102,7,Decoration,1,0.0,0.0,0.0,0,0,,,9,3,0,0,0,0,0,0,0,0,0
3703,Pixel Art 1087,7,Decoration,1,0.0,0.0,0.0,0,0,,,9,3,0,0,0,0,0,0,0,0,0
3704,Pixel Art 1088,7,Decoration,1,0.0,0.0,0.0,0,0,,,9,3,0,0,0,0,0,0,0,0,0
3705,Pixel Art 1105,7,Decoration,1,0.0,0.0,0.0,0,0,,,9,3,0,0,0,0,0,0,0,0,0
3706,Pixel Art 1090,7,Decoration,1,0.0,0.0,0.0,0,0,,,9,3,0,0,0,0,0,0,0,0,0
3707,Pixel Art 1107,7,Decoration,1,0.0,0.0,0.0,0,0,,,9,3,0,0,0,0,0,0,0,0,0
3708,Pixel Art 1108,7,Decoration,1,0.0,0.0,0.0,0,0,,,9,3,0,0,0,0,0,0,0,0,0
3709,Pixel Art 1109,7,Decoration,1,0.0,0.0,0.0,0,0,,,9,3,0,0,0,0,0,0,0,0,0
3710,Pixel Art 1110,7,Decoration,1,0.0,0.0,0.0,0,0,,,9,3,0,0,0,0,0,0,0,0,0
3711,Pixel Art 1096,7,Decoration,1,0.0,0.0,0.0,0,0,,,9,3,0,0,0,0,0,0,0,0,0
3712,Pixel Art 1112,7,Decoration,1,0.0,0.0,0.0,0,0,,,9,3,0,0,0,0,0,0,0,0,0
3713,Pixel Art 1113,7,Decoration,1,0.0,0.0,0.0,0,0,,,9,3,0,0,0,0,0,0,0,0,0
3714,Pixel Art 1114,7,Decoration,1,0.0,0.0,0.0,0,0,,,9,3,0,0,0,0,0,0,0,0,0
3715,Pixel Art 1087,7,Decoration,1,0.0,0.0,0.0,0,0,,,9,3,0,0,0,0,0,0,0,0,0
3716,Pixel Art 1088,7,Decoration,1,0.0,0.0,0.0,0,0,,,9,3,0,0,0,0,0,0,0,0,0
3717,Pixel Art 1117,7,Decoration,1,0.0,0.0,0.0,0,0,,,9,3,0,0,0,0,0,0,0,0,0
3718,Pixel Art 1090,7,Decoration,1,0.0,0.0,0.0,0,0,,,9,3,0,0,0,0,0,0,0,0,0
3719,Pixel Art 1119,7,Decoration,1,0.0,0.0,0.0,0,0,,,9,3,0,0,0,0,0,0,0,0,0
3720,Pixel Art 1120,7,Decoration,1,0.0,0.0,0.0,0,0,,,9,3,0,0,0,0,0,0,0,0,0
3721,Pixel Art 1121,7,Decoration,1,0.0,0.0,0.0,0,0,,,9,3,0,0,0,0,0,0,0,0,0
3722,Pixel Art 1122,7,Decoration,1,0.0,0.0,0.0,0,0,,,9,3,0,0,0,0,0,0,0,0,0
3723,Pixel Art 1096,7,Decoration,1,0.0,0.0,0.0,0,0,,,9,3,0,0,0,0,0,0,0,0,0
3724,Pixel Art 1124,7,Decoration,1,0.0,0.0,0.0,0,0,,,9,3,0,0,0,0,0,0,0,0,0
3725,Pixel Art 1125,7,Decoration,1,0.0,0.0,0.0,0,0,,,9,3,0,0,0,0,0,0,0,0,0
3726,Pixel Art 1126,7,Decoration,1,0.0,0.0,0.0,0,0,,,9,3,0,0,0,0,0,0,0,0,0
3727,Pixel Art 1127,7,Decoration,1,0.0,0.0,0.0,0,0,,,9,3,0,0,0,0,0,0,0,0,0
3728,Pixel Art 1128,7,Decoration,1,0.0,0.0,0.0,0,0,,,9,3,0,0,0,0,0,0,0,0,0
3729,Pixel Art 1129,7,Decoration,1,0.0,0.0,0.0,0,0,,,9,3,0,0,0,0,0,0,0,0,0
3730,Pixel Art 1130,7,Decoration,1,0.0,0.0,0.0,0,0,,,9,3,0,0,0,0,0,0,0,0,0
3731,Pixel Art 1131,7,Decoration,1,0.0,0.0,0.0,0,0,,,9,3,0,0,0,0,0,0,0,0,0
3732,Pixel Art 1132,7,Decoration,1,0.0,0.0,0.0,0,0,,,9,3,0,0,0,0,0,0,0,0,0
3733,Pixel Art 1133,7,Decoration,1,0.0,0.0,0.0,0,0,,,9,3,0,0,0,0,0,0,0,0,0
3734,Pixel Art 1134,7,Decoration,1,0.0,0.0,0.0,0,0,,,9,3,0,0,0,0,0,0,0,0,0
3735,Pixel Art 1135,7,Decoration,1,0.0,0.0,0.0,0,0,,,9,3,0,0,0,0,0,0,0,0,0
3736,Pixel Art 1136,7,Decoration,1,0.0,0.0,0.0,0,0,,,9,3,0,0,0,0,0,0,0,0,0
3737,Pixel Art 1137,7,Decoration,1,0.0,0.0,0.0,0,0,,,9,3,0,0,0,0,0,0,0,0,0
3738,Pixel Art 1138,7,Decoration,1,0.0,0.0,0.0,0,0,,,9,3,0,0,0,0,0,0,0,0,0
3739,Pixel Art 1139,7,Decoration,1,0.0,0.0,0.0,0,0,,,9,3,0,0,0,0,0,0,0,0,0
3740,Pixel Art 1140,7,Decoration,1,0.0,0.0,0.0,0,0,,,9,3,0,0,0,0,0,0,0,0,0
3741,Pixel Art 1087,7,Decoration,1,0.0,0.0,0.0,0,0,,,9,3,0,0,0,0,0,0,0,0,0
3742,Pixel Art 1088,7,Decoration,1,0.0,0.0,0.0,0,0,,,9,3,0,0,0,0,0,0,0,0,0
3743,Pixel Art 1143,7,Decoration,1,0.0,0.0,0.0,0,0,,,9,3,0,0,0,0,0,0,0,0,0
3744,Pixel Art 1090,7,Decoration,1,0.0,0.0,0.0,0,0,,,9,3,0,0,0,0,0,0,0,0,0
3745,Pixel Art 1145,7,Decoration,1,0.0,0.0,0.0,0,0,,,9,3,0,0,0,0,0,0,0,0,0
3746,Pixel Art 1146,7,Decoration,1,0.0,0.0,0.0,0,0,,,9,3,0,0,0,0,0,0,0,0,0
3747,Pixel Art 1147,7,Decoration,1,0.0,0.0,0.0,0,0,,,9,3,0,0,0,0,0,0,0,0,0
3748,Pixel Art 1148,7,Decoration,1,0.0,0.0,0.0,0,0,,,9,3,0,0,0,0,0,0,0,0,0
3749,Pixel Art 1149,7,Decoration,1,0.0,0.0,0.0,0,0,,,9,3,0,0,0,0,0,0,0,0,0
3750,Pixel Art 1150,7,Decoration,1,0.0,0.0,0.0,0,0,,,9,3,0,0,0,0,0,0,0,0,0
3751,Pixel Art 1151,7,Decoration,1,0.0,0.0,0.0,0,0,,,9,3,0,0,0,0,0,0,0,0,0
3752,Pixel Art 1126,7,Decoration,1,0.0,0.0,0.0,0,0,,,9,3,0,0,0,0,0,0,0,0,0
3753,Pixel Art 1153,7,Decoration,1,0.0,0.0,0.0,0,0,,,9,3,0,0,0,0,0,0,0,0,0
3754,Pixel Art 1154,7,Decoration,1,0.0,0.0,0.0,0,0,,,9,3,0,0,0,0,0,0,0,0,0
3755,Pixel Art 1155,7,Decoration,1,0.0,0.0,0.0,0,0,,,9,3,0,0,0,0,0,0,0,0,0
3756,Pixel Art 1156,7,Decoration,1,0.0,0.0,0.0,0,0,,,9,3,0,0,0,0,0,0,0,0,0
3757,Pixel Art 1157,7,Decoration,1,0.0,0.0,0.0,0,0,,,9,3,0,0,0,0,0,0,0,0,0
3758,Pixel Art 1158,7,Decoration,1,0.0,0.0,0.0,0,0,,,9,3,0,0,0,0,0,0,0,0,0
3759,Pixel Art 1159,7,Decoration,1,0.0,0.0,0.0,0,0,,,9,3,0,0,0,0,0,0,0,0,0
3760,Pixel Art 1160,7,Decoration,1,0.0,0.0,0.0,0,0,,,9,3,0,0,0,0,0,0,0,0,0
3761,Pixel Art 1161,7,Decoration,1,0.0,0.0,0.0,0,0,,,9,3,0,0,0,0,0,0,0,0,0
3762,Pixel Art 1162,7,Decoration,1,0.0,0.0,0.0,0,0,,,9,3,0,0,0,0,0,0,0,0,0
3763,Pixel Art 1163,7,Decoration,1,0.0,0.0,0.0,0,0,,,9,3,0,0,0,0,0,0,0,0,0
3764,Pixel Art 1164,7,Decoration,1,0.0,0.0,0.0,0,0,,,9,3,0,0,0,0,0,0,0,0,0
3765,Pixel Art 1165,7,Decoration,1,0.0,0.0,0.0,0,0,,,9,3,0,0,0,0,0,0,0,0,0
3766,Pixel Art 1166,7,Decoration,1,0.0,0.0,0.0,0,0,,,9,3,0,0,0,0,0,0,0,0,0
3767,Pixel Art 1167,7,Decoration,1,0.0,0.0,0.0,0,0,,,9,3,0,0,0,0,0,0,0,0,0
3768,Pixel Art 1168,7,Decoration,1,0.0,0.0,0.0,0,0,,,9,3,0,0,0,0,0,0,0,0,0
3769,Pixel Art 1169,7,Decoration,1,0.0,0.0,0.0,0,0,,,9,3,0,0,0,0,0,0,0,0,0
3770,Pixel Art 1170,7,Decoration,1,0.0,0.0,0.0,0,0,,,9,3,0,0,0,0,0,0,0,0,0
3771,Pixel Art 1171,7,Decoration,1,0.0,0.0,0.0,0,0,,,9,3,0,0,0,0,0,0,0,0,0
3772,Pixel Art 1172,7,Decoration,1,0.0,0.0,0.0,0,0,,,9,3,0,0,0,0,0,0,0,0,0
3773,Pixel Art 1173,7,Decoration,1,0.0,0.0,0.0,0,0,,,9,3,0,0,0,0,0,0,0,0,0
3774,Pixel Art 1174,7,Decoration,1,0.0,0.0,0.0,0,0,,,9,3,0,0,0,0,0,0,0,0,0
3775,Pixel Art 1175,7,Decoration,1,0.0,0.0,0.0,0,0,,,9,3,0,0,0,0,0,0,0,0,0
3776,Pixel Art 1176,7,Decoration,1,0.0,0.0,0.0,0,0,,,9,3,0,0,0,0,0,0,0,0,0
3777,Pixel Art 1177,7,Decoration,1,0.0,0.0,0.0,0,0,,,9,3,0,0,0,0,0,0,0,0,0
3778,Pixel Art 1178,7,Decoration,1,0.0,0.0,0.0,0,0,,,9,3,0,0,0,0,0,0,0,0,0
3779,Pixel Art 1179,7,Decoration,1,0.0,0.0,0.0,0,0,,,9,3,0,0,0,0,0,0,0,0,0
3780,Pixel Art 1180,7,Decoration,1,0.0,0.0,0.0,0,0,,,9,3,0,0,0,0,0,0,0,0,0
3781,Pixel Art 1181,7,Decoration,1,0.0,0.0,0.0,0,0,,,9,3,0,0,0,0,0,0,0,0,0
3782,Pixel Art 1182,7,Decoration,1,0.0,0.0,0.0,0,0,,,9,3,0,0,0,0,0,0,0,0,0
3783,Pixel Art 1183,7,Decoration,1,0.0,0.0,0.0,0,0,,,9,3,0,0,0,0,0,0,0,0,0
3784,Pixel Art 1184,7,Decoration,1,0.0,0.0,0.0,0,0,,,9,3,0,0,0,0,0,0,0,0,0
3785,Pixel Art 1185,7,Decoration,1,0.0,0.0,0.0,0,0,,,9,3,0,0,0,0,0,0,0,0,0
3786,Pixel Art 1186,7,Decoration,1,0.0,0.0,0.0,0,0,,,9,3,0,0,0,0,0,0,0,0,0
3787,Pixel Art 1187,7,Decoration,1,0.0,0.0,0.0,0,0,,,9,3,0,0,0,0,0,0,0,0,0
3788,Pixel Art 1188,7,Decoration,1,0.0,0.0,0.0,0,0,,,9,3,0,0,0,0,0,0,0,0,0
3789,Pixel Art 1189,7,Decoration,1,0.0,0.0,0.0,0,0,,,9,3,0,0,0,0,0,0,0,0,0
3790,Pixel Art 1190,7,Decoration,1,0.0,0.0,0.0,0,0,,,9,3,0,0,0,0,0,0,0,0,0
3791,Pixel Art 1191,7,Decoration,1,0.0,0.0,0.0,0,0,,,9,3,0,0,0,0,0,0,0,0,0
3792,Pixel Art 1192,7,Decoration,1,0.0,0.0,0.0,0,0,,,9,3,0,0,0,0,0,0,0,0,0
3793,Pixel Art 1193,7,Decoration,1,0.0,0.0,0.0,0,0,,,10,3,0,0,0,0,0,0,0,0,0
3794,Pixel Art 1194,7,Decoration,1,0.0,0.0,0.0,0,0,,,9,3,0,0,0,0,0,0,0,0,0
3795,Pixel Art 1195,7,Decoration,1,0.0,0.0,0.0,0,0,,,9,3,0,0,0,0,0,0,0,0,0
3796,Pixel Art 1196,7,Decoration,1,0.0,0.0,0.0,0,0,,,9,3,0,0,0,0,0,0,0,0,0
3797,Pixel Art 1197,7,Decoration,1,0.0,0.0,0.0,0,0,,,9,3,0,0,0,0,0,0,0,0,0
3798,Pixel Art 1198,7,Decoration,1,0.0,0.0,0.0,0,0,,,9,3,0,0,0,0,0,0,0,0,0
3799,Pixel Art 1199,7,Decoration,1,0.0,0.0,0.0,0,0,,,9,3,0,0,0,0,0,0,0,0,0
3800,,0,Solid,0,0.0,0.0,0.0,0,0,,,0,5,0,0,0,0,0,0,1,0,0
3801,Hexagon Particle,7,Decoration,1,0.0,0.0,0.0,0,0,,,9,3,0,0,0,0,0,0,0,0,0
3802,Circle Particle,7,Decoration,1,0.0,0.0,0.0,0,0,,,9,3,0,0,0,0,0,0,0,0,0
3803,Triangle Particle,7,Decoration,1,0.0,0.0,0.0,0,0,,,9,3,0,0,0,0,0,0,0,0,0
3804,Star Particle,7,Decoration,1,0.0,0.0,0.0,0,0,,,9,3,0,0,0,0,0,0,0,0,0
3805,Hollow Square Particle,7,Decoration,1,0.0,0.0,0.0,0,0,,,9,3,0,0,0,0,0,0,0,0,0
3806,Hollow Hexagon Particle,7,Decoration,1,0.0,0.0,0.0,0,0,,,9,3,0,0,0,0,0,0,0,0,0
3807,Hollow Circle Particle,7,Decoration,1,0.0,0.0,0.0,0,0,,,9,3,0,0,0,0,0,0,0,0,0
3808,Hollow Triangle Particle,7,Decoration,1,0.0,0.0,0.0,0,0,,,9,3,0,0,0,0,0,0,0,0,0
3809,Hollow Star Particle,7,Decoration,1,0.0,0.0,0.0,0,0,,,9,3,0,0,0,0,0,0,0,0,0
3810,Exclamation Point Particle,7,Decoration,1,0.0,0.0,0.0,0,0,,,9,3,0,0,0,0,0,0,0,0,0
3811,Question Mark Particle,7,Decoration,1,0.0,0.0,0.0,0,0,,,9,3,0,0,0,0,0,0,0,0,0
3812,Arrow Particle,7,Decoration,1,0.0,0.0,0.0,0,0,,,9,3,0,0,0,0,0,0,0,0,0
3813,Energy Burst Particle,7,Decoration,1,0.0,0.0,0.0,0,0,,,9,3,0,0,0,0,0,0,0,0,0
3814,Snowflake Particle,7,Decoration,1,0.0,0.0,0.0,0,0,,,9,3,0,0,0,0,0,0,0,0,0
3815,Right Angle Particle,7,Decoration,1,0.0,0.0,0.0,0,0,,,9,3,0,0,0,0,0,0,0,0,0
3816,Icon Face Particle,7,Decoration,1,0.0,0.0,0.0,0,0,,,9,3,0,0,0,0,0,0,0,0,0
3817,Icon Particle,7,Decoration,1,0.0,0.0,0.0,0,0,,,9,3,0,0,0,0,0,0,0,0,0
3818,Cross Particle,7,Decoration,1,0.0,0.0,0.0,0,0,,,9,3,0,0,0,0,0,0,0,0,0
3819,Music Notes Particle,7,Decoration,1,0.0,0.0,0.0,0,0,,,9,3,0,0,0,0,0,0,0,0,0
3820,Electricity Particle,7,Decoration,1,0.0,0.0,0.0,0,0,,,9,3,0,0,0,0,0,0,0,0,0
3821,Heart Particle 1,7,Decoration,1,0.0,0.0,0.0,0,0,,,9,3,0,0,0,0,0,0,0,0,0
3822,Electricity Ball Particle,7,Decoration,1,0.0,0.0,0.0,0,0,,,9,3,0,0,0,0,0,0,0,0,0
3823,Smile Particle,7,Decoration,1,0.0,0.0,0.0,0,0,,,9,3,0,0,0,0,0,0,0,0,0
3824,Frown Particle,7,Decoration,1,0.0,0.0,0.0,0,0,,,9,3,0,0,0,0,0,0,0,0,0
3825,Glow Ball Particle,7,Decoration,1,0.0,0.0,0.0,0,0,,,9,3,0,0,0,0,0,0,0,0,0
3826,Flame Particle,7,Decoration,1,0.0,0.0,0.0,0,0,,,9,3,0,0,0,0,0,0,0,0,0
3827,Glow Star Particle,7,Decoration,1,0.0,0.0,0.0,0,0,,,9,3,0,0,0,0,0,0,0,0,0
3828,Glow Point Particle,7,Decoration,1,0.0,0.0,0.0,0,0,,,9,3,0,0,0,0,0,0,0,0,0
3829,Smoke Ball Particle,7,Decoration,1,0.0,0.0,0.0,0,0,,,9,3,0,0,0,0,0,0,0,0,0
3830,Droplet Particle 1,7,Decoration,1,0.0,0.0,0.0,0,0,,,9,3,0,0,0,0,0,0,0,0,0
3831,Gradient Line Particle,7,Decoration,1,0.0,0.0,0.0,0,0,,,9,3,0,0,0,0,0,0,0,0,0
3832,Bidirectional Glow Line Particle,7,Decoration,1,0.0,0.0,0.0,0,0,,,9,3,0,0,0,0,0,0,0,0,0
3833,Line Particle,7,Decoration,1,0.0,0.0,0.0,0,0,,,9,3,0,0,0,0,0,0,0,0,0
3834,Skull Particle,7,Decoration,1,0.0,0.0,0.0,0,0,,,9,3,0,0,0,0,0,0,0,0,0
3835,Rock Particle,7,Decoration,1,0.0,0.0,0.0,0,0,,,9,3,0,0,0,0,0,0,0,0,0
3836,Saw Particle,7,Decoration,1,0.0,0.0,0.0,0,0,,,9,3,0,0,0,0,0,0,0,0,0
3837,Spike Blade Particle,7,Decoration,1,0.0,0.0,0.0,0,0,,,9,3,0,0,0,0,0,0,0,0,0
3838,Droplet Particle 1,7,Decoration,1,0.0,0.0,0.0,0,0,,,9,3,0,0,0,0,0,0,0,0,0
3839,Swirl Particle 1,7,Decoration,1,0.0,0.0,0.0,0,0,,,9,3,0,0,0,0,0,0,0,0,0
3840,Soul Particle,7,Decoration,1,0.0,0.0,0.0,0,0,,,9,3,0,0,0,0,0,0,0,0,0
3841,Star Glow Particle 1,7,Decoration,1,0.0,0.0,0.0,0,0,,,9,3,0,0,0,0,0,0,0,0,0
3842,Pinwheel Particle,7,Decoration,1,0.0,0.0,0.0,0,0,,,9,3,0,0,0,0,0,0,0,0,0
3843,Star Glow Particle 2,7,Decoration,1,0.0,0.0,0.0,0,0,,,9,3,0,0,0,0,0,0,0,0,0
3844,Mud Particle,7,Decoration,1,0.0,0.0,0.0,0,0,,,9,3,0,0,0,0,0,0,0,0,0
3845,Cartoon Smoke Puff Particle,7,Decoration,1,0.0,0.0,0.0,0,0,,,9,3,0,0,0,0,0,0,0,0,0
3846,Smoke Particle,7,Decoration,1,0.0,0.0,0.0,0,0,,,9,3,0,0,0,0,0,0,0,0,0
3847,Star Icon,7,Decoration,1,0.0,0.0,0.0,0,0,,,9,3,0,0,0,0,0,0,0,0,0
3848,Like Icon,7,Decoration,1,0.0,0.0,0.0,0,0,,,9,3,0,0,0,0,0,0,0,0,0
3849,Dislike Icon,7,Decoration,1,0.0,0.0,0.0,0,0,,,9,3,0,0,0,0,0,0,0,0,0
3850,Check Mark Icon,7,Decoration,1,0.0,0.0,0.0,0,0,,,9,3,0,0,0,0,0,0,0,0,0
3851,Diamond Icon,7,Decoration,1,0.0,0.0,0.0,0,0,,,9,3,0,0,0,0,0,0,0,0,0
3852,NA Difficulty Face,7,Decoration,1,0.0,0.0,0.0,0,0,,,9,3,0,0,0,0,0,0,0,0,0
3853,Easy Difficulty Face,7,Decoration,1,0.0,0.0,0.0,0,0,,,9,3,0,0,0,0,0,0,0,0,0
3854,Normal Difficulty Face,7,Decoration,1,0.0,0.0,0.0,0,0,,,9,3,0,0,0,0,0,0,0,0,0
3855,Hard Difficulty Face,7,Decoration,1,0.0,0.0,0.0,0,0,,,9,3,0,0,0,0,0,0,0,0,0
3856,Harder Difficulty Face,7,Decoration,1,0.0,0.0,0.0,0,0,,,9,3,0,0,0,0,0,0,0,0,0
3857,Insane Difficulty Face,7,Decoration,1,0.0,0.0,0.0,0,0,,,9,3,0,0,0,0,0,0,0,0,0
3858,Easy Demon Difficulty Face,7,Decoration,1,0.0,0.0,0.0,0,0,,,9,3,0,0,0,0,0,0,0,0,0
3859,Medium Demon Difficulty Face,7,Decoration,1,0.0,0.0,0.0,0,0,,,9,3,0,0,0,0,0,0,0,0,0
3860,Hard Demon Difficulty Face,7,Decoration,1,0.0,0.0,0.0,0,0,,,9,3,0,0,0,0,0,0,0,0,0
3861,Insane Demon Difficulty Face,7,Decoration,1,0.0,0.0,0.0,0,0,,,9,3,0,0,0,0,0,0,0,0,0
3862,Extreme Demon Difficulty Face,7,Decoration,1,0.0,0.0,0.0,0,0,,,9,3,0,0,0,0,0,0,0,0,0
3863,Auto Difficulty Face,7,Decoration,1,0.0,0.0,0.0,0,0,,,9,3,0,0,0,0,0,0,0,0,0
3864,Hurricane Particle 1,7,Decoration,1,0.0,0.0,0.0,0,0,,,9,3,0,0,0,0,0,0,0,0,0
3865,Rounded Cross Particle,7,Decoration,1,0.0,0.0,0.0,0,0,,,9,3,0,0,0,0,0,0,0,0,0
3866,Four-Petal Flower Particle,7,Decoration,1,0.0,0.0,0.0,0,0,,,9,3,0,0,0,0,0,0,0,0,0
3867,Dotted Cross Particle,7,Decoration,1,0.0,0.0,0.0,0,0,,,9,3,0,0,0,0,0,0,0,0,0
3868,Clover Particle,7,Decoration,1,0.0,0.0,0.0,0,0,,,9,3,0,0,0,0,0,0,0,0,0
3869,Y Particle,7,Decoration,1,0.0,0.0,0.0,0,0,,,9,3,0,0,0,0,0,0,0,0,0
3870,Claw Mark Particle 1,7,Decoration,1,0.0,0.0,0.0,0,0,,,9,3,0,0,0,0,0,0,0,0,0
3871,Claw Mark Particle 2,7,Decoration,1,0.0,0.0,0.0,0,0,,,9,3,0,0,0,0,0,0,0,0,0
3872,Claw Mark Particle 3,7,Decoration,1,0.0,0.0,0.0,0,0,,,9,3,0,0,0,0,0,0,0,0,0
3873,Claw Mark Particle 4,7,Decoration,1,0.0,0.0,0.0,0,0,,,9,3,0,0,0,0,0,0,0,0,0
3874,Claw Mark Particle 5,7,Decoration,1,0.0,0.0,0.0,0,0,,,9,3,0,0,0,0,0,0,0,0,0
3875,Claw Mark Particle 6,7,Decoration,1,0.0,0.0,0.0,0,0,,,9,3,0,0,0,0,0,0,0,0,0
3876,Oval Particle,7,Decoration,1,0.0,0.0,0.0,0,0,,,9,3,0,0,0,0,0,0,0,0,0
3877,Claw Mark Particle 7,7,Decoration,1,0.0,0.0,0.0,0,0,,,9,3,0,0,0,0,0,0,0,0,0
3878,Abstract Particle 1,7,Decoration,1,0.0,0.0,0.0,0,0,,,9,3,0,0,0,0,0,0,0,0,0
3879,Abstract Particle 2,7,Decoration,1,0.0,0.0,0.0,0,0,,,9,3,0,0,0,0,0,0,0,0,0
3880,Claw Mark Particle 8,7,Decoration,1,0.0,0.0,0.0,0,0,,,9,3,0,0,0,0,0,0,0,0,0
3881,Claw Mark Particle 9,7,Decoration,1,0.0,0.0,0.0,0,0,,,9,3,0,0,0,0,0,0,0,0,0
3882,Large Four Point Star Particle,7,Decoration,1,0.0,0.0,0.0,0,0,,,9,3,0,0,0,0,0,0,0,0,0
3883,Medium Four Point Star Particle,7,Decoration,1,0.0,0.0,0.0,0,0,,,9,3,0,0,0,0,0,0,0,0,0
3884,Small Four Point Star Particle,7,Decoration,1,0.0,0.0,0.0,0,0,,,9,3,0,0,0,0,0,0,0,0,0
3885,Separated Eight Point Star Particle,7,Decoration,1,0.0,0.0,0.0,0,0,,,9,3,0,0,0,0,0,0,0,0,0
3886,Eight Point Star Particle 1,7,Decoration,1,0.0,0.0,0.0,0,0,,,9,3,0,0,0,0,0,0,0,0,0
3887,Eight Point Star Particle 2,7,Decoration,1,0.0,0.0,0.0,0,0,,,9,3,0,0,0,0,0,0,0,0,0
3888,Shining Star Particle 1,7,Decoration,1,0.0,0.0,0.0,0,0,,,9,3,0,0,0,0,0,0,0,0,0
3889,Crosshair Particle 1,7,Decoration,1,0.0,0.0,0.0,0,0,,,9,3,0,0,0,0,0,0,0,0,0
3890,Crosshair Particle 2,7,Decoration,1,0.0,0.0,0.0,0,0,,,9,3,0,0,0,0,0,0,0,0,0
3891,Crosshair Particle 3,7,Decoration,1,0.0,0.0,0.0,0,0,,,9,3,0,0,0,0,0,0,0,0,0
3892,Crosshair Particle 4,7,Decoration,1,0.0,0.0,0.0,0,0,,,9,3,0,0,0,0,0,0,0,0,0
3893,Simple Arrow Particle,7,Decoration,1,0.0,0.0,0.0,0,0,,,9,3,0,0,0,0,0,0,0,0,0
3894,Swirl Particle 2,7,Decoration,1,0.0,0.0,0.0,0,0,,,9,3,0,0,0,0,0,0,0,0,0
3895,Whirlpool Particle,7,Decoration,1,0.0,0.0,0.0,0,0,,,9,3,0,0,0,0,0,0,0,0,0
3896,Droplet Particle,7,Decoration,1,0.0,0.0,0.0,0,0,,,9,3,0,0,0,0,0,0,0,0,0
3897,Multiple Droplets Particle,7,Decoration,1,0.0,0.0,0.0,0,0,,,9,3,0,0,0,0,0,0,0,0,0
3898,Meteor Particle,7,Decoration,1,0.0,0.0,0.0,0,0,,,9,3,0,0,0,0,0,0,0,0,0
3899,Six-Petal Flower Particle,7,Decoration,1,0.0,0.0,0.0,0,0,,,9,3,0,0,0,0,0,0,0,0,0
3900,Cloud Particle 1,7,Decoration,1,0.0,0.0,0.0,0,0,,,9,3,0,0,0,0,0,0,0,0,0
3901,Moon Particle,7,Decoration,1,0.0,0.0,0.0,0,0,,,9,3,0,0,0,0,0,0,0,0,0
3902,Three Crescent Particle,7,Decoration,1,0.0,0.0,0.0,0,0,,,9,3,0,0,0,0,0,0,0,0,0
3903,Bulging Crescent Particle,7,Decoration,1,0.0,0.0,0.0,0,0,,,9,3,0,0,0,0,0,0,0,0,0
3904,Crescent Particle,7,Decoration,1,0.0,0.0,0.0,0,0,,,9,3,0,0,0,0,0,0,0,0,0
3905,Dripping Crescent Particle,7,Decoration,1,0.0,0.0,0.0,0,0,,,9,3,0,0,0,0,0,0,0,0,0
3906,Swoosh Particle,7,Decoration,1,0.0,0.0,0.0,0,0,,,9,3,0,0,0,0,0,0,0,0,0
3907,Swoosh Particle 2,7,Decoration,1,0.0,0.0,0.0,0,0,,,9,3,0,0,0,0,0,0,0,0,0
3908,Rounded Gear Particle,7,Decoration,1,0.0,0.0,0.0,0,0,,,9,3,0,0,0,0,0,0,0,0,0
3909,Eight Point Star Particle 3,7,Decoration,1,0.0,0.0,0.0,0,0,,,9,3,0,0,0,0,0,0,0,0,0
3910,Two Ellipses Particle,7,Decoration,1,0.0,0.0,0.0,0,0,,,9,3,0,0,0,0,0,0,0,0,0
3911,Target Particle,7,Decoration,1,0.0,0.0,0.0,0,0,,,9,3,0,0,0,0,0,0,0,0,0
3912,Splatter Particle 1,7,Decoration,1,0.0,0.0,0.0,0,0,,,9,3,0,0,0,0,0,0,0,0,0
3913,Splatter Particle 2,7,Decoration,1,0.0,0.0,0.0,0,0,,,9,3,0,0,0,0,0,0,0,0,0
3914,Splatter Particle 3,7,Decoration,1,0.0,0.0,0.0,0,0,,,9,3,0,0,0,0,0,0,0,0,0
3915,Splatter Particle 4,7,Decoration,1,0.0,0.0,0.0,0,0,,,9,3,0,0,0,0,0,0,0,0,0
3916,Splatter Particle 5,7,Decoration,1,0.0,0.0,0.0,0,0,,,9,3,0,0,0,0,0,0,0,0,0
3917,Splatter Particle 6,7,Decoration,1,0.0,0.0,0.0,0,0,,,9,3,0,0,0,0,0,0,0,0,0
3918,Clash Particle 1,7,Decoration,1,0.0,0.0,0.0,0,0,,,9,3,0,0,0,0,0,0,0,0,0
3919,Clash Particle 2,7,Decoration,1,0.0,0.0,0.0,0,0,,,9,3,0,0,0,0,0,0,0,0,0
3920,Splash Particle 1,7,Decoration,1,0.0,0.0,0.0,0,0,,,9,3,0,0,0,0,0,0,0,0,0
3921,Splash Particle 2,7,Decoration,1,0.0,0.0,0.0,0,0,,,9,3,0,0,0,0,0,0,0,0,0
3922,Splash Particle 3,7,Decoration,1,0.0,0.0,0.0,0,0,,,9,3,0,0,0,0,0,0,0,0,0
3923,Splash Particle 4,7,Decoration,1,0.0,0.0,0.0,0,0,,,9,3,0,0,0,0,0,0,0,0,0
3924,Splash Particle 5,7,Decoration,1,0.0,0.0,0.0,0,0,,,9,3,0,0,0,0,0,0,0,0,0
3925,Splash Particle 6,7,Decoration,1,0.0,0.0,0.0,0,0,,,9,3,0,0,0,0,0,0,0,0,0
3926,Drip Particle,7,Decoration,1,0.0,0.0,0.0,0,0,,,9,3,0,0,0,0,0,0,0,0,0
3927,Dripping Slash Particle,7,Decoration,1,0.0,0.0,0.0,0,0,,,9,3,0,0,0,0,0,0,0,0,0
3928,Slash Particle 1,7,Decoration,1,0.0,0.0,0.0,0,0,,,9,3,0,0,0,0,0,0,0,0,0
3929,Slash Particle 2,7,Decoration,1,0.0,0.0,0.0,0,0,,,9,3,0,0,0,0,0,0,0,0,0
3930,Abstract Particle 3,7,Decoration,1,0.0,0.0,0.0,0,0,,,9,3,0,0,0,0,0,0,0,0,0
3931,Medic Particle,7,Decoration,1,0.0,0.0,0.0,0,0,,,9,3,0,0,0,0,0,0,0,0,0
3932,Five Tally Marks Particle,7,Decoration,1,0.0,0.0,0.0,0,0,,,9,3,0,0,0,0,0,0,0,0,0
3933,Abstract Particle 4,7,Decoration,1,0.0,0.0,0.0,0,0,,,9,3,0,0,0,0,0,0,0,0,0
3934,Claw Mark Particle 10,7,Decoration,1,0.0,0.0,0.0,0,0,,,9,3,0,0,0,0,0,0,0,0,0
3935,Thick Rounded Triangle Particle,7,Decoration,1,0.0,0.0,0.0,0,0,,,9,3,0,0,0,0,0,0,0,0,0
3936,Simple Diamond Particle,7,Decoration,1,0.0,0.0,0.0,0,0,,,9,3,0,0,0,0,0,0,0,0,0
3937,Simple Half Diamond Particle,7,Decoration,1,0.0,0.0,0.0,0,0,,,9,3,0,0,0,0,0,0,0,0,0
3938,Thick Bulging Square Particle,7,Decoration,1,0.0,0.0,0.0,0,0,,,9,3,0,0,0,0,0,0,0,0,0
3939,Thick Half Hexagon Particle,7,Decoration,1,0.0,0.0,0.0,0,0,,,9,3,0,0,0,0,0,0,0,0,0
3940,Shield Particle 1,7,Decoration,1,0.0,0.0,0.0,0,0,,,9,3,0,0,0,0,0,0,0,0,0
3941,Shield Particle 2,7,Decoration,1,0.0,0.0,0.0,0,0,,,9,3,0,0,0,0,0,0,0,0,0
3942,Half Shield Particle,7,Decoration,1,0.0,0.0,0.0,0,0,,,9,3,0,0,0,0,0,0,0,0,0
3943,Cube Particle,7,Decoration,1,0.0,0.0,0.0,0,0,,,9,3,0,0,0,0,0,0,0,0,0
3944,Hollow Cross Particle,7,Decoration,1,0.0,0.0,0.0,0,0,,,9,3,0,0,0,0,0,0,0,0,0
3945,Bone Particle,7,Decoration,1,0.0,0.0,0.0,0,0,,,9,3,0,0,0,0,0,0,0,0,0
3946,Leaf Particle,7,Decoration,1,0.0,0.0,0.0,0,0,,,9,3,0,0,0,0,0,0,0,0,0
3947,Figure Eight Particle,7,Decoration,1,0.0,0.0,0.0,0,0,,,9,3,0,0,0,0,0,0,0,0,0
3948,Heart Particle 2,7,Decoration,1,0.0,0.0,0.0,0,0,,,9,3,0,0,0,0,0,0,0,0,0
3949,Null Particle,7,Decoration,1,0.0,0.0,0.0,0,0,,,9,3,0,0,0,0,0,0,0,0,0
3950,Pound Particle,7,Decoration,1,0.0,0.0,0.0,0,0,,,9,3,0,0,0,0,0,0,0,0,0
3951,Lightning Bolt Particle,7,Decoration,1,0.0,0.0,0.0,0,0,,,9,3,0,0,0,0,0,0,0,0,0
3952,Ghost Particle,7,Decoration,1,0.0,0.0,0.0,0,0,,,9,3,0,0,0,0,0,0,0,0,0
3953,Alien Particle,7,Decoration,1,0.0,0.0,0.0,0,0,,,9,3,0,0,0,0,0,0,0,0,0
3954,Key Particle,7,Decoration,1,0.0,0.0,0.0,0,0,,,9,3,0,0,0,0,0,0,0,0,0
3955,Eye Particle,7,Decoration,1,0.0,0.0,0.0,0,0,,,9,3,0,0,0,0,0,0,0,0,0
3956,Distorted Swirl Particle,7,Decoration,1,0.0,0.0,0.0,0,0,,,9,3,0,0,0,0,0,0,0,0,0
3957,Pop Particle,7,Decoration,1,0.0,0.0,0.0,0,0,,,9,3,0,0,0,0,0,0,0,0,0
3958,Glow Particle,7,Decoration,1,0.0,0.0,0.0,0,0,,,9,3,0,0,0,0,0,0,0,0,0
3959,Thick Glow Particle,7,Decoration,1,0.0,0.0,0.0,0,0,,,9,3,0,0,0,0,0,0,0,0,0
3960,Very Thick Glow Particle,7,Decoration,1,0.0,0.0,0.0,0,0,,,9,3,0,0,0,0,0,0,0,0,0
3961,Inverted Glow Circle Particle,7,Decoration,1,0.0,0.0,0.0,0,0,,,9,3,0,0,0,0,0,0,0,0,0
3962,Hollow Glow Oval Particle,7,Decoration,1,0.0,0.0,0.0,0,0,,,9,3,0,0,0,0,0,0,0,0,0
3963,Radial Glow Oval Particle,7,Decoration,1,0.0,0.0,0.0,0,0,,,9,3,0,0,0,0,0,0,0,0,0
3964,Sun Corona Particle,7,Decoration,1,0.0,0.0,0.0,0,0,,,9,3,0,0,0,0,0,0,0,0,0
3965,Bubble Particle,7,Decoration,1,0.0,0.0,0.0,0,0,,,9,3,0,0,0,0,0,0,0,0,0
3966,Four Point Star Particle,7,Decoration,1,0.0,0.0,0.0,0,0,,,9,3,0,0,0,0,0,0,0,0,0
3967,Thin Four Point Star Particle,7,Decoration,1,0.0,0.0,0.0,0,0,,,9,3,0,0,0,0,0,0,0,0,0
3968,Shining Star Particle 2,7,Decoration,1,0.0,0.0,0.0,0,0,,,9,3,0,0,0,0,0,0,0,0,0
3969,Glow Four Point Star Particle,7,Decoration,1,0.0,0.0,0.0,0,0,,,9,3,0,0,0,0,0,0,0,0,0
3970,Light Beam Ring Particle,7,Decoration,1,0.0,0.0,0.0,0,0,,,9,3,0,0,0,0,0,0,0,0,0
3971,Light Beam Orb Particle,7,Decoration,1,0.0,0.0,0.0,0,0,,,9,3,0,0,0,0,0,0,0,0,0
3972,Scratches Particle,7,Decoration,1,0.0,0.0,0.0,0,0,,,9,3,0,0,0,0,0,0,0,0,0
3973,Glowing Eight Point Star Particle,7,Decoration,1,0.0,0.0,0.0,0,0,,,9,3,0,0,0,0,0,0,0,0,0
3974,Portal Center Particle,7,Decoration,1,0.0,0.0,0.0,0,0,,,9,3,0,0,0,0,0,0,0,0,0
3975,Cracks Particle,7,Decoration,1,0.0,0.0,0.0,0,0,,,9,3,0,0,0,0,0,0,0,0,0
3976,Portal Swirl Particle,7,Decoration,1,0.0,0.0,0.0,0,0,,,9,3,0,0,0,0,0,0,0,0,0
3977,Splatter Particle 7,7,Decoration,1,0.0,0.0,0.0,0,0,,,9,3,0,0,0,0,0,0,0,0,0
3978,Splatter Particle 8,7,Decoration,1,0.0,0.0,0.0,0,0,,,9,3,0,0,0,0,0,0,0,0,0
3979,Whirlwind Particle 1,7,Decoration,1,0.0,0.0,0.0,0,0,,,9,3,0,0,0,0,0,0,0,0,0
3980,Blurry Whirlwind Particle,7,Decoration,1,0.0,0.0,0.0,0,0,,,9,3,0,0,0,0,0,0,0,0,0
3981,Smoke Cloud Particle 1,7,Decoration,1,0.0,0.0,0.0,0,0,,,9,3,0,0,0,0,0,0,0,0,0
3982,Smoke Cloud Particle 2,7,Decoration,1,0.0,0.0,0.0,0,0,,,9,3,0,0,0,0,0,0,0,0,0
3983,Smoke Cloud Particle 3,7,Decoration,1,0.0,0.0,0.0,0,0,,,9,3,0,0,0,0,0,0,0,0,0
3984,Cloud Particle 2,7,Decoration,1,0.0,0.0,0.0,0,0,,,9,3,0,0,0,0,0,0,0,0,0
3985,Light Beam Ring Inward Particle,7,Decoration,1,0.0,0.0,0.0,0,0,,,9,3,0,0,0,0,0,0,0,0,0
3986,Circle Fuzz Particle,7,Decoration,1,0.0,0.0,0.0,0,0,,,9,3,0,0,0,0,0,0,0,0,0
3987,Circle Sharp Noise Particle,7,Decoration,1,0.0,0.0,0.0,0,0,,,9,3,0,0,0,0,0,0,0,0,0
3988,Claw Mark Particle 11,7,Decoration,1,0.0,0.0,0.0,0,0,,,9,3,0,0,0,0,0,0,0,0,0
3989,Hurricane Particle 2,7,Decoration,1,0.0,0.0,0.0,0,0,,,9,3,0,0,0,0,0,0,0,0,0
3990,Whirlwind Particle 2,7,Decoration,1,0.0,0.0,0.0,0,0,,,9,3,0,0,0,0,0,0,0,0,0
3991,Screen Crack Particle,7,Decoration,1,0.0,0.0,0.0,0,0,,,9,3,0,0,0,0,0,0,0,0,0
3992,Space Cloud Particle,7,Decoration,1,0.0,0.0,0.0,0,0,,,9,3,0,0,0,0,0,0,0,0,0
3993,Exit Icon,7,Decoration,1,0.0,0.0,0.0,0,0,,,9,3,0,0,0,0,0,0,0,0,0
3994,Lock Icon,7,Decoration,1,0.0,0.0,0.0,0,0,,,9,3,0,0,0,0,0,0,0,0,0
3995,Mana Orb Icon,7,Decoration,1,0.0,0.0,0.0,0,0,,,9,3,0,0,0,0,0,0,0,0,0
3996,Edit Icon,7,Decoration,1,0.0,0.0,0.0,0,0,,,9,3,0,0,0,0,0,0,0,0,0
3997,Clock Icon,7,Decoration,1,0.0,0.0,0.0,0,0,,,9,3,0,0,0,0,0,0,0,0,0
3998,Trophy Icon,7,Decoration,1,0.0,0.0,0.0,0,0,,,9,3,0,0,0,0,0,0,0,0,0
3999,Heart Icon,7,Decoration,1,0.0,0.0,0.0,0,0,,,9,3,0,0,0,0,0,0,0,0,0
4000,Pixel Art 1200,7,Decoration,1,0.0,0.0,0.0,0,0,,,9,3,0,0,0,0,0,0,0,0,0
4001,Pixel Art 1201,7,Decoration,1,0.0,0.0,0.0,0,0,,,9,3,0,0,0,0,0,0,0,0,0
4002,Pixel Art 1202,7,Decoration,1,0.0,0.0,0.0,0,0,,,9,3,0,0,0,0,0,0,0,0,0
4003,Pixel Art 1203,7,Decoration,1,0.0,0.0,0.0,0,0,,,9,3,0,0,0,0,0,0,0,0,0
4004,Pixel Art 1204,7,Decoration,1,0.0,0.0,0.0,0,0,,,9,3,0,0,0,0,0,0,0,0,0
4005,Pixel Art 1205,7,Decoration,1,0.0,0.0,0.0,0,0,,,9,3,0,0,0,0,0,0,0,0,0
4006,Pixel Art 1206,7,Decoration,1,0.0,0.0,0.0,0,0,,,9,3,0,0,0,0,0,0,0,0,0
4007,Pixel Art 1207,7,Decoration,1,0.0,0.0,0.0,0,0,,,9,3,0,0,0,0,0,0,0,0,0
4008,Pixel Art 1208,7,Decoration,1,0.0,0.0,0.0,0,0,,,9,3,0,0,0,0,0,0,0,0,0
4009,Pixel Art 1209,7,Decoration,1,0.0,0.0,0.0,0,0,,,9,3,0,0,0,0,0,0,0,0,0
4010,Pixel Art 1210,7,Decoration,1,0.0,0.0,0.0,0,0,,,9,3,0,0,0,0,0,0,0,0,0
4011,Pixel Art 1211,7,Decoration,1,0.0,0.0,0.0,0,0,,,9,3,0,0,0,0,0,0,0,0,0
4012,Pixel Art 1212,7,Decoration,1,0.0,0.0,0.0,0,0,,,9,3,0,0,0,0,0,0,0,0,0
4013,Pixel Art 1213,7,Decoration,1,0.0,0.0,0.0,0,0,,,9,3,0,0,0,0,0,0,0,0,0
4014,Pixel Art 1214,7,Decoration,1,0.0,0.0,0.0,0,0,,,9,3,0,0,0,0,0,0,0,0,0
4015,Pixel Art 1215,7,Decoration,1,0.0,0.0,0.0,0,0,,,9,3,0,0,0,0,0,0,0,0,0
4016,Pixel Art 1216,7,Decoration,1,0.0,0.0,0.0,0,0,,,9,3,0,0,0,0,0,0,0,0,0
4017,Pixel Art 1217,7,Decoration,1,0.0,0.0,0.0,0,0,,,9,3,0,0,0,0,0,0,0,0,0
4018,Pixel Art 1218,7,Decoration,1,0.0,0.0,0.0,0,0,,,9,3,0,0,0,0,0,0,0,0,0
4019,Pixel Art 1219,7,Decoration,1,0.0,0.0,0.0,0,0,,,9,3,0,0,0,0,0,0,0,0,0
4020,Pixel Art 1220,7,Decoration,1,0.0,0.0,0.0,0,0,,,9,3,0,0,0,0,0,0,0,0,0
4021,Pixel Art 1221,7,Decoration,1,0.0,0.0,0.0,0,0,,,9,3,0,0,0,0,0,0,0,0,0
4022,Pixel Art 1222,7,Decoration,1,0.0,0.0,0.0,0,0,,,9,3,0,0,0,0,0,0,0,0,0
4023,Pixel Art 1223,7,Decoration,1,0.0,0.0,0.0,0,0,,,9,3,0,0,0,0,0,0,0,0,0
4024,Pixel Art 1224,7,Decoration,1,0.0,0.0,0.0,0,0,,,9,3,0,0,0,0,0,0,0,0,0
4025,Pixel Art 1225,7,Decoration,1,0.0,0.0,0.0,0,0,,,9,3,0,0,0,0,0,0,0,0,0
4026,Pixel Art 1226,7,Decoration,1,0.0,0.0,0.0,0,0,,,9,3,0,0,0,0,0,0,0,0,0
4027,Pixel Art 1227,7,Decoration,1,0.0,0.0,0.0,0,0,,,9,3,0,0,0,0,0,0,0,0,0
4028,Pixel Art 1228,7,Decoration,1,0.0,0.0,0.0,0,0,,,9,3,0,0,0,0,0,0,0,0,0
4029,Pixel Art 1229,7,Decoration,1,0.0,0.0,0.0,0,0,,,9,3,0,0,0,0,0,0,0,0,0
4030,Pixel Art 1230,7,Decoration,1,0.0,0.0,0.0,0,0,,,9,3,0,0,0,0,0,0,0,0,0
4031,Pixel Art 1231,7,Decoration,1,0.0,0.0,0.0,0,0,,,9,3,0,0,0,0,0,0,0,0,0
4032,Pixel Art 1232,7,Decoration,1,0.0,0.0,0.0,0,0,,,9,3,0,0,0,0,0,0,0,0,0
4033,Pixel Art 1233,7,Decoration,1,0.0,0.0,0.0,0,0,,,9,3,0,0,0,0,0,0,0,0,0
4034,Pixel Art 1234,7,Decoration,1,0.0,0.0,0.0,0,0,,,9,3,0,0,0,0,0,0,0,0,0
4035,Pixel Art 1235,7,Decoration,1,0.0,0.0,0.0,0,0,,,9,3,0,0,0,0,0,0,0,0,0
4036,Pixel Art 1236,7,Decoration,1,0.0,0.0,0.0,0,0,,,9,3,0,0,0,0,0,0,0,0,0
4037,Pixel Art 1237,7,Decoration,1,0.0,0.0,0.0,0,0,,,9,3,0,0,0,0,0,0,0,0,0
4038,Pixel Art 1238,7,Decoration,1,0.0,0.0,0.0,0,0,,,9,3,0,0,0,0,0,0,0,0,0
4039,Pixel Art 1239,7,Decoration,1,0.0,0.0,0.0,0,0,,,9,3,0,0,0,0,0,0,0,0,0
4040,Pixel Art 1240,7,Decoration,1,0.0,0.0,0.0,0,0,,,9,3,0,0,0,0,0,0,0,0,0
4041,Pixel Art 1241,7,Decoration,1,0.0,0.0,0.0,0,0,,,9,3,0,0,0,0,0,0,0,0,0
4042,Pixel Art 1242,7,Decoration,1,0.0,0.0,0.0,0,0,,,9,3,0,0,0,0,0,0,0,0,0
4043,Pixel Art 1243,7,Decoration,1,0.0,0.0,0.0,0,0,,,9,3,0,0,0,0,0,0,0,0,0
4044,Pixel Art 1244,7,Decoration,1,0.0,0.0,0.0,0,0,,,9,3,0,0,0,0,0,0,0,0,0
4045,Pixel Art 1245,7,Decoration,1,0.0,0.0,0.0,0,0,,,9,3,0,0,0,0,0,0,0,0,0
4046,Pixel Art 1246,7,Decoration,1,0.0,0.0,0.0,0,0,,,9,3,0,0,0,0,0,0,0,0,0
4047,Pixel Art 1247,7,Decoration,1,0.0,0.0,0.0,0,0,,,9,3,0,0,0,0,0,0,0,0,0
4048,Pixel Art 1248,7,Decoration,1,0.0,0.0,0.0,0,0,,,9,3,0,0,0,0,0,0,0,0,0
4049,Pixel Art 1249,7,Decoration,1,0.0,0.0,0.0,0,0,,,9,3,0,0,0,0,0,0,0,0,0
4050,Pixel Art 1250,7,Decoration,1,0.0,0.0,0.0,0,0,,,9,3,0,0,0,0,0,0,0,0,0
4051,Pixel Art 1251,7,Decoration,1,0.0,0.0,0.0,0,0,,,9,3,0,0,0,0,0,0,0,0,0
4052,Pixel Art 1252,7,Decoration,1,0.0,0.0,0.0,0,0,,,9,3,0,0,0,0,0,0,0,0,0
4053,Pixel Art 1253,7,Decoration,1,0.0,0.0,0.0,0,0,,,9,3,0,0,0,0,0,0,0,0,0
4054,Pixel Art 1254,7,Decoration,1,0.0,0.0,0.0,0,0,,,9,3,0,0,0,0,0,0,0,0,0
4055,Pixel Art 1255,7,Decoration,1,0.0,0.0,0.0,0,0,,,9,3,0,0,0,0,0,0,0,0,0
4056,Pixel Art 1256,7,Decoration,1,0.0,0.0,0.0,0,0,,,9,3,0,0,0,0,0,0,0,0,0
4057,Pixel Art 1257,7,Decoration,1,0.0,0.0,0.0,0,0,,,9,3,0,0,0,0,0,0,0,0,0
4058,Pixel Art 1258,7,Decoration,1,0.0,0.0,0.0,0,0,,,9,3,0,0,0,0,0,0,0,0,0
4059,Pixel Art 1259,7,Decoration,1,0.0,0.0,0.0,0,0,,,9,3,0,0,0,0,0,0,0,0,0
4060,Pixel Art 1260,7,Decoration,1,0.0,0.0,0.0,0,0,,,9,3,0,0,0,0,0,0,0,0,0
4061,Pixel Art 1261,7,Decoration,1,0.0,0.0,0.0,0,0,,,9,3,0,0,0,0,0,0,0,0,0
4062,Pixel Art 1262,7,Decoration,1,0.0,0.0,0.0,0,0,,,9,3,0,0,0,0,0,0,0,0,0
4063,Pixel Art 1263,7,Decoration,1,0.0,0.0,0.0,0,0,,,9,3,0,0,0,0,0,0,0,0,0
4064,Pixel Art 1264,7,Decoration,1,0.0,0.0,0.0,0,0,,,9,3,0,0,0,0,0,0,0,0,0
4065,Pixel Art 1265,7,Decoration,1,0.0,0.0,0.0,0,0,,,9,3,0,0,0,0,0,0,0,0,0
4066,Pixel Art 1266,7,Decoration,1,0.0,0.0,0.0,0,0,,,9,3,0,0,0,0,0,0,0,0,0
4067,Pixel Art 1267,7,Decoration,1,0.0,0.0,0.0,0,0,,,9,3,0,0,0,0,0,0,0,0,0
4068,Pixel Art 1268,7,Decoration,1,0.0,0.0,0.0,0,0,,,9,3,0,0,0,0,0,0,0,0,0
4069,Pixel Art 1269,7,Decoration,1,0.0,0.0,0.0,0,0,,,9,3,0,0,0,0,0,0,0,0,0
4070,Pixel Art 1270,7,Decoration,1,0.0,0.0,0.0,0,0,,,9,3,0,0,0,0,0,0,0,0,0
4071,Pixel Art 1271,7,Decoration,1,0.0,0.0,0.0,0,0,,,9,3,0,0,0,0,0,0,0,0,0
4072,Pixel Art 1272,7,Decoration,1,0.0,0.0,0.0,0,0,,,9,3,0,0,0,0,0,0,0,0,0
4073,Pixel Art 1273,7,Decoration,1,0.0,0.0,0.0,0,0,,,9,3,0,0,0,0,0,0,0,0,0
4074,Pixel Art 1274,7,Decoration,1,0.0,0.0,0.0,0,0,,,9,3,0,0,0,0,0,0,0,0,0
4075,Pixel Art 1275,7,Decoration,1,0.0,0.0,0.0,0,0,,,9,3,0,0,0,0,0,0,0,0,0
4076,Pixel Art 1276,7,Decoration,1,0.0,0.0,0.0,0,0,,,9,3,0,0,0,0,0,0,0,0,0
4077,Pixel Art 1277,7,Decoration,1,0.0,0.0,0.0,0,0,,,9,3,0,0,0,0,0,0,0,0,0
4078,Pixel Art 1278,7,Decoration,1,0.0,0.0,0.0,0,0,,,9,3,0,0,0,0,0,0,0,0,0
4079,Pixel Art 1279,7,Decoration,1,0.0,0.0,0.0,0,0,,,9,3,0,0,0,0,0,0,0,0,0
4080,Pixel Art 1280,7,Decoration,1,0.0,0.0,0.0,0,0,,,9,3,0,0,0,0,0,0,0,0,0
4081,Pixel Art 1281,7,Decoration,1,0.0,0.0,0.0,0,0,,,9,3,0,0,0,0,0,0,0,0,0
4082,Pixel Art 1282,7,Decoration,1,0.0,0.0,0.0,0,0,,,9,3,0,0,0,0,0,0,0,0,0
4083,Pixel Art 1283,7,Decoration,1,0.0,0.0,0.0,0,0,,,9,3,0,0,0,0,0,0,0,0,0
4084,Pixel Art 1284,7,Decoration,1,0.0,0.0,0.0,0,0,,,9,3,0,0,0,0,0,0,0,0,0
4085,Pixel Art 1285,7,Decoration,1,0.0,0.0,0.0,0,0,,,9,3,0,0,0,0,0,0,0,0,0
4086,Pixel Art 1286,7,Decoration,1,0.0,0.0,0.0,0,0,,,9,3,0,0,0,0,0,0,0,0,0
4087,Pixel Art 1287,7,Decoration,1,0.0,0.0,0.0,0,0,,,9,3,0,0,0,0,0,0,0,0,0
4088,Pixel Art 1288,7,Decoration,1,0.0,0.0,0.0,0,0,,,9,3,0,0,0,0,0,0,0,0,0
4089,Pixel Art 1289,7,Decoration,1,0.0,0.0,0.0,0,0,,,9,3,0,0,0,0,0,0,0,0,0
4090,Pixel Art 1290,7,Decoration,1,0.0,0.0,0.0,0,0,,,9,3,0,0,0,0,0,0,0,0,0
4091,Pixel Art 1291,7,Decoration,1,0.0,0.0,0.0,0,0,,,9,3,0,0,0,0,0,0,0,0,0
4092,Pixel Art 1292,7,Decoration,1,0.0,0.0,0.0,0,0,,,9,3,0,0,0,0,0,0,0,0,0
4093,Pixel Art 1293,7,Decoration,1,0.0,0.0,0.0,0,0,,,9,3,0,0,0,0,0,0,0,0,0
4094,Pixel Art 1294,7,Decoration,1,0.0,0.0,0.0,0,0,,,9,3,0,0,0,0,0,0,0,0,0
4095,Pixel Art 1295,7,Decoration,1,0.0,0.0,0.0,0,0,,,9,3,0,0,0,0,0,0,0,0,0
4096,Pixel Art 1296,7,Decoration,1,0.0,0.0,0.0,0,0,,,9,3,0,0,0,0,0,0,0,0,0
4097,Pixel Art 1297,7,Decoration,1,0.0,0.0,0.0,0,0,,,9,3,0,0,0,0,0,0,0,0,0
4098,Pixel Art 1298,7,Decoration,1,0.0,0.0,0.0,0,0,,,9,3,0,0,0,0,0,0,0,0,0
4099,Pixel Art 1299,7,Decoration,1,0.0,0.0,0.0,0,0,,,9,3,0,0,0,0,0,0,0,0,0
4100,Pixel Art 1300,7,Decoration,1,0.0,0.0,0.0,0,0,,,9,3,0,0,0,0,0,0,0,0,0
4101,Pixel Art 1301,7,Decoration,1,0.0,0.0,0.0,0,0,,,9,3,0,0,0,0,0,0,0,0,0
4102,Pixel Art 1302,7,Decoration,1,0.0,0.0,0.0,0,0,,,9,3,0,0,0,0,0,0,0,0,0
4103,Pixel Art 1303,7,Decoration,1,0.0,0.0,0.0,0,0,,,9,3,0,0,0,0,0,0,0,0,0
4104,Pixel Art 1304,7,Decoration,1,0.0,0.0,0.0,0,0,,,9,3,0,0,0,0,0,0,0,0,0
4105,Pixel Art 1305,7,Decoration,1,0.0,0.0,0.0,0,0,,,9,3,0,0,0,0,0,0,0,0,0
4106,Pixel Art 1306,7,Decoration,1,0.0,0.0,0.0,0,0,,,9,3,0,0,0,0,0,0,0,0,0
4107,Pixel Art 1307,7,Decoration,1,0.0,0.0,0.0,0,0,,,9,3,0,0,0,0,0,0,0,0,0
4108,Pixel Art 1308,7,Decoration,1,0.0,0.0,0.0,0,0,,,9,3,0,0,0,0,0,0,0,0,0
4109,Pixel Art 1309,7,Decoration,1,0.0,0.0,0.0,0,0,,,9,3,0,0,0,0,0,0,0,0,0
4110,Pixel Art 1310,7,Decoration,1,0.0,0.0,0.0,0,0,,,9,3,0,0,0,0,0,0,0,0,0
4111,Pixel Art 1311,7,Decoration,1,0.0,0.0,0.0,0,0,,,9,3,0,0,0,0,0,0,0,0,0
4112,Pixel Art 1312,7,Decoration,1,0.0,0.0,0.0,0,0,,,9,3,0,0,0,0,0,0,0,0,0
4113,Pixel Art 1313,7,Decoration,1,0.0,0.0,0.0,0,0,,,9,3,0,0,0,0,0,0,0,0,0
4114,Pixel Art 1314,7,Decoration,1,0.0,0.0,0.0,0,0,,,9,3,0,0,0,0,0,0,0,0,0
4115,Pixel Art 1315,7,Decoration,1,0.0,0.0,0.0,0,0,,,9,3,0,0,0,0,0,0,0,0,0
4116,Pixel Art 1316,7,Decoration,1,0.0,0.0,0.0,0,0,,,9,3,0,0,0,0,0,0,0,0,0
4117,Pixel Art 1317,7,Decoration,1,0.0,0.0,0.0,0,0,,,9,3,0,0,0,0,0,0,0,0,0
4118,Pixel Art 1318,7,Decoration,1,0.0,0.0,0.0,0,0,,,9,3,0,0,0,0,0,0,0,0,0
4119,Pixel Art 1319,7,Decoration,1,0.0,0.0,0.0,0,0,,,9,3,0,0,0,0,0,0,0,0,0
4120,Pixel Art 1320,7,Decoration,1,0.0,0.0,0.0,0,0,,,9,3,0,0,0,0,0,0,0,0,0
4121,Pixel Art 1321,7,Decoration,1,0.0,0.0,0.0,0,0,,,9,3,0,0,0,0,0,0,0,0,0
4122,Pixel Art 1322,7,Decoration,1,0.0,0.0,0.0,0,0,,,9,3,0,0,0,0,0,0,0,0,0
4123,Pixel Art 1323,7,Decoration,1,0.0,0.0,0.0,0,0,,,9,3,0,0,0,0,0,0,0,0,0
4124,Pixel Art 1324,7,Decoration,1,0.0,0.0,0.0,0,0,,,9,3,0,0,0,0,0,0,0,0,0
4125,Pixel Art 1325,7,Decoration,1,0.0,0.0,0.0,0,0,,,9,3,0,0,0,0,0,0,0,0,0
4126,Pixel Art 1326,7,Decoration,1,0.0,0.0,0.0,0,0,,,9,3,0,0,0,0,0,0,0,0,0
4127,Pixel Art 1327,7,Decoration,1,0.0,0.0,0.0,0,0,,,9,3,0,0,0,0,0,0,0,0,0
4128,Pixel Art 1328,7,Decoration,1,0.0,0.0,0.0,0,0,,,9,3,0,0,0,0,0,0,0,0,0
4129,Pixel Art 1329,7,Decoration,1,0.0,0.0,0.0,0,0,,,9,3,0,0,0,0,0,0,0,0,0
4130,Pixel Art 1330,7,Decoration,1,0.0,0.0,0.0,0,0,,,9,3,0,0,0,0,0,0,0,0,0
4131,Pixel Art 1331,7,Decoration,1,0.0,0.0,0.0,0,0,,,9,3,0,0,0,0,0,0,0,0,0
4132,Pixel Art 1332,7,Decoration,1,0.0,0.0,0.0,0,0,,,9,3,0,0,0,0,0,0,0,0,0
4133,Pixel Art 1333,7,Decoration,1,0.0,0.0,0.0,0,0,,,9,3,0,0,0,0,0,0,0,0,0
4134,Pixel Art 1334,7,Decoration,1,0.0,0.0,0.0,0,0,,,9,3,0,0,0,0,0,0,0,0,0
4135,Pixel Art 1335,7,Decoration,1,0.0,0.0,0.0,0,0,,,9,3,0,0,0,0,0,0,0,0,0
4136,Pixel Art 1336,7,Decoration,1,0.0,0.0,0.0,0,0,,,9,3,0,0,0,0,0,0,0,0,0
4137,Pixel Art 1337,7,Decoration,1,0.0,0.0,0.0,0,0,,,9,3,0,0,0,0,0,0,0,0,0
4138,Pixel Art 1338,7,Decoration,1,0.0,0.0,0.0,0,0,,,9,3,0,0,0,0,0,0,0,0,0
4139,Pixel Art 1339,7,Decoration,1,0.0,0.0,0.0,0,0,,,9,3,0,0,0,0,0,0,0,0,0
4140,Pixel Art 1340,7,Decoration,1,0.0,0.0,0.0,0,0,,,9,3,0,0,0,0,0,0,0,0,0
4141,Pixel Art 1341,7,Decoration,1,0.0,0.0,0.0,0,0,,,9,3,0,0,0,0,0,0,0,0,0
4142,Pixel Art 1342,7,Decoration,1,0.0,0.0,0.0,0,0,,,9,3,0,0,0,0,0,0,0,0,0
4143,Pixel Art 1343,7,Decoration,1,0.0,0.0,0.0,0,0,,,9,3,0,0,0,0,0,0,0,0,0
4144,Pixel Art 1344,7,Decoration,1,0.0,0.0,0.0,0,0,,,9,3,0,0,0,0,0,0,0,0,0
4145,Pixel Art 1345,7,Decoration,1,0.0,0.0,0.0,0,0,,,9,3,0,0,0,0,0,0,0,0,0
4146,Pixel Art 1346,7,Decoration,1,0.0,0.0,0.0,0,0,,,9,3,0,0,0,0,0,0,0,0,0
4147,Pixel Art 1347,7,Decoration,1,0.0,0.0,0.0,0,0,,,9,3,0,0,0,0,0,0,0,0,0
4148,Pixel Art 1348,7,Decoration,1,0.0,0.0,0.0,0,0,,,9,3,0,0,0,0,0,0,0,0,0
4149,Pixel Art 1349,7,Decoration,1,0.0,0.0,0.0,0,0,,,9,3,0,0,0,0,0,0,0,0,0
4150,Pixel Art 1350,7,Decoration,1,0.0,0.0,0.0,0,0,,,9,3,0,0,0,0,0,0,0,0,0
4151,Pixel Art 1351,7,Decoration,1,0.0,0.0,0.0,0,0,,,9,3,0,0,0,0,0,0,0,0,0
4152,Pixel Art 1352,7,Decoration,1,0.0,0.0,0.0,0,0,,,9,3,0,0,0,0,0,0,0,0,0
4153,Pixel Art 1353,7,Decoration,1,0.0,0.0,0.0,0,0,,,9,3,0,0,0,0,0,0,0,0,0
4154,Pixel Art 1354,7,Decoration,1,0.0,0.0,0.0,0,0,,,9,3,0,0,0,0,0,0,0,0,0
4155,Pixel Art 1355,7,Decoration,1,0.0,0.0,0.0,0,0,,,9,3,0,0,0,0,0,0,0,0,0
4156,Pixel Art 1356,7,Decoration,1,0.0,0.0,0.0,0,0,,,9,3,0,0,0,0,0,0,0,0,0
4157,Pixel Art 1357,7,Decoration,1,0.0,0.0,0.0,0,0,,,9,3,0,0,0,0,0,0,0,0,0
4158,Pixel Art 1358,7,Decoration,1,0.0,0.0,0.0,0,0,,,9,3,0,0,0,0,0,0,0,0,0
4159,Pixel Art 1359,7,Decoration,1,0.0,0.0,0.0,0,0,,,9,3,0,0,0,0,0,0,0,0,0
4160,Pixel Art 1360,7,Decoration,1,0.0,0.0,0.0,0,0,,,9,3,0,0,0,0,0,0,0,0,0
4161,Pixel Art 1361,7,Decoration,1,0.0,0.0,0.0,0,0,,,9,3,0,0,0,0,0,0,0,0,0
4162,Pixel Art 1362,7,Decoration,1,0.0,0.0,0.0,0,0,,,9,3,0,0,0,0,0,0,0,0,0
4163,Pixel Art 1363,7,Decoration,1,0.0,0.0,0.0,0,0,,,9,3,0,0,0,0,0,0,0,0,0
4164,Pixel Art 1364,7,Decoration,1,0.0,0.0,0.0,0,0,,,9,3,0,0,0,0,0,0,0,0,0
4165,Pixel Art 1365,7,Decoration,1,0.0,0.0,0.0,0,0,,,9,3,0,0,0,0,0,0,0,0,0
4166,Pixel Art 1366,7,Decoration,1,0.0,0.0,0.0,0,0,,,9,3,0,0,0,0,0,0,0,0,0
4167,Pixel Art 1367,7,Decoration,1,0.0,0.0,0.0,0,0,,,9,3,0,0,0,0,0,0,0,0,0
4168,Pixel Art 1368,7,Decoration,1,0.0,0.0,0.0,0,0,,,9,3,0,0,0,0,0,0,0,0,0
4169,Pixel Art 1369,7,Decoration,1,0.0,0.0,0.0,0,0,,,9,3,0,0,0,0,0,0,0,0,0
4170,Pixel Art 1370,7,Decoration,1,0.0,0.0,0.0,0,0,,,9,3,0,0,0,0,0,0,0,0,0
4171,Pixel Art 1371,7,Decoration,1,0.0,0.0,0.0,0,0,,,9,3,0,0,0,0,0,0,0,0,0
4172,Pixel Art 1372,7,Decoration,1,0.0,0.0,0.0,0,0,,,9,3,0,0,0,0,0,0,0,0,0
4173,Pixel Art 1373,7,Decoration,1,0.0,0.0,0.0,0,0,,,9,3,0,0,0,0,0,0,0,0,0
4174,Pixel Art 1374,7,Decoration,1,0.0,0.0,0.0,0,0,,,9,3,0,0,0,0,0,0,0,0,0
4175,Pixel Art 1375,7,Decoration,1,0.0,0.0,0.0,0,0,,,9,3,0,0,0,0,0,0,0,0,0
4176,Pixel Art 1376,7,Decoration,1,0.0,0.0,0.0,0,0,,,9,3,0,0,0,0,0,0,0,0,0
4177,Pixel Art 1377,7,Decoration,1,0.0,0.0,0.0,0,0,,,9,3,0,0,0,0,0,0,0,0,0
4178,Pixel Art 1378,7,Decoration,1,0.0,0.0,0.0,0,0,,,9,3,0,0,0,0,0,0,0,0,0
4179,Pixel Art 1379,7,Decoration,1,0.0,0.0,0.0,0,0,,,9,3,0,0,0,0,0,0,0,0,0
4180,Pixel Art 1380,7,Decoration,1,0.0,0.0,0.0,0,0,,,9,3,0,0,0,0,0,0,0,0,0
4181,Pixel Art 1381,7,Decoration,1,0.0,0.0,0.0,0,0,,,9,3,0,0,0,0,0,0,0,0,0
4182,Pixel Art 1382,7,Decoration,1,0.0,0.0,0.0,0,0,,,9,3,0,0,0,0,0,0,0,0,0
4183,Pixel Art 1383,7,Decoration,1,0.0,0.0,0.0,0,0,,,9,3,0,0,0,0,0,0,0,0,0
4184,Pixel Art 1384,7,Decoration,1,0.0,0.0,0.0,0,0,,,9,3,0,0,0,0,0,0,0,0,0
4185,Pixel Art 1385,7,Decoration,1,0.0,0.0,0.0,0,0,,,9,3,0,0,0,0,0,0,0,0,0
4186,Pixel Art 1386,7,Decoration,1,0.0,0.0,0.0,0,0,,,9,3,0,0,0,0,0,0,0,0,0
4187,Pixel Art 1387,7,Decoration,1,0.0,0.0,0.0,0,0,,,9,3,0,0,0,0,0,0,0,0,0
4188,Pixel Art 1388,7,Decoration,1,0.0,0.0,0.0,0,0,,,9,3,0,0,0,0,0,0,0,0,0
4189,Pixel Art 1389,7,Decoration,1,0.0,0.0,0.0,0,0,,,9,3,0,0,0,0,0,0,0,0,0
4190,Pixel Art 1390,7,Decoration,1,0.0,0.0,0.0,0,0,,,9,3,0,0,0,0,0,0,0,0,0
4191,Pixel Art 1391,7,Decoration,1,0.0,0.0,0.0,0,0,,,9,3,0,0,0,0,0,0,0,0,0
4192,Pixel Art 1392,7,Decoration,1,0.0,0.0,0.0,0,0,,,9,3,0,0,0,0,0,0,0,0,0
4193,Pixel Art 1393,7,Decoration,1,0.0,0.0,0.0,0,0,,,9,3,0,0,0,0,0,0,0,0,0
4194,Pixel Art 1394,7,Decoration,1,0.0,0.0,0.0,0,0,,,9,3,0,0,0,0,0,0,0,0,0
4195,Pixel Art 1395,7,Decoration,1,0.0,0.0,0.0,0,0,,,9,3,0,0,0,0,0,0,0,0,0
4196,Pixel Art 1396,7,Decoration,1,0.0,0.0,0.0,0,0,,,9,3,0,0,0,0,0,0,0,0,0
4197,Pixel Art 1397,7,Decoration,1,0.0,0.0,0.0,0,0,,,9,3,0,0,0,0,0,0,0,0,0
4198,Pixel Art 1398,7,Decoration,1,0.0,0.0,0.0,0,0,,,9,3,0,0,0,0,0,0,0,0,0
4199,Pixel Art 1399,7,Decoration,1,0.0,0.0,0.0,0,0,,,9,3,0,0,0,0,0,0,0,0,0
4200,Pixel Art 1400,7,Decoration,1,0.0,0.0,0.0,0,0,,,9,3,0,0,0,0,0,0,0,0,0
4201,Pixel Art 1401,7,Decoration,1,0.0,0.0,0.0,0,0,,,9,3,0,0,0,0,0,0,0,0,0
4202,Pixel Art 1402,7,Decoration,1,0.0,0.0,0.0,0,0,,,9,3,0,0,0,0,0,0,0,0,0
4203,Pixel Art 1403,7,Decoration,1,0.0,0.0,0.0,0,0,,,9,3,0,0,0,0,0,0,0,0,0
4204,Pixel Art 1404,7,Decoration,1,0.0,0.0,0.0,0,0,,,9,3,0,0,0,0,0,0,0,0,0
4205,Pixel Art 1405,7,Decoration,1,0.0,0.0,0.0,0,0,,,9,3,0,0,0,0,0,0,0,0,0
4206,Pixel Art 1406,7,Decoration,1,0.0,0.0,0.0,0,0,,,9,3,0,0,0,0,0,0,0,0,0
4207,Pixel Art 1407,7,Decoration,1,0.0,0.0,0.0,0,0,,,9,3,0,0,0,0,0,0,0,0,0
4208,Pixel Art 1408,7,Decoration,1,0.0,0.0,0.0,0,0,,,9,3,0,0,0,0,0,0,0,0,0
4209,Pixel Art 1409,7,Decoration,1,0.0,0.0,0.0,0,0,,,9,3,0,0,0,0,0,0,0,0,0
4210,Pixel Art 1410,7,Decoration,1,0.0,0.0,0.0,0,0,,,9,3,0,0,0,0,0,0,0,0,0
4211,Pixel Art 1411,0,Solid,0,0.0,0.0,0.0,0,0,,,0,5,0,0,0,0,0,0,1,0,0
4212,Pixel Art 1412,7,Decoration,1,0.0,0.0,0.0,0,0,,,9,3,0,0,0,0,0,0,0,0,0
4213,Pixel Art 1413,7,Decoration,1,0.0,0.0,0.0,0,0,,,9,3,0,0,0,0,0,0,0,0,0
4214,Pixel Art 1414,7,Decoration,1,0.0,0.0,0.0,0,0,,,9,3,0,0,0,0,0,0,0,0,0
4215,Pixel Art 1415,7,Decoration,1,0.0,0.0,0.0,0,0,,,9,3,0,0,0,0,0,0,0,0,0
4216,Pixel Art 1416,7,Decoration,1,0.0,0.0,0.0,0,0,,,9,3,0,0,0,0,0,0,0,0,0
4217,Pixel Art 1417,7,Decoration,1,0.0,0.0,0.0,0,0,,,9,3,0,0,0,0,0,0,0,0,0
4218,Pixel Art 1418,7,Decoration,1,0.0,0.0,0.0,0,0,,,9,3,0,0,0,0,0,0,0,0,0
4219,Pixel Art 1419,7,Decoration,1,0.0,0.0,0.0,0,0,,,9,3,0,0,0,0,0,0,0,0,0
4220,Pixel Art 1420,7,Decoration,1,0.0,0.0,0.0,0,0,,,9,3,0,0,0,0,0,0,0,0,0
4221,Pixel Art 1421,7,Decoration,1,0.0,0.0,0.0,0,0,,,9,3,0,0,0,0,0,0,0,0,0
4222,Pixel Art 1422,7,Decoration,1,0.0,0.0,0.0,0,0,,,9,3,0,0,0,0,0,0,0,0,0
4223,Pixel Art 1423,7,Decoration,1,0.0,0.0,0.0,0,0,,,9,3,0,0,0,0,0,0,0,0,0
4224,Pixel Art 1424,7,Decoration,1,0.0,0.0,0.0,0,0,,,9,3,0,0,0,0,0,0,0,0,0
4225,Pixel Art 1425,7,Decoration,1,0.0,0.0,0.0,0,0,,,9,3,0,0,0,0,0,0,0,0,0
4226,Pixel Art 1426,7,Decoration,1,0.0,0.0,0.0,0,0,,,9,3,0,0,0,0,0,0,0,0,0
4227,Pixel Art 1427,7,Decoration,1,0.0,0.0,0.0,0,0,,,9,3,0,0,0,0,0,0,0,0,0
4228,Pixel Art 1428,7,Decoration,1,0.0,0.0,0.0,0,0,,,9,3,0,0,0,0,0,0,0,0,0
4229,Pixel Art 1330,7,Decoration,1,0.0,0.0,0.0,0,0,,,9,3,0,0,0,0,0,0,0,0,0
4230,Pixel Art 1430,7,Decoration,1,0.0,0.0,0.0,0,0,,,9,3,0,0,0,0,0,0,0,0,0
4231,Pixel Art 1431,7,Decoration,1,0.0,0.0,0.0,0,0,,,9,3,0,0,0,0,0,0,0,0,0
4232,Pixel Art 1432,7,Decoration,1,0.0,0.0,0.0,0,0,,,9,3,0,0,0,0,0,0,0,0,0
4233,Pixel Art 1433,7,Decoration,1,0.0,0.0,0.0,0,0,,,9,3,0,0,0,0,0,0,0,0,0
4234,Pixel Art 1434,7,Decoration,1,0.0,0.0,0.0,0,0,,,9,3,0,0,0,0,0,0,0,0,0
4235,Pixel Art 1435,7,Decoration,1,0.0,0.0,0.0,0,0,,,9,3,0,0,0,0,0,0,0,0,0
4236,Pixel Art 1436,7,Decoration,1,0.0,0.0,0.0,0,0,,,9,3,0,0,0,0,0,0,0,0,0
4237,Pixel Art 1437,7,Decoration,1,0.0,0.0,0.0,0,0,,,9,3,0,0,0,0,0,0,0,0,0
4238,Pixel Art 1438,7,Decoration,1,0.0,0.0,0.0,0,0,,,9,3,0,0,0,0,0,0,0,0,0
4239,Pixel Art 1439,7,Decoration,1,0.0,0.0,0.0,0,0,,,9,3,0,0,0,0,0,0,0,0,0
4240,Pixel Art 1440,7,Decoration,1,0.0,0.0,0.0,0,0,,,9,3,0,0,0,0,0,0,0,0,0
4241,Pixel Art 1441,7,Decoration,1,0.0,0.0,0.0,0,0,,,9,3,0,0,0,0,0,0,0,0,0
4242,Pixel Art 1442,7,Decoration,1,0.0,0.0,0.0,0,0,,,9,3,0,0,0,0,0,0,0,0,0
4243,Pixel Art 1443,7,Decoration,1,0.0,0.0,0.0,0,0,,,9,3,0,0,0,0,0,0,0,0,0
4244,Pixel Art 1444,7,Decoration,1,0.0,0.0,0.0,0,0,,,9,3,0,0,0,0,0,0,0,0,0
4245,Pixel Art 1445,7,Decoration,1,0.0,0.0,0.0,0,0,,,9,3,0,0,0,0,0,0,0,0,0
4246,Pixel Art 1446,7,Decoration,1,0.0,0.0,0.0,0,0,,,9,3,0,0,0,0,0,0,0,0,0
4247,Pixel Art 1447,7,Decoration,1,0.0,0.0,0.0,0,0,,,9,3,0,0,0,0,0,0,0,0,0
4248,Pixel Art 1448,7,Decoration,1,0.0,0.0,0.0,0,0,,,9,3,0,0,0,0,0,0,0,0,0
4249,Pixel Art 1449,7,Decoration,1,0.0,0.0,0.0,0,0,,,9,3,0,0,0,0,0,0,0,0,0
4250,Pixel Art 1450,7,Decoration,1,0.0,0.0,0.0,0,0,,,9,3,0,0,0,0,0,0,0,0,0
4251,Pixel Art 1451,7,Decoration,1,0.0,0.0,0.0,0,0,,,9,3,0,0,0,0,0,0,0,0,0
4252,Pixel Art 1452,7,Decoration,1,0.0,0.0,0.0,0,0,,,9,3,0,0,0,0,0,0,0,0,0
4253,Pixel Art 1453,7,Decoration,1,0.0,0.0,0.0,0,0,,,9,3,0,0,0,0,0,0,0,0,0
4254,Pixel Art 1454,7,Decoration,1,0.0,0.0,0.0,0,0,,,9,3,0,0,0,0,0,0,0,0,0
4255,Pixel Art 1455,7,Decoration,1,0.0,0.0,0.0,0,0,,,9,3,0,0,0,0,0,0,0,0,0
4256,Pixel Art 1456,7,Decoration,1,0.0,0.0,0.0,0,0,,,9,3,0,0,0,0,0,0,0,0,0
4257,Pixel Art 1457,7,Decoration,1,0.0,0.0,0.0,0,0,,,9,3,0,0,0,0,0,0,0,0,0
4258,Pixel Art 1458,7,Decoration,1,0.0,0.0,0.0,0,0,,,9,3,0,0,0,0,0,0,0,0,0
4259,Pixel Art 1459,7,Decoration,1,0.0,0.0,0.0,0,0,,,9,3,0,0,0,0,0,0,0,0,0
4260,Pixel Art 1460,7,Decoration,1,0.0,0.0,0.0,0,0,,,9,3,0,0,0,0,0,0,0,0,0
4261,Pixel Art 1461,7,Decoration,1,0.0,0.0,0.0,0,0,,,9,3,0,0,0,0,0,0,0,0,0
4262,Pixel Art 1462,7,Decoration,1,0.0,0.0,0.0,0,0,,,9,3,0,0,0,0,0,0,0,0,0
4263,Pixel Art 1463,7,Decoration,1,0.0,0.0,0.0,0,0,,,9,3,0,0,0,0,0,0,0,0,0
4264,Pixel Art 1464,7,Decoration,1,0.0,0.0,0.0,0,0,,,9,3,0,0,0,0,0,0,0,0,0
4265,Pixel Art 1465,7,Decoration,1,0.0,0.0,0.0,0,0,,,9,3,0,0,0,0,0,0,0,0,0
4266,Pixel Art 1466,7,Decoration,1,0.0,0.0,0.0,0,0,,,9,3,0,0,0,0,0,0,0,0,0
4267,Pixel Art 1467,7,Decoration,1,0.0,0.0,0.0,0,0,,,9,3,0,0,0,0,0,0,0,0,0
4268,Pixel Art 1468,7,Decoration,1,0.0,0.0,0.0,0,0,,,9,3,0,0,0,0,0,0,0,0,0
4269,Pixel Art 1469,7,Decoration,1,0.0,0.0,0.0,0,0,,,9,3,0,0,0,0,0,0,0,0,0
4270,Pixel Art 1470,7,Decoration,1,0.0,0.0,0.0,0,0,,,9,3,0,0,0,0,0,0,0,0,0
4271,Pixel Art 1471,7,Decoration,1,0.0,0.0,0.0,0,0,,,9,3,0,0,0,0,0,0,0,0,0
4272,Pixel Art 1472,7,Decoration,1,0.0,0.0,0.0,0,0,,,9,3,0,0,0,0,0,0,0,0,0
4273,Pixel Art 1473,7,Decoration,1,0.0,0.0,0.0,0,0,,,9,3,0,0,0,0,0,0,0,0,0
4274,Pixel Art 1474,7,Decoration,1,0.0,0.0,0.0,0,0,,,9,3,0,0,0,0,0,0,0,0,0
4275,Pixel Art 1475,7,Decoration,1,0.0,0.0,0.0,0,0,,,9,3,0,0,0,0,0,0,0,0,0
4276,Pixel Art 1476,7,Decoration,1,0.0,0.0,0.0,0,0,,,9,3,0,0,0,0,0,0,0,0,0
4277,Pixel Art 1477,7,Decoration,1,0.0,0.0,0.0,0,0,,,9,3,0,0,0,0,0,0,0,0,0
4278,Pixel Art 1478,7,Decoration,1,0.0,0.0,0.0,0,0,,,9,3,0,0,0,0,0,0,0,0,0
4279,Pixel Art 1479,7,Decoration,1,0.0,0.0,0.0,0,0,,,9,3,0,0,0,0,0,0,0,0,0
4280,Pixel Art 1480,7,Decoration,1,0.0,0.0,0.0,0,0,,,9,3,0,0,0,0,0,0,0,0,0
4281,Pixel Art 1481,7,Decoration,1,0.0,0.0,0.0,0,0,,,9,3,0,0,0,0,0,0,0,0,0
4282,Pixel Art 1482,7,Decoration,1,0.0,0.0,0.0,0,0,,,9,3,0,0,0,0,0,0,0,0,0
4283,Pixel Art 1483,7,Decoration,1,0.0,0.0,0.0,0,0,,,9,3,0,0,0,0,0,0,0,0,0
4284,Pixel Art 1484,7,Decoration,1,0.0,0.0,0.0,0,0,,,9,3,0,0,0,0,0,0,0,0,0
4285,Pixel Art 1485,7,Decoration,1,0.0,0.0,0.0,0,0,,,9,3,0,0,0,0,0,0,0,0,0
4286,Pixel Art 1486,7,Decoration,1,0.0,0.0,0.0,0,0,,,9,3,0,0,0,0,0,0,0,0,0
4287,Pixel Art 1487,7,Decoration,1,0.0,0.0,0.0,0,0,,,9,3,0,0,0,0,0,0,0,0,0
4288,Pixel Art 1488,7,Decoration,1,0.0,0.0,0.0,0,0,,,9,3,0,0,0,0,0,0,0,0,0
4289,Pixel Art 1489,7,Decoration,1,0.0,0.0,0.0,0,0,,,9,3,0,0,0,0,0,0,0,0,0
4290,Pixel Art 1490,7,Decoration,1,0.0,0.0,0.0,0,0,,,9,3,0,0,0,0,0,0,0,0,0
4291,Pixel Art 1491,7,Decoration,1,0.0,0.0,0.0,0,0,,,9,3,0,0,0,0,0,0,0,0,0
4292,Pixel Art 1492,7,Decoration,1,0.0,0.0,0.0,0,0,,,9,3,0,0,0,0,0,0,0,0,0
4293,Pixel Art 1493,7,Decoration,1,0.0,0.0,0.0,0,0,,,9,3,0,0,0,0,0,0,0,0,0
4294,Pixel Art 1494,7,Decoration,1,0.0,0.0,0.0,0,0,,,9,3,0,0,0,0,0,0,0,0,0
4295,Pixel Art 1495,7,Decoration,1,0.0,0.0,0.0,0,0,,,9,3,0,0,0,0,0,0,0,0,0
4296,Pixel Art 1496,7,Decoration,1,0.0,0.0,0.0,0,0,,,9,3,0,0,0,0,0,0,0,0,0
4297,Pixel Art 1497,7,Decoration,1,0.0,0.0,0.0,0,0,,,9,3,0,0,0,0,0,0,0,0,0
4298,Pixel Art 1498,7,Decoration,1,0.0,0.0,0.0,0,0,,,9,3,0,0,0,0,0,0,0,0,0
4299,Pixel Art 1499,7,Decoration,1,0.0,0.0,0.0,0,0,,,9,3,0,0,0,0,0,0,0,0,0
4300,Pixel Art 1500,0,Solid,0,0.0,0.0,0.0,0,0,,,0,5,0,0,0,0,0,0,1,0,0
4301,Pixel Art 1501,7,Decoration,1,0.0,0.0,0.0,0,0,,,9,3,0,0,0,0,0,0,0,0,0
4302,Pixel Art 1502,7,Decoration,1,0.0,0.0,0.0,0,0,,,9,3,0,0,0,0,0,0,0,0,0
4303,Pixel Art 1503,7,Decoration,1,0.0,0.0,0.0,0,0,,,9,3,0,0,0,0,0,0,0,0,0
4304,Pixel Art 1504,7,Decoration,1,0.0,0.0,0.0,0,0,,,9,3,0,0,0,0,0,0,0,0,0
4305,Pixel Art 1505,7,Decoration,1,0.0,0.0,0.0,0,0,,,9,3,0,0,0,0,0,0,0,0,0
4306,Pixel Art 1506,7,Decoration,1,0.0,0.0,0.0,0,0,,,9,3,0,0,0,0,0,0,0,0,0
4307,Pixel Art 1507,7,Decoration,1,0.0,0.0,0.0,0,0,,,9,3,0,0,0,0,0,0,0,0,0
4308,Pixel Art 1508,7,Decoration,1,0.0,0.0,0.0,0,0,,,9,3,0,0,0,0,0,0,0,0,0
4309,Pixel Art 1509,7,Decoration,1,0.0,0.0,0.0,0,0,,,10,3,0,0,0,0,0,0,0,0,0
4310,Pixel Art 1510,7,Decoration,1,0.0,0.0,0.0,0,0,,,10,3,0,0,0,0,0,0,0,0,0
4311,Pixel Art 1511,7,Decoration,1,0.0,0.0,0.0,0,0,,,10,3,0,0,0,0,0,0,0,0,0
4312,Pixel Art 1512,7,Decoration,1,0.0,0.0,0.0,0,0,,,10,3,0,0,0,0,0,0,0,0,0
4313,Pixel Art 1513,7,Decoration,1,0.0,0.0,0.0,0,0,,,10,3,0,0,0,0,0,0,0,0,0
4314,Pixel Art 1139,7,Decoration,1,0.0,0.0,0.0,0,0,,,9,3,0,0,0,0,0,0,0,0,0
4315,Pixel Art 1515,7,Decoration,1,0.0,0.0,0.0,0,0,,,9,3,0,0,0,0,0,0,0,0,0
4316,Pixel Art 1516,7,Decoration,1,0.0,0.0,0.0,0,0,,,9,3,0,0,0,0,0,0,0,0,0
4317,Pixel Art 1517,7,Decoration,1,0.0,0.0,0.0,0,0,,,9,3,0,0,0,0,0,0,0,0,0
4318,Pixel Art 1518,7,Decoration,1,0.0,0.0,0.0,0,0,,,9,3,0,0,0,0,0,0,0,0,0
4319,Pixel Art 1519,7,Decoration,1,0.0,0.0,0.0,0,0,,,9,3,0,0,0,0,0,0,0,0,0
4320,Pixel Art 1520,7,Decoration,1,0.0,0.0,0.0,0,0,,,10,3,0,0,0,0,0,0,0,0,0
4321,Pixel Art 1521,7,Decoration,1,0.0,0.0,0.0,0,0,,,10,3,0,0,0,0,0,0,0,0,0
4322,Pixel Art 1522,7,Decoration,1,0.0,0.0,0.0,0,0,,,10,3,0,0,0,0,0,0,0,0,0
4323,Pixel Art 1523,7,Decoration,1,0.0,0.0,0.0,0,0,,,9,3,0,0,0,0,0,0,0,0,0
4324,Pixel Art 1524,7,Decoration,1,0.0,0.0,0.0,0,0,,,9,3,0,0,0,0,0,0,0,0,0
4325,Pixel Art 1525,7,Decoration,1,0.0,0.0,0.0,0,0,,,9,3,0,0,0,0,0,0,0,0,0
4326,Pixel Art 1526,7,Decoration,1,0.0,0.0,0.0,0,0,,,9,3,0,0,0,0,0,0,0,0,0
4327,Pixel Art 1527,7,Decoration,1,0.0,0.0,0.0,0,0,,,9,3,0,0,0,0,0,0,0,0,0
4328,Pixel Art 1528,7,Decoration,1,0.0,0.0,0.0,0,0,,,9,3,0,0,0,0,0,0,0,0,0
4329,Pixel Art 1529,7,Decoration,1,0.0,0.0,0.0,0,0,,,10,3,0,0,0,0,0,0,0,0,0
4330,Pixel Art 1530,7,Decoration,1,0.0,0.0,0.0,0,0,,,10,3,0,0,0,0,0,0,0,0,0
4331,Pixel Art 1531,7,Decoration,1,0.0,0.0,0.0,0,0,,,10,3,0,0,0,0,0,0,0,0,0
4332,Pixel Art 1532,7,Decoration,1,0.0,0.0,0.0,0,0,,,9,3,0,0,0,0,0,0,0,0,0
4333,Pixel Art 1533,7,Decoration,1,0.0,0.0,0.0,0,0,,,9,3,0,0,0,0,0,0,0,0,0
4334,Pixel Art 1534,7,Decoration,1,0.0,0.0,0.0,0,0,,,9,3,0,0,0,0,0,0,0,0,0
4335,Pixel Art 1535,7,Decoration,1,0.0,0.0,0.0,0,0,,,9,3,0,0,0,0,0,0,0,0,0
4336,Pixel Art 1536,7,Decoration,1,0.0,0.0,0.0,0,0,,,9,3,0,0,0,0,0,0,0,0,0
4337,Pixel Art 1537,7,Decoration,1,0.0,0.0,0.0,0,0,,,9,3,0,0,0,0,0,0,0,0,0
4338,Pixel Art 1538,7,Decoration,1,0.0,0.0,0.0,0,0,,,9,3,0,0,0,0,0,0,0,0,0
4339,Pixel Art 1539,7,Decoration,1,0.0,0.0,0.0,0,0,,,9,3,0,0,0,0,0,0,0,0,0
4340,Pixel Art 1540,7,Decoration,1,0.0,0.0,0.0,0,0,,,9,3,0,0,0,0,0,0,0,0,0
4341,Pixel Art 1541,7,Decoration,1,0.0,0.0,0.0,0,0,,,9,3,0,0,0,0,0,0,0,0,0
4342,Pixel Art 1542,7,Decoration,1,0.0,0.0,0.0,0,0,,,9,3,0,0,0,0,0,0,0,0,0
4343,Pixel Art 1403,7,Decoration,1,0.0,0.0,0.0,0,0,,,9,3,0,0,0,0,0,0,0,0,0
4344,Pixel Art 1544,7,Decoration,1,0.0,0.0,0.0,0,0,,,9,3,0,0,0,0,0,0,0,0,0
4345,Pixel Art 1545,7,Decoration,1,0.0,0.0,0.0,0,0,,,9,3,0,0,0,0,0,0,0,0,0
4346,Pixel Art 1546,7,Decoration,1,0.0,0.0,0.0,0,0,,,9,3,0,0,0,0,0,0,0,0,0
4347,Pixel Art 1547,7,Decoration,1,0.0,0.0,0.0,0,0,,,9,3,0,0,0,0,0,0,0,0,0
4348,Pixel Art 1548,7,Decoration,1,0.0,0.0,0.0,0,0,,,9,3,0,0,0,0,0,0,0,0,0
4349,Pixel Art 1549,7,Decoration,1,0.0,0.0,0.0,0,0,,,9,3,0,0,0,0,0,0,0,0,0
4350,Pixel Art 1550,7,Decoration,1,0.0,0.0,0.0,0,0,,,9,3,0,0,0,0,0,0,0,0,0
4351,Pixel Art 1551,7,Decoration,1,0.0,0.0,0.0,0,0,,,9,3,0,0,0,0,0,0,0,0,0
4352,Pixel Art 1552,7,Decoration,1,0.0,0.0,0.0,0,0,,,9,3,0,0,0,0,0,0,0,0,0
4353,Pixel Art 1553,7,Decoration,1,0.0,0.0,0.0,0,0,,,9,3,0,0,0,0,0,0,0,0,0
4354,Pixel Art 1554,7,Decoration,1,0.0,0.0,0.0,0,0,,,9,3,0,0,0,0,0,0,0,0,0
4355,Pixel Art 1555,7,Decoration,1,0.0,0.0,0.0,0,0,,,9,3,0,0,0,0,0,0,0,0,0
4356,Pixel Art 1556,7,Decoration,1,0.0,0.0,0.0,0,0,,,9,3,0,0,0,0,0,0,0,0,0
4357,Pixel Art 1557,7,Decoration,1,0.0,0.0,0.0,0,0,,,9,3,0,0,0,0,0,0,0,0,0
4358,Pixel Art 1558,7,Decoration,1,0.0,0.0,0.0,0,0,,,9,3,0,0,0,0,0,0,0,0,0
4359,Pixel Art 1559,7,Decoration,1,0.0,0.0,0.0,0,0,,,9,3,0,0,0,0,0,0,0,0,0
4360,Pixel Art 1560,7,Decoration,1,0.0,0.0,0.0,0,0,,,9,3,0,0,0,0,0,0,0,0,0
4361,Pixel Art 1561,7,Decoration,1,0.0,0.0,0.0,0,0,,,9,3,0,0,0,0,0,0,0,0,0
4362,Pixel Art 1562,7,Decoration,1,0.0,0.0,0.0,0,0,,,9,3,0,0,0,0,0,0,0,0,0
4363,Pixel Art 1563,7,Decoration,1,0.0,0.0,0.0,0,0,,,9,3,0,0,0,0,0,0,0,0,0
4364,Pixel Art 1564,7,Decoration,1,0.0,0.0,0.0,0,0,,,9,3,0,0,0,0,0,0,0,0,0
4365,Pixel Art 1565,7,Decoration,1,0.0,0.0,0.0,0,0,,,9,3,0,0,0,0,0,0,0,0,0
4366,Pixel Art 1566,7,Decoration,1,0.0,0.0,0.0,0,0,,,9,3,0,0,0,0,0,0,0,0,0
4367,Pixel Art 1567,7,Decoration,1,0.0,0.0,0.0,0,0,,,9,3,0,0,0,0,0,0,0,0,0
4368,Pixel Art 1568,7,Decoration,1,0.0,0.0,0.0,0,0,,,9,3,0,0,0,0,0,0,0,0,0
4369,Pixel Art 1569,7,Decoration,1,0.0,0.0,0.0,0,0,,,9,3,0,0,0,0,0,0,0,0,0
4370,Pixel Art 1570,7,Decoration,1,0.0,0.0,0.0,0,0,,,9,3,0,0,0,0,0,0,0,0,0
4371,Pixel Art 1571,7,Decoration,1,0.0,0.0,0.0,0,0,,,9,3,0,0,0,0,0,0,0,0,0
4372,Pixel Art 1572,7,Decoration,1,0.0,0.0,0.0,0,0,,,9,3,0,0,0,0,0,0,0,0,0
4373,Pixel Art 1573,7,Decoration,1,0.0,0.0,0.0,0,0,,,9,3,0,0,0,0,0,0,0,0,0
4374,Pixel Art 1574,7,Decoration,1,0.0,0.0,0.0,0,0,,,9,3,0,0,0,0,0,0,0,0,0
4375,Pixel Art 1575,7,Decoration,1,0.0,0.0,0.0,0,0,,,9,3,0,0,0,0,0,0,0,0,0
4376,Pixel Art 1576,7,Decoration,1,0.0,0.0,0.0,0,0,,,9,3,0,0,0,0,0,0,0,0,0
4377,Pixel Art 1577,7,Decoration,1,0.0,0.0,0.0,0,0,,,9,3,0,0,0,0,0,0,0,0,0
4378,Pixel Art 1578,7,Decoration,1,0.0,0.0,0.0,0,0,,,9,3,0,0,0,0,0,0,0,0,0
4379,Pixel Art 1579,7,Decoration,1,0.0,0.0,0.0,0,0,,,9,3,0,0,0,0,0,0,0,0,0
4380,Pixel Art 1580,7,Decoration,1,0.0,0.0,0.0,0,0,,,9,3,0,0,0,0,0,0,0,0,0
4381,Pixel Art 1581,7,Decoration,1,0.0,0.0,0.0,0,0,,,9,3,0,0,0,0,0,0,0,0,0
4382,Pixel Art 1582,7,Decoration,1,0.0,0.0,0.0,0,0,,,9,3,0,0,0,0,0,0,0,0,0
4383,Pixel Art 1583,7,Decoration,1,0.0,0.0,0.0,0,0,,,9,3,0,0,0,0,0,0,0,0,0
4384,Pixel Art 1584,7,Decoration,1,0.0,0.0,0.0,0,0,,,9,3,0,0,0,0,0,0,0,0,0
4385,Pixel Art 1585,7,Decoration,1,0.0,0.0,0.0,0,0,,,9,3,0,0,0,0,0,0,0,0,0
4386,,7,Decoration,1,0.0,0.0,0.0,0,0,,,9,3,0,0,0,0,0,0,0,0,0
4387,,7,Decoration,1,0.0,0.0,0.0,0,0,,,9,3,0,0,0,0,0,0,0,0,0
4388,,7,Decoration,1,0.0,0.0,0.0,0,0,,,9,3,0,0,0,0,0,0,0,0,0
4389,,7,Decoration,1,0.0,0.0,0.0,0,0,,,9,3,0,0,0,0,0,0,0,0,0
4390,,7,Decoration,1,0.0,0.0,0.0,0,0,,,9,3,0,0,0,0,0,0,0,0,0
4391,,7,Decoration,1,0.0,0.0,0.0,0,0,,,9,3,0,0,0,0,0,0,0,0,0
4392,,7,Decoration,1,0.0,0.0,0.0,0,0,,,9,3,0,0,0,0,0,0,0,0,0
4393,,7,Decoration,1,0.0,0.0,0.0,0,0,,,9,3,0,0,0,0,0,0,0,0,0
4394,,7,Decoration,1,0.0,0.0,0.0,0,0,,,9,3,0,0,0,0,0,0,0,0,0
4395,,7,Decoration,1,0.0,0.0,0.0,0,0,,,9,3,0,0,0,0,0,0,0,0,0
4396,,7,Decoration,1,0.0,0.0,0.0,0,0,,,9,3,0,0,0,0,0,0,0,0,0
4397,,7,Decoration,1,0.0,0.0,0.0,0,0,,,9,3,0,0,0,0,0,0,0,0,0
4398,,7,Decoration,1,0.0,0.0,0.0,0,0,,,9,3,0,0,0,0,0,0,0,0,0
4399,,7,Decoration,1,0.0,0.0,0.0,0,0,,,9,3,0,0,0,0,0,0,0,0,0
4400,,0,Solid,0,0.0,0.0,0.0,0,0,,,0,5,0,0,0,0,0,0,1,0,0
4401,Small Potion Pixel Collectable,30,Collectible,1,30.0,30.0,0.0,0,0,,,9,5,0,0,0,0,0,0,0,0,0
4402,Medium Potion Pixel Collectable,30,Collectible,1,30.0,30.0,0.0,0,0,,,9,5,0,0,0,0,0,0,0,0,0
4403,Large Potion Pixel Collectable,30,Collectible,1,30.0,30.0,0.0,0,0,,,9,5,0,0,0,0,0,0,0,0,0
4404,Diagonal Key Pixel Collectable,30,Collectible,1,30.0,30.0,0.0,0,0,,,9,5,0,0,0,0,0,0,0,0,0
4405,Round Key Pixel Collectable,30,Collectible,1,30.0,30.0,0.0,0,0,,,9,5,0,0,0,0,0,0,0,0,0
4406,Flat Key Pixel Collectable,30,Collectible,1,30.0,30.0,0.0,0,0,,,9,5,0,0,0,0,0,0,0,0,0
4407,Coin Pixel Collectable,30,Collectible,1,30.0,30.0,0.0,0,0,,,9,5,0,0,0,0,0,0,0,0,0
4408,Small Coin Stack Pixel Collectable,30,Collectible,1,30.0,30.0,0.0,0,0,,,9,5,0,0,0,0,0,0,0,0,0
4409,Large Coin Stack Pixel Collectable,30,Collectible,1,30.0,30.0,0.0,0,0,,,9,5,0,0,0,0,0,0,0,0,0
4410,Candy Pixel Collectable,30,Collectible,1,30.0,30.0,0.0,0,0,,,9,5,0,0,0,0,0,0,0,0,0
4411,Mushroom Pixel Collectable,30,Collectible,1,30.0,30.0,0.0,0,0,,,9,5,0,0,0,0,0,0,0,0,0
4412,Bone Pixel Collectable,30,Collectible,1,30.0,30.0,0.0,0,0,,,9,5,0,0,0,0,0,0,0,0,0
4413,Sphere Pixel Collectable,30,Collectible,1,30.0,30.0,0.0,0,0,,,9,5,0,0,0,0,0,0,0,0,0
4414,Ingot Pixel Collectable,30,Collectible,1,30.0,30.0,0.0,0,0,,,9,5,0,0,0,0,0,0,0,0,0
4415,Square Gem Pixel Collectable,30,Collectible,1,30.0,30.0,0.0,0,0,,,9,5,0,0,0,0,0,0,0,0,0
4416,Hexagon Gem Pixel Collectable,30,Collectible,1,30.0,30.0,0.0,0,0,,,9,5,0,0,0,0,0,0,0,0,0
4417,Octagon Gem Pixel Collectable,30,Collectible,1,30.0,30.0,0.0,0,0,,,9,5,0,0,0,0,0,0,0,0,0
4418,Rectangle Gem Pixel Collectable,30,Collectible,1,30.0,30.0,0.0,0,0,,,9,5,0,0,0,0,0,0,0,0,0
4419,Pointy Gem Pixel Collectable,30,Collectible,1,30.0,30.0,0.0,0,0,,,9,5,0,0,0,0,0,0,0,0,0
4420,Diamond Pixel Collectable,30,Collectible,1,30.0,30.0,0.0,0,0,,,9,5,0,0,0,0,0,0,0,0,0
4421,Fish Pixel Collectable,30,Collectible,1,30.0,30.0,0.0,0,0,,,9,5,0,0,0,0,0,0,0,0,0
4422,Rocks Pixel Collectable,30,Collectible,1,30.0,30.0,0.0,0,0,,,9,5,0,0,0,0,0,0,0,0,0
4423,Wood Pixel Collectable,30,Collectible,1,30.0,30.0,0.0,0,0,,,9,5,0,0,0,0,0,0,0,0,0
4424,Egg Pixel Collectable,30,Collectible,1,30.0,30.0,0.0,0,0,,,9,5,0,0,0,0,0,0,0,0,0
4425,Large Heart Pixel Collectable,30,Collectible,1,30.0,30.0,0.0,0,0,,,9,5,0,0,0,0,0,0,0,0,0
4426,Small Heart Pixel Collectable,30,Collectible,1,30.0,30.0,0.0,0,0,,,9,5,0,0,0,0,0,0,0,0,0
4427,Map Pixel Collectable,30,Collectible,1,30.0,30.0,0.0,0,0,,,9,5,0,0,0,0,0,0,0,0,0
4428,Book Pixel Collectable,30,Collectible,1,30.0,30.0,0.0,0,0,,,9,5,0,0,0,0,0,0,0,0,0
4429,Device Pixel Collectable,30,Collectible,1,30.0,30.0,0.0,0,0,,,9,5,0,0,0,0,0,0,0,0,0
4430,Computer Pixel Collectable,30,Collectible,1,30.0,30.0,0.0,0,0,,,9,5,0,0,0,0,0,0,0,0,0
4431,Large Skull Pixel Collectable,30,Collectible,1,30.0,30.0,0.0,0,0,,,9,5,0,0,0,0,0,0,0,0,0
4432,Small Skull Pixel Collectable,30,Collectible,1,30.0,30.0,0.0,0,0,,,9,5,0,0,0,0,0,0,0,0,0
4433,Speech Bubble Pixel Collectable,30,Collectible,1,30.0,30.0,0.0,0,0,,,9,5,0,0,0,0,0,0,0,0,0
4434,Branch Pixel Collectable,30,Collectible,1,30.0,30.0,0.0,0,0,,,9,5,0,0,0,0,0,0,0,0,0
4435,Shard Gem Pixel Collectable,30,Collectible,1,30.0,30.0,0.0,0,0,,,9,5,0,0,0,0,0,0,0,0,0
4436,Eye Pixel Collectable,30,Collectible,1,30.0,30.0,0.0,0,0,,,9,5,0,0,0,0,0,0,0,0,0
4437,Eyeball Pixel Collectable,30,Collectible,1,30.0,30.0,0.0,0,0,,,9,5,0,0,0,0,0,0,0,0,0
4438,Up Arrow Pixel Collectable,30,Collectible,1,30.0,30.0,0.0,0,0,,,9,5,0,0,0,0,0,0,0,0,0
4439,Down Arrow Pixel Collectable,30,Collectible,1,30.0,30.0,0.0,0,0,,,9,5,0,0,0,0,0,0,0,0,0
4440,Lightning Pixel Collectable,30,Collectible,1,30.0,30.0,0.0,0,0,,,9,5,0,0,0,0,0,0,0,0,0
4441,No Symbol Pixel Collectable,30,Collectible,1,30.0,30.0,0.0,0,0,,,9,5,0,0,0,0,0,0,0,0,0
4442,Gear Pixel Collectable,30,Collectible,1,30.0,30.0,0.0,0,0,,,9,5,0,0,0,0,0,0,0,0,0
4443,Plus Pixel Collectable,30,Collectible,1,30.0,30.0,0.0,0,0,,,9,5,0,0,0,0,0,0,0,0,0
4444,Plus Symbols Pixel Collectable,30,Collectible,1,30.0,30.0,0.0,0,0,,,9,5,0,0,0,0,0,0,0,0,0
4445,Pebbles Pixel Collectable,30,Collectible,1,30.0,30.0,0.0,0,0,,,9,5,0,0,0,0,0,0,0,0,0
4446,Present Pixel Collectable,30,Collectible,1,30.0,30.0,0.0,0,0,,,9,5,0,0,0,0,0,0,0,0,0
4447,Chest Pixel Collectable,30,Collectible,1,30.0,30.0,0.0,0,0,,,9,5,0,0,0,0,0,0,0,0,0
4448,Bag Pixel Collectable,30,Collectible,1,30.0,30.0,0.0,0,0,,,9,5,0,0,0,0,0,0,0,0,0
4449,Backpack Pixel Collectable,30,Collectible,1,30.0,30.0,0.0,0,0,,,9,5,0,0,0,0,0,0,0,0,0
4450,Bundle Pixel Collectable,30,Collectible,1,30.0,30.0,0.0,0,0,,,9,5,0,0,0,0,0,0,0,0,0
4451,Ring Pixel Collectable,30,Collectible,1,30.0,30.0,0.0,0,0,,,9,5,0,0,0,0,0,0,0,0,0
4452,Patterned Ring Pixel Collectable,30,Collectible,1,30.0,30.0,0.0,0,0,,,9,5,0,0,0,0,0,0,0,0,0
4453,Gem Ring Pixel Collectable,30,Collectible,1,30.0,30.0,0.0,0,0,,,9,5,0,0,0,0,0,0,0,0,0
4454,Large Necklace Pixel Collectable,30,Collectible,1,30.0,30.0,0.0,0,0,,,9,5,0,0,0,0,0,0,0,0,0
4455,Small Necklace Pixel Collectable,30,Collectible,1,30.0,30.0,0.0,0,0,,,9,5,0,0,0,0,0,0,0,0,0
4456,Shoe Pixel Collectable,30,Collectible,1,30.0,30.0,0.0,0,0,,,9,5,0,0,0,0,0,0,0,0,0
4457,Boot Pixel Collectable,30,Collectible,1,30.0,30.0,0.0,0,0,,,9,5,0,0,0,0,0,0,0,0,0
4458,Pointy Boot Pixel Collectable,30,Collectible,1,30.0,30.0,0.0,0,0,,,9,5,0,0,0,0,0,0,0,0,0
4459,Hat Pixel Collectable,30,Collectible,1,30.0,30.0,0.0,0,0,,,9,5,0,0,0,0,0,0,0,0,0
4460,Pointy Hat Pixel Collectable,30,Collectible,1,30.0,30.0,0.0,0,0,,,9,5,0,0,0,0,0,0,0,0,0
4461,Curly Hat Pixel Collectable,30,Collectible,1,30.0,30.0,0.0,0,0,,,9,5,0,0,0,0,0,0,0,0,0
4462,Helmet 1 Pixel Collectable,30,Collectible,1,30.0,30.0,0.0,0,0,,,9,5,0,0,0,0,0,0,0,0,0
4463,Helmet 2 Pixel Collectable,30,Collectible,1,30.0,30.0,0.0,0,0,,,9,5,0,0,0,0,0,0,0,0,0
4464,Helmet 3 Pixel Collectable,30,Collectible,1,30.0,30.0,0.0,0,0,,,9,5,0,0,0,0,0,0,0,0,0
4465,Mask 1 Pixel Collectable,30,Collectible,1,30.0,30.0,0.0,0,0,,,9,5,0,0,0,0,0,0,0,0,0
4466,Mask 2 Pixel Collectable,30,Collectible,1,30.0,30.0,0.0,0,0,,,9,5,0,0,0,0,0,0,0,0,0
4467,Mask 3 Pixel Collectable,30,Collectible,1,30.0,30.0,0.0,0,0,,,9,5,0,0,0,0,0,0,0,0,0
4468,Round Mask Pixel Collectable,30,Collectible,1,30.0,30.0,0.0,0,0,,,9,5,0,0,0,0,0,0,0,0,0
4469,Horned Round Mask Pixel Collectable,30,Collectible,1,30.0,30.0,0.0,0,0,,,9,5,0,0,0,0,0,0,0,0,0
4470,Small Lab Coat Pixel Collectable,30,Collectible,1,30.0,30.0,0.0,0,0,,,9,5,0,0,0,0,0,0,0,0,0
4471,Large Lab Coat Pixel Collectable,30,Collectible,1,30.0,30.0,0.0,0,0,,,9,5,0,0,0,0,0,0,0,0,0
4472,Armor 1 Pixel Collectable,30,Collectible,1,30.0,30.0,0.0,0,0,,,9,5,0,0,0,0,0,0,0,0,0
4473,Armor 2 Pixel Collectable,30,Collectible,1,30.0,30.0,0.0,0,0,,,9,5,0,0,0,0,0,0,0,0,0
4474,Armor 3 Pixel Collectable,30,Collectible,1,30.0,30.0,0.0,0,0,,,9,5,0,0,0,0,0,0,0,0,0
4475,Armor 4 Pixel Collectable,30,Collectible,1,30.0,30.0,0.0,0,0,,,9,5,0,0,0,0,0,0,0,0,0
4476,Armor 5 Pixel Collectable,30,Collectible,1,30.0,30.0,0.0,0,0,,,9,5,0,0,0,0,0,0,0,0,0
4477,Armor 6 Pixel Collectable,30,Collectible,1,30.0,30.0,0.0,0,0,,,9,5,0,0,0,0,0,0,0,0,0
4478,Shield 1 Pixel Collectable,30,Collectible,1,30.0,30.0,0.0,0,0,,,9,5,0,0,0,0,0,0,0,0,0
4479,Shield 2 Pixel Collectable,30,Collectible,1,30.0,30.0,0.0,0,0,,,9,5,0,0,0,0,0,0,0,0,0
4480,Shield 3 Pixel Collectable,30,Collectible,1,30.0,30.0,0.0,0,0,,,9,5,0,0,0,0,0,0,0,0,0
4481,Shield 4 Pixel Collectable,30,Collectible,1,30.0,30.0,0.0,0,0,,,9,5,0,0,0,0,0,0,0,0,0
4482,Shield 5 Pixel Collectable,30,Collectible,1,30.0,30.0,0.0,0,0,,,9,5,0,0,0,0,0,0,0,0,0
4483,Shield 6 Pixel Collectable,30,Collectible,1,30.0,30.0,0.0,0,0,,,9,5,0,0,0,0,0,0,0,0,0
4484,Shield 7 Pixel Collectable,30,Collectible,1,30.0,30.0,0.0,0,0,,,9,5,0,0,0,0,0,0,0,0,0
4485,Shield 8 Pixel Collectable,30,Collectible,1,30.0,30.0,0.0,0,0,,,9,5,0,0,0,0,0,0,0,0,0
4486,Shield 9 Pixel Collectable,30,Collectible,1,30.0,30.0,0.0,0,0,,,9,5,0,0,0,0,0,0,0,0,0
4487,Sword Pixel Collectable,30,Collectible,1,30.0,30.0,0.0,0,0,,,9,5,0,0,0,0,0,0,0,0,0
4488,Bow Pixel Collectable,30,Collectible,1,30.0,30.0,0.0,0,0,,,9,5,0,0,0,0,0,0,0,0,0
4489,Axe Pixel Collectable,30,Collectible,1,30.0,30.0,0.0,0,0,,,9,5,0,0,0,0,0,0,0,0,0
4490,Spear Pixel Collectable,30,Collectible,1,30.0,30.0,0.0,0,0,,,9,5,0,0,0,0,0,0,0,0,0
4491,Large Staff Pixel Collectable,30,Collectible,1,30.0,30.0,0.0,0,0,,,9,5,0,0,0,0,0,0,0,0,0
4492,Shovel Pixel Collectable,30,Collectible,1,30.0,30.0,0.0,0,0,,,9,5,0,0,0,0,0,0,0,0,0
4493,Pickaxe Pixel Collectable,30,Collectible,1,30.0,30.0,0.0,0,0,,,9,5,0,0,0,0,0,0,0,0,0
4494,Hammer Pixel Collectable,30,Collectible,1,30.0,30.0,0.0,0,0,,,9,5,0,0,0,0,0,0,0,0,0
4495,Hoe Pixel Collectable,30,Collectible,1,30.0,30.0,0.0,0,0,,,9,5,0,0,0,0,0,0,0,0,0
4496,Small Staff Pixel Collectable,30,Collectible,1,30.0,30.0,0.0,0,0,,,9,5,0,0,0,0,0,0,0,0,0
4497,Hook Pixel Collectable,30,Collectible,1,30.0,30.0,0.0,0,0,,,9,5,0,0,0,0,0,0,0,0,0
4498,Exclamation Point Pixel Collectable,30,Collectible,1,30.0,30.0,0.0,0,0,,,9,5,0,0,0,0,0,0,0,0,0
4499,Question Mark Pixel Collectable,30,Collectible,1,30.0,30.0,0.0,0,0,,,9,5,0,0,0,0,0,0,0,0,0
4500,Plus Sign Pixel Collectable,30,Collectible,1,30.0,30.0,0.0,0,0,,,9,5,0,0,0,0,0,0,0,0,0
4501,Minus Sign Pixel Collectable,30,Collectible,1,30.0,30.0,0.0,0,0,,,9,5,0,0,0,0,0,0,0,0,0
4502,Equals Sign Pixel Collectable,30,Collectible,1,30.0,30.0,0.0,0,0,,,9,5,0,0,0,0,0,0,0,0,0
4503,Times Sign Pixel Collectable,30,Collectible,1,30.0,30.0,0.0,0,0,,,9,5,0,0,0,0,0,0,0,0,0
4504,Division Sign Pixel Collectable,30,Collectible,1,30.0,30.0,0.0,0,0,,,9,5,0,0,0,0,0,0,0,0,0
4505,Numeral 0 Pixel Collectable,30,Collectible,1,30.0,30.0,0.0,0,0,,,9,5,0,0,0,0,0,0,0,0,0
4506,Numeral 1 Pixel Collectable,30,Collectible,1,30.0,30.0,0.0,0,0,,,9,5,0,0,0,0,0,0,0,0,0
4507,Numeral 2 Pixel Collectable,30,Collectible,1,30.0,30.0,0.0,0,0,,,9,5,0,0,0,0,0,0,0,0,0
4508,Numeral 3 Pixel Collectable,30,Collectible,1,30.0,30.0,0.0,0,0,,,9,5,0,0,0,0,0,0,0,0,0
4509,Numeral 4 Pixel Collectable,30,Collectible,1,30.0,30.0,0.0,0,0,,,9,5,0,0,0,0,0,0,0,0,0
4510,Numeral 5 Pixel Collectable,30,Collectible,1,30.0,30.0,0.0,0,0,,,9,5,0,0,0,0,0,0,0,0,0
4511,Numeral 6 Pixel Collectable,30,Collectible,1,30.0,30.0,0.0,0,0,,,9,5,0,0,0,0,0,0,0,0,0
4512,Numeral 7 Pixel Collectable,30,Collectible,1,30.0,30.0,0.0,0,0,,,9,5,0,0,0,0,0,0,0,0,0
4513,Numeral 8 Pixel Collectable,30,Collectible,1,30.0,30.0,0.0,0,0,,,9,5,0,0,0,0,0,0,0,0,0
4514,Numeral 9 Pixel Collectable,30,Collectible,1,30.0,30.0,0.0,0,0,,,9,5,0,0,0,0,0,0,0,0,0
4515,Animal Skull Pixel Collectable,30,Collectible,1,30.0,30.0,0.0,0,0,,,9,5,0,0,0,0,0,0,0,0,0
4516,Cracked Skull Pixel Collectable,30,Collectible,1,30.0,30.0,0.0,0,0,,,9,5,0,0,0,0,0,0,0,0,0
4517,Small Bone Pixel Collectable,30,Collectible,1,30.0,30.0,0.0,0,0,,,9,5,0,0,0,0,0,0,0,0,0
4518,Large Key Pixel Collectable,30,Collectible,1,30.0,30.0,0.0,0,0,,,9,5,0,0,0,0,0,0,0,0,0
4519,Keyhole Chest Pixel Collectable,30,Collectible,1,30.0,30.0,0.0,0,0,,,9,5,0,0,0,0,0,0,0,0,0
4520,Bread Pixel Collectable,30,Collectible,1,30.0,30.0,0.0,0,0,,,9,5,0,0,0,0,0,0,0,0,0
4521,Small Diamond Pixel Collectable,30,Collectible,1,30.0,30.0,0.0,0,0,,,9,5,0,0,0,0,0,0,0,0,0
4522,Cloak Pixel Collectable,30,Collectible,1,30.0,30.0,0.0,0,0,,,9,5,0,0,0,0,0,0,0,0,0
4523,Scroll Pixel Collectable,30,Collectible,1,30.0,30.0,0.0,0,0,,,9,5,0,0,0,0,0,0,0,0,0
4524,Banner Pixel Collectable,30,Collectible,1,30.0,30.0,0.0,0,0,,,9,5,0,0,0,0,0,0,0,0,0
4525,Bomb Pixel Collectable,30,Collectible,1,30.0,30.0,0.0,0,0,,,9,5,0,0,0,0,0,0,0,0,0
4526,Metal Nugget Pixel Collectable,30,Collectible,1,30.0,30.0,0.0,0,0,,,9,5,0,0,0,0,0,0,0,0,0
4527,Small Arrow Pixel Collectable,30,Collectible,1,30.0,30.0,0.0,0,0,,,9,5,0,0,0,0,0,0,0,0,0
4528,Large Arrow Pixel Collectable,30,Collectible,1,30.0,30.0,0.0,0,0,,,9,5,0,0,0,0,0,0,0,0,0
4529,Cheese Pixel Collectable,30,Collectible,1,30.0,30.0,0.0,0,0,,,9,5,0,0,0,0,0,0,0,0,0
4530,Apple Pixel Collectable,30,Collectible,1,30.0,30.0,0.0,0,0,,,9,5,0,0,0,0,0,0,0,0,0
4531,Carrot Pixel Collectable,30,Collectible,1,30.0,30.0,0.0,0,0,,,9,5,0,0,0,0,0,0,0,0,0
4532,Steak Pixel Collectable,30,Collectible,1,30.0,30.0,0.0,0,0,,,9,5,0,0,0,0,0,0,0,0,0
4533,Fire Pixel Collectable,30,Collectible,1,30.0,30.0,0.0,0,0,,,9,5,0,0,0,0,0,0,0,0,0
4534,Wave Pixel Collectable,30,Collectible,1,30.0,30.0,0.0,0,0,,,9,5,0,0,0,0,0,0,0,0,0
4535,Spike Pixel Collectable,30,Collectible,1,30.0,30.0,0.0,0,0,,,9,5,0,0,0,0,0,0,0,0,0
4536,Cauldron Pixel Collectable,30,Collectible,1,30.0,30.0,0.0,0,0,,,9,5,0,0,0,0,0,0,0,0,0
4537,Fishing Rod Pixel Collectable,30,Collectible,1,30.0,30.0,0.0,0,0,,,9,5,0,0,0,0,0,0,0,0,0
4538,Pointy Bow Pixel Collectable,30,Collectible,1,30.0,30.0,0.0,0,0,,,9,5,0,0,0,0,0,0,0,0,0
4539,Floppy Disk Pixel Collectable,30,Collectible,1,30.0,30.0,0.0,0,0,,,9,5,0,0,0,0,0,0,0,0,0
